date,day_of_week,month,city,category,demand_units,unit_price,warehouse,stock_available,lead_time_days
2024-01-01,0,1,Mumbai,Electronics,70,8500,Warehouse_West,271,1
2024-01-01,0,1,Mumbai,Groceries,295,150,Warehouse_North,814,2
2024-01-01,0,1,Mumbai,Clothing,123,800,Warehouse_West,861,1
2024-01-01,0,1,Mumbai,Furniture,33,12000,Warehouse_South,543,4
2024-01-01,0,1,Mumbai,Medicines,225,200,Warehouse_West,881,4
2024-01-01,0,1,Delhi,Electronics,60,8500,Warehouse_West,389,2
2024-01-01,0,1,Delhi,Groceries,261,150,Warehouse_West,443,4
2024-01-01,0,1,Delhi,Clothing,119,800,Warehouse_North,330,1
2024-01-01,0,1,Delhi,Furniture,24,12000,Warehouse_West,473,4
2024-01-01,0,1,Delhi,Medicines,218,200,Warehouse_North,515,2
2024-01-01,0,1,Bangalore,Electronics,54,8500,Warehouse_North,539,4
2024-01-01,0,1,Bangalore,Groceries,288,150,Warehouse_West,654,4
2024-01-01,0,1,Bangalore,Clothing,97,800,Warehouse_South,280,4
2024-01-01,0,1,Bangalore,Furniture,25,12000,Warehouse_South,587,2
2024-01-01,0,1,Bangalore,Medicines,163,200,Warehouse_South,676,3
2024-01-01,0,1,Chennai,Electronics,47,8500,Warehouse_South,929,4
2024-01-01,0,1,Chennai,Groceries,242,150,Warehouse_South,926,4
2024-01-01,0,1,Chennai,Clothing,90,800,Warehouse_North,901,4
2024-01-01,0,1,Chennai,Furniture,23,12000,Warehouse_West,252,4
2024-01-01,0,1,Chennai,Medicines,179,200,Warehouse_South,416,4
2024-01-01,0,1,Pune,Electronics,34,8500,Warehouse_North,214,1
2024-01-01,0,1,Pune,Groceries,221,150,Warehouse_North,720,4
2024-01-01,0,1,Pune,Clothing,61,800,Warehouse_West,338,3
2024-01-01,0,1,Pune,Furniture,17,12000,Warehouse_North,591,3
2024-01-01,0,1,Pune,Medicines,160,200,Warehouse_South,430,2
2024-01-01,0,1,Hyderabad,Electronics,53,8500,Warehouse_North,227,3
2024-01-01,0,1,Hyderabad,Groceries,194,150,Warehouse_North,247,3
2024-01-01,0,1,Hyderabad,Clothing,93,800,Warehouse_West,773,4
2024-01-01,0,1,Hyderabad,Furniture,22,12000,Warehouse_South,746,1
2024-01-01,0,1,Hyderabad,Medicines,188,200,Warehouse_West,812,3
2024-01-02,1,1,Mumbai,Electronics,74,8500,Warehouse_South,702,3
2024-01-02,1,1,Mumbai,Groceries,323,150,Warehouse_South,994,1
2024-01-02,1,1,Mumbai,Clothing,112,800,Warehouse_North,890,3
2024-01-02,1,1,Mumbai,Furniture,30,12000,Warehouse_West,440,4
2024-01-02,1,1,Mumbai,Medicines,265,200,Warehouse_North,606,3
2024-01-02,1,1,Delhi,Electronics,66,8500,Warehouse_North,854,3
2024-01-02,1,1,Delhi,Groceries,328,150,Warehouse_South,881,1
2024-01-02,1,1,Delhi,Clothing,121,800,Warehouse_South,845,4
2024-01-02,1,1,Delhi,Furniture,26,12000,Warehouse_South,530,4
2024-01-02,1,1,Delhi,Medicines,221,200,Warehouse_South,547,1
2024-01-02,1,1,Bangalore,Electronics,53,8500,Warehouse_North,482,2
2024-01-02,1,1,Bangalore,Groceries,250,150,Warehouse_North,827,1
2024-01-02,1,1,Bangalore,Clothing,72,800,Warehouse_North,424,3
2024-01-02,1,1,Bangalore,Furniture,27,12000,Warehouse_South,883,4
2024-01-02,1,1,Bangalore,Medicines,191,200,Warehouse_North,891,1
2024-01-02,1,1,Chennai,Electronics,52,8500,Warehouse_South,696,2
2024-01-02,1,1,Chennai,Groceries,162,150,Warehouse_North,280,3
2024-01-02,1,1,Chennai,Clothing,87,800,Warehouse_North,201,2
2024-01-02,1,1,Chennai,Furniture,20,12000,Warehouse_North,584,3
2024-01-02,1,1,Chennai,Medicines,163,200,Warehouse_South,329,1
2024-01-02,1,1,Pune,Electronics,47,8500,Warehouse_West,638,3
2024-01-02,1,1,Pune,Groceries,199,150,Warehouse_West,600,3
2024-01-02,1,1,Pune,Clothing,78,800,Warehouse_South,397,2
2024-01-02,1,1,Pune,Furniture,24,12000,Warehouse_West,710,4
2024-01-02,1,1,Pune,Medicines,140,200,Warehouse_West,525,4
2024-01-02,1,1,Hyderabad,Electronics,47,8500,Warehouse_North,970,4
2024-01-02,1,1,Hyderabad,Groceries,167,150,Warehouse_South,710,3
2024-01-02,1,1,Hyderabad,Clothing,71,800,Warehouse_West,688,1
2024-01-02,1,1,Hyderabad,Furniture,21,12000,Warehouse_North,978,4
2024-01-02,1,1,Hyderabad,Medicines,94,200,Warehouse_North,672,2
2024-01-03,2,1,Mumbai,Electronics,72,8500,Warehouse_South,823,1
2024-01-03,2,1,Mumbai,Groceries,263,150,Warehouse_North,201,1
2024-01-03,2,1,Mumbai,Clothing,123,800,Warehouse_North,432,3
2024-01-03,2,1,Mumbai,Furniture,32,12000,Warehouse_West,407,3
2024-01-03,2,1,Mumbai,Medicines,218,200,Warehouse_North,827,3
2024-01-03,2,1,Delhi,Electronics,70,8500,Warehouse_North,619,2
2024-01-03,2,1,Delhi,Groceries,305,150,Warehouse_South,672,3
2024-01-03,2,1,Delhi,Clothing,133,800,Warehouse_North,537,2
2024-01-03,2,1,Delhi,Furniture,31,12000,Warehouse_North,360,4
2024-01-03,2,1,Delhi,Medicines,239,200,Warehouse_North,597,1
2024-01-03,2,1,Bangalore,Electronics,55,8500,Warehouse_West,394,1
2024-01-03,2,1,Bangalore,Groceries,226,150,Warehouse_North,887,4
2024-01-03,2,1,Bangalore,Clothing,131,800,Warehouse_South,949,2
2024-01-03,2,1,Bangalore,Furniture,26,12000,Warehouse_South,429,1
2024-01-03,2,1,Bangalore,Medicines,215,200,Warehouse_West,425,1
2024-01-03,2,1,Chennai,Electronics,49,8500,Warehouse_South,808,4
2024-01-03,2,1,Chennai,Groceries,245,150,Warehouse_North,858,4
2024-01-03,2,1,Chennai,Clothing,92,800,Warehouse_West,391,1
2024-01-03,2,1,Chennai,Furniture,16,12000,Warehouse_South,298,4
2024-01-03,2,1,Chennai,Medicines,159,200,Warehouse_North,236,4
2024-01-03,2,1,Pune,Electronics,49,8500,Warehouse_West,298,4
2024-01-03,2,1,Pune,Groceries,141,150,Warehouse_North,315,3
2024-01-03,2,1,Pune,Clothing,68,800,Warehouse_North,455,3
2024-01-03,2,1,Pune,Furniture,18,12000,Warehouse_South,992,2
2024-01-03,2,1,Pune,Medicines,153,200,Warehouse_South,991,2
2024-01-03,2,1,Hyderabad,Electronics,47,8500,Warehouse_West,862,2
2024-01-03,2,1,Hyderabad,Groceries,174,150,Warehouse_South,984,4
2024-01-03,2,1,Hyderabad,Clothing,67,800,Warehouse_North,592,3
2024-01-03,2,1,Hyderabad,Furniture,21,12000,Warehouse_South,958,2
2024-01-03,2,1,Hyderabad,Medicines,190,200,Warehouse_West,607,1
2024-01-04,3,1,Mumbai,Electronics,59,8500,Warehouse_South,599,2
2024-01-04,3,1,Mumbai,Groceries,314,150,Warehouse_West,670,3
2024-01-04,3,1,Mumbai,Clothing,110,800,Warehouse_West,250,1
2024-01-04,3,1,Mumbai,Furniture,29,12000,Warehouse_South,774,2
2024-01-04,3,1,Mumbai,Medicines,240,200,Warehouse_South,504,4
2024-01-04,3,1,Delhi,Electronics,52,8500,Warehouse_South,982,2
2024-01-04,3,1,Delhi,Groceries,220,150,Warehouse_North,771,4
2024-01-04,3,1,Delhi,Clothing,117,800,Warehouse_North,302,4
2024-01-04,3,1,Delhi,Furniture,26,12000,Warehouse_South,246,3
2024-01-04,3,1,Delhi,Medicines,219,200,Warehouse_West,855,1
2024-01-04,3,1,Bangalore,Electronics,57,8500,Warehouse_West,803,2
2024-01-04,3,1,Bangalore,Groceries,245,150,Warehouse_West,545,1
2024-01-04,3,1,Bangalore,Clothing,125,800,Warehouse_North,257,2
2024-01-04,3,1,Bangalore,Furniture,23,12000,Warehouse_North,950,2
2024-01-04,3,1,Bangalore,Medicines,187,200,Warehouse_North,687,1
2024-01-04,3,1,Chennai,Electronics,48,8500,Warehouse_North,471,1
2024-01-04,3,1,Chennai,Groceries,231,150,Warehouse_South,446,3
2024-01-04,3,1,Chennai,Clothing,107,800,Warehouse_South,855,3
2024-01-04,3,1,Chennai,Furniture,21,12000,Warehouse_South,673,4
2024-01-04,3,1,Chennai,Medicines,207,200,Warehouse_North,750,4
2024-01-04,3,1,Pune,Electronics,43,8500,Warehouse_West,961,2
2024-01-04,3,1,Pune,Groceries,162,150,Warehouse_South,299,2
2024-01-04,3,1,Pune,Clothing,80,800,Warehouse_North,715,4
2024-01-04,3,1,Pune,Furniture,22,12000,Warehouse_West,457,1
2024-01-04,3,1,Pune,Medicines,157,200,Warehouse_South,874,4
2024-01-04,3,1,Hyderabad,Electronics,51,8500,Warehouse_North,890,3
2024-01-04,3,1,Hyderabad,Groceries,195,150,Warehouse_North,367,2
2024-01-04,3,1,Hyderabad,Clothing,87,800,Warehouse_West,755,1
2024-01-04,3,1,Hyderabad,Furniture,18,12000,Warehouse_North,801,2
2024-01-04,3,1,Hyderabad,Medicines,154,200,Warehouse_South,314,1
2024-01-05,4,1,Mumbai,Electronics,80,8500,Warehouse_South,692,3
2024-01-05,4,1,Mumbai,Groceries,298,150,Warehouse_North,575,4
2024-01-05,4,1,Mumbai,Clothing,125,800,Warehouse_South,656,4
2024-01-05,4,1,Mumbai,Furniture,29,12000,Warehouse_West,888,3
2024-01-05,4,1,Mumbai,Medicines,184,200,Warehouse_West,295,4
2024-01-05,4,1,Delhi,Electronics,54,8500,Warehouse_West,389,4
2024-01-05,4,1,Delhi,Groceries,273,150,Warehouse_North,478,1
2024-01-05,4,1,Delhi,Clothing,125,800,Warehouse_West,997,1
2024-01-05,4,1,Delhi,Furniture,27,12000,Warehouse_North,541,1
2024-01-05,4,1,Delhi,Medicines,283,200,Warehouse_West,218,1
2024-01-05,4,1,Bangalore,Electronics,55,8500,Warehouse_South,934,4
2024-01-05,4,1,Bangalore,Groceries,289,150,Warehouse_West,705,3
2024-01-05,4,1,Bangalore,Clothing,117,800,Warehouse_North,683,1
2024-01-05,4,1,Bangalore,Furniture,32,12000,Warehouse_West,343,1
2024-01-05,4,1,Bangalore,Medicines,235,200,Warehouse_West,787,1
2024-01-05,4,1,Chennai,Electronics,52,8500,Warehouse_South,691,1
2024-01-05,4,1,Chennai,Groceries,207,150,Warehouse_South,994,2
2024-01-05,4,1,Chennai,Clothing,90,800,Warehouse_South,716,1
2024-01-05,4,1,Chennai,Furniture,17,12000,Warehouse_North,710,3
2024-01-05,4,1,Chennai,Medicines,133,200,Warehouse_North,500,4
2024-01-05,4,1,Pune,Electronics,53,8500,Warehouse_West,644,4
2024-01-05,4,1,Pune,Groceries,171,150,Warehouse_South,366,3
2024-01-05,4,1,Pune,Clothing,70,800,Warehouse_South,650,1
2024-01-05,4,1,Pune,Furniture,16,12000,Warehouse_North,953,4
2024-01-05,4,1,Pune,Medicines,185,200,Warehouse_North,560,3
2024-01-05,4,1,Hyderabad,Electronics,48,8500,Warehouse_North,586,1
2024-01-05,4,1,Hyderabad,Groceries,183,150,Warehouse_North,608,4
2024-01-05,4,1,Hyderabad,Clothing,62,800,Warehouse_North,316,2
2024-01-05,4,1,Hyderabad,Furniture,14,12000,Warehouse_South,412,3
2024-01-05,4,1,Hyderabad,Medicines,163,200,Warehouse_North,875,3
2024-01-06,5,1,Mumbai,Electronics,91,8500,Warehouse_West,432,1
2024-01-06,5,1,Mumbai,Groceries,426,150,Warehouse_South,342,3
2024-01-06,5,1,Mumbai,Clothing,185,800,Warehouse_West,211,2
2024-01-06,5,1,Mumbai,Furniture,39,12000,Warehouse_South,607,4
2024-01-06,5,1,Mumbai,Medicines,292,200,Warehouse_South,847,2
2024-01-06,5,1,Delhi,Electronics,84,8500,Warehouse_South,739,4
2024-01-06,5,1,Delhi,Groceries,352,150,Warehouse_West,701,3
2024-01-06,5,1,Delhi,Clothing,147,800,Warehouse_North,400,1
2024-01-06,5,1,Delhi,Furniture,44,12000,Warehouse_North,757,3
2024-01-06,5,1,Delhi,Medicines,260,200,Warehouse_North,589,2
2024-01-06,5,1,Bangalore,Electronics,93,8500,Warehouse_North,649,2
2024-01-06,5,1,Bangalore,Groceries,312,150,Warehouse_South,441,3
2024-01-06,5,1,Bangalore,Clothing,159,800,Warehouse_West,376,3
2024-01-06,5,1,Bangalore,Furniture,34,12000,Warehouse_North,481,3
2024-01-06,5,1,Bangalore,Medicines,298,200,Warehouse_North,660,1
2024-01-06,5,1,Chennai,Electronics,66,8500,Warehouse_South,304,3
2024-01-06,5,1,Chennai,Groceries,314,150,Warehouse_North,844,2
2024-01-06,5,1,Chennai,Clothing,117,800,Warehouse_West,636,3
2024-01-06,5,1,Chennai,Furniture,29,12000,Warehouse_South,656,2
2024-01-06,5,1,Chennai,Medicines,245,200,Warehouse_North,250,1
2024-01-06,5,1,Pune,Electronics,53,8500,Warehouse_North,687,4
2024-01-06,5,1,Pune,Groceries,296,150,Warehouse_South,547,3
2024-01-06,5,1,Pune,Clothing,115,800,Warehouse_South,637,2
2024-01-06,5,1,Pune,Furniture,25,12000,Warehouse_West,505,4
2024-01-06,5,1,Pune,Medicines,197,200,Warehouse_West,406,1
2024-01-06,5,1,Hyderabad,Electronics,80,8500,Warehouse_North,777,3
2024-01-06,5,1,Hyderabad,Groceries,266,150,Warehouse_South,505,2
2024-01-06,5,1,Hyderabad,Clothing,107,800,Warehouse_South,997,3
2024-01-06,5,1,Hyderabad,Furniture,30,12000,Warehouse_North,365,1
2024-01-06,5,1,Hyderabad,Medicines,206,200,Warehouse_West,741,3
2024-01-07,6,1,Mumbai,Electronics,107,8500,Warehouse_North,337,4
2024-01-07,6,1,Mumbai,Groceries,426,150,Warehouse_North,529,1
2024-01-07,6,1,Mumbai,Clothing,164,800,Warehouse_South,973,1
2024-01-07,6,1,Mumbai,Furniture,37,12000,Warehouse_South,404,2
2024-01-07,6,1,Mumbai,Medicines,285,200,Warehouse_West,310,1
2024-01-07,6,1,Delhi,Electronics,92,8500,Warehouse_West,382,4
2024-01-07,6,1,Delhi,Groceries,358,150,Warehouse_North,394,4
2024-01-07,6,1,Delhi,Clothing,162,800,Warehouse_West,866,1
2024-01-07,6,1,Delhi,Furniture,39,12000,Warehouse_West,602,1
2024-01-07,6,1,Delhi,Medicines,301,200,Warehouse_North,665,4
2024-01-07,6,1,Bangalore,Electronics,80,8500,Warehouse_South,712,1
2024-01-07,6,1,Bangalore,Groceries,361,150,Warehouse_North,723,2
2024-01-07,6,1,Bangalore,Clothing,130,800,Warehouse_South,448,3
2024-01-07,6,1,Bangalore,Furniture,32,12000,Warehouse_North,413,3
2024-01-07,6,1,Bangalore,Medicines,245,200,Warehouse_North,536,2
2024-01-07,6,1,Chennai,Electronics,69,8500,Warehouse_North,207,1
2024-01-07,6,1,Chennai,Groceries,313,150,Warehouse_West,838,4
2024-01-07,6,1,Chennai,Clothing,123,800,Warehouse_South,725,2
2024-01-07,6,1,Chennai,Furniture,31,12000,Warehouse_South,564,2
2024-01-07,6,1,Chennai,Medicines,266,200,Warehouse_South,898,4
2024-01-07,6,1,Pune,Electronics,65,8500,Warehouse_West,949,3
2024-01-07,6,1,Pune,Groceries,256,150,Warehouse_West,707,1
2024-01-07,6,1,Pune,Clothing,107,800,Warehouse_West,214,4
2024-01-07,6,1,Pune,Furniture,30,12000,Warehouse_North,830,1
2024-01-07,6,1,Pune,Medicines,215,200,Warehouse_North,430,2
2024-01-07,6,1,Hyderabad,Electronics,54,8500,Warehouse_South,325,4
2024-01-07,6,1,Hyderabad,Groceries,258,150,Warehouse_North,779,2
2024-01-07,6,1,Hyderabad,Clothing,97,800,Warehouse_West,432,1
2024-01-07,6,1,Hyderabad,Furniture,35,12000,Warehouse_South,233,3
2024-01-07,6,1,Hyderabad,Medicines,195,200,Warehouse_North,947,3
2024-01-08,0,1,Mumbai,Electronics,57,8500,Warehouse_South,519,2
2024-01-08,0,1,Mumbai,Groceries,265,150,Warehouse_West,514,1
2024-01-08,0,1,Mumbai,Clothing,125,800,Warehouse_North,861,1
2024-01-08,0,1,Mumbai,Furniture,29,12000,Warehouse_South,781,3
2024-01-08,0,1,Mumbai,Medicines,251,200,Warehouse_South,549,3
2024-01-08,0,1,Delhi,Electronics,62,8500,Warehouse_West,336,3
2024-01-08,0,1,Delhi,Groceries,285,150,Warehouse_West,203,3
2024-01-08,0,1,Delhi,Clothing,122,800,Warehouse_South,317,1
2024-01-08,0,1,Delhi,Furniture,33,12000,Warehouse_South,640,2
2024-01-08,0,1,Delhi,Medicines,208,200,Warehouse_West,914,4
2024-01-08,0,1,Bangalore,Electronics,66,8500,Warehouse_North,525,2
2024-01-08,0,1,Bangalore,Groceries,257,150,Warehouse_South,986,4
2024-01-08,0,1,Bangalore,Clothing,84,800,Warehouse_West,200,2
2024-01-08,0,1,Bangalore,Furniture,26,12000,Warehouse_South,519,2
2024-01-08,0,1,Bangalore,Medicines,169,200,Warehouse_North,458,1
2024-01-08,0,1,Chennai,Electronics,51,8500,Warehouse_South,889,4
2024-01-08,0,1,Chennai,Groceries,201,150,Warehouse_North,528,1
2024-01-08,0,1,Chennai,Clothing,97,800,Warehouse_North,749,3
2024-01-08,0,1,Chennai,Furniture,21,12000,Warehouse_North,517,4
2024-01-08,0,1,Chennai,Medicines,168,200,Warehouse_South,533,1
2024-01-08,0,1,Pune,Electronics,46,8500,Warehouse_West,746,1
2024-01-08,0,1,Pune,Groceries,202,150,Warehouse_South,771,4
2024-01-08,0,1,Pune,Clothing,86,800,Warehouse_North,469,4
2024-01-08,0,1,Pune,Furniture,21,12000,Warehouse_South,490,1
2024-01-08,0,1,Pune,Medicines,137,200,Warehouse_South,609,2
2024-01-08,0,1,Hyderabad,Electronics,40,8500,Warehouse_North,948,2
2024-01-08,0,1,Hyderabad,Groceries,236,150,Warehouse_West,815,2
2024-01-08,0,1,Hyderabad,Clothing,75,800,Warehouse_West,836,2
2024-01-08,0,1,Hyderabad,Furniture,13,12000,Warehouse_North,864,1
2024-01-08,0,1,Hyderabad,Medicines,183,200,Warehouse_North,702,2
2024-01-09,1,1,Mumbai,Electronics,73,8500,Warehouse_West,238,3
2024-01-09,1,1,Mumbai,Groceries,302,150,Warehouse_South,845,3
2024-01-09,1,1,Mumbai,Clothing,102,800,Warehouse_West,822,1
2024-01-09,1,1,Mumbai,Furniture,33,12000,Warehouse_North,677,3
2024-01-09,1,1,Mumbai,Medicines,243,200,Warehouse_West,488,2
2024-01-09,1,1,Delhi,Electronics,69,8500,Warehouse_South,721,1
2024-01-09,1,1,Delhi,Groceries,269,150,Warehouse_South,358,3
2024-01-09,1,1,Delhi,Clothing,121,800,Warehouse_North,415,4
2024-01-09,1,1,Delhi,Furniture,31,12000,Warehouse_North,356,3
2024-01-09,1,1,Delhi,Medicines,199,200,Warehouse_North,329,3
2024-01-09,1,1,Bangalore,Electronics,67,8500,Warehouse_South,482,1
2024-01-09,1,1,Bangalore,Groceries,290,150,Warehouse_West,453,2
2024-01-09,1,1,Bangalore,Clothing,89,800,Warehouse_West,545,2
2024-01-09,1,1,Bangalore,Furniture,23,12000,Warehouse_West,595,2
2024-01-09,1,1,Bangalore,Medicines,199,200,Warehouse_North,822,4
2024-01-09,1,1,Chennai,Electronics,67,8500,Warehouse_West,659,4
2024-01-09,1,1,Chennai,Groceries,273,150,Warehouse_North,326,2
2024-01-09,1,1,Chennai,Clothing,95,800,Warehouse_North,803,3
2024-01-09,1,1,Chennai,Furniture,17,12000,Warehouse_North,661,4
2024-01-09,1,1,Chennai,Medicines,207,200,Warehouse_North,925,3
2024-01-09,1,1,Pune,Electronics,38,8500,Warehouse_North,545,2
2024-01-09,1,1,Pune,Groceries,196,150,Warehouse_South,200,3
2024-01-09,1,1,Pune,Clothing,67,800,Warehouse_West,860,3
2024-01-09,1,1,Pune,Furniture,17,12000,Warehouse_North,508,1
2024-01-09,1,1,Pune,Medicines,163,200,Warehouse_South,774,4
2024-01-09,1,1,Hyderabad,Electronics,40,8500,Warehouse_North,801,3
2024-01-09,1,1,Hyderabad,Groceries,198,150,Warehouse_West,617,3
2024-01-09,1,1,Hyderabad,Clothing,89,800,Warehouse_North,839,3
2024-01-09,1,1,Hyderabad,Furniture,21,12000,Warehouse_South,700,4
2024-01-09,1,1,Hyderabad,Medicines,115,200,Warehouse_North,376,1
2024-01-10,2,1,Mumbai,Electronics,79,8500,Warehouse_South,668,1
2024-01-10,2,1,Mumbai,Groceries,333,150,Warehouse_West,283,1
2024-01-10,2,1,Mumbai,Clothing,116,800,Warehouse_West,900,4
2024-01-10,2,1,Mumbai,Furniture,26,12000,Warehouse_North,526,1
2024-01-10,2,1,Mumbai,Medicines,205,200,Warehouse_West,922,2
2024-01-10,2,1,Delhi,Electronics,52,8500,Warehouse_South,484,1
2024-01-10,2,1,Delhi,Groceries,279,150,Warehouse_West,217,1
2024-01-10,2,1,Delhi,Clothing,105,800,Warehouse_South,570,3
2024-01-10,2,1,Delhi,Furniture,35,12000,Warehouse_North,313,2
2024-01-10,2,1,Delhi,Medicines,253,200,Warehouse_South,843,1
2024-01-10,2,1,Bangalore,Electronics,54,8500,Warehouse_West,999,2
2024-01-10,2,1,Bangalore,Groceries,253,150,Warehouse_South,361,4
2024-01-10,2,1,Bangalore,Clothing,118,800,Warehouse_West,642,3
2024-01-10,2,1,Bangalore,Furniture,19,12000,Warehouse_North,527,2
2024-01-10,2,1,Bangalore,Medicines,213,200,Warehouse_West,808,4
2024-01-10,2,1,Chennai,Electronics,36,8500,Warehouse_West,463,2
2024-01-10,2,1,Chennai,Groceries,257,150,Warehouse_North,381,1
2024-01-10,2,1,Chennai,Clothing,93,800,Warehouse_South,934,3
2024-01-10,2,1,Chennai,Furniture,16,12000,Warehouse_South,908,4
2024-01-10,2,1,Chennai,Medicines,204,200,Warehouse_West,945,3
2024-01-10,2,1,Pune,Electronics,53,8500,Warehouse_North,455,2
2024-01-10,2,1,Pune,Groceries,147,150,Warehouse_North,425,1
2024-01-10,2,1,Pune,Clothing,82,800,Warehouse_South,563,4
2024-01-10,2,1,Pune,Furniture,19,12000,Warehouse_North,913,2
2024-01-10,2,1,Pune,Medicines,171,200,Warehouse_North,314,1
2024-01-10,2,1,Hyderabad,Electronics,44,8500,Warehouse_South,720,4
2024-01-10,2,1,Hyderabad,Groceries,176,150,Warehouse_North,957,2
2024-01-10,2,1,Hyderabad,Clothing,99,800,Warehouse_West,693,4
2024-01-10,2,1,Hyderabad,Furniture,23,12000,Warehouse_South,345,4
2024-01-10,2,1,Hyderabad,Medicines,175,200,Warehouse_North,241,4
2024-01-11,3,1,Mumbai,Electronics,62,8500,Warehouse_North,352,2
2024-01-11,3,1,Mumbai,Groceries,299,150,Warehouse_South,787,3
2024-01-11,3,1,Mumbai,Clothing,109,800,Warehouse_West,367,2
2024-01-11,3,1,Mumbai,Furniture,27,12000,Warehouse_North,654,2
2024-01-11,3,1,Mumbai,Medicines,221,200,Warehouse_South,833,2
2024-01-11,3,1,Delhi,Electronics,68,8500,Warehouse_South,562,1
2024-01-11,3,1,Delhi,Groceries,285,150,Warehouse_South,228,1
2024-01-11,3,1,Delhi,Clothing,102,800,Warehouse_West,495,3
2024-01-11,3,1,Delhi,Furniture,32,12000,Warehouse_West,943,3
2024-01-11,3,1,Delhi,Medicines,190,200,Warehouse_South,297,3
2024-01-11,3,1,Bangalore,Electronics,61,8500,Warehouse_North,511,1
2024-01-11,3,1,Bangalore,Groceries,265,150,Warehouse_South,747,3
2024-01-11,3,1,Bangalore,Clothing,111,800,Warehouse_West,706,1
2024-01-11,3,1,Bangalore,Furniture,21,12000,Warehouse_West,681,1
2024-01-11,3,1,Bangalore,Medicines,187,200,Warehouse_North,495,1
2024-01-11,3,1,Chennai,Electronics,51,8500,Warehouse_North,416,1
2024-01-11,3,1,Chennai,Groceries,201,150,Warehouse_West,330,2
2024-01-11,3,1,Chennai,Clothing,109,800,Warehouse_North,307,4
2024-01-11,3,1,Chennai,Furniture,21,12000,Warehouse_West,216,2
2024-01-11,3,1,Chennai,Medicines,150,200,Warehouse_North,696,3
2024-01-11,3,1,Pune,Electronics,49,8500,Warehouse_North,926,1
2024-01-11,3,1,Pune,Groceries,238,150,Warehouse_South,909,4
2024-01-11,3,1,Pune,Clothing,79,800,Warehouse_West,770,2
2024-01-11,3,1,Pune,Furniture,15,12000,Warehouse_North,737,3
2024-01-11,3,1,Pune,Medicines,152,200,Warehouse_North,993,1
2024-01-11,3,1,Hyderabad,Electronics,41,8500,Warehouse_South,449,3
2024-01-11,3,1,Hyderabad,Groceries,213,150,Warehouse_South,926,1
2024-01-11,3,1,Hyderabad,Clothing,77,800,Warehouse_South,422,2
2024-01-11,3,1,Hyderabad,Furniture,19,12000,Warehouse_West,689,3
2024-01-11,3,1,Hyderabad,Medicines,135,200,Warehouse_North,725,3
2024-01-12,4,1,Mumbai,Electronics,73,8500,Warehouse_North,297,3
2024-01-12,4,1,Mumbai,Groceries,239,150,Warehouse_North,370,4
2024-01-12,4,1,Mumbai,Clothing,95,800,Warehouse_West,726,4
2024-01-12,4,1,Mumbai,Furniture,26,12000,Warehouse_North,715,1
2024-01-12,4,1,Mumbai,Medicines,252,200,Warehouse_North,215,1
2024-01-12,4,1,Delhi,Electronics,68,8500,Warehouse_South,307,2
2024-01-12,4,1,Delhi,Groceries,247,150,Warehouse_South,613,3
2024-01-12,4,1,Delhi,Clothing,83,800,Warehouse_West,980,1
2024-01-12,4,1,Delhi,Furniture,29,12000,Warehouse_West,238,2
2024-01-12,4,1,Delhi,Medicines,206,200,Warehouse_North,676,2
2024-01-12,4,1,Bangalore,Electronics,74,8500,Warehouse_West,576,2
2024-01-12,4,1,Bangalore,Groceries,249,150,Warehouse_South,558,4
2024-01-12,4,1,Bangalore,Clothing,93,800,Warehouse_West,628,2
2024-01-12,4,1,Bangalore,Furniture,28,12000,Warehouse_South,523,2
2024-01-12,4,1,Bangalore,Medicines,151,200,Warehouse_West,260,1
2024-01-12,4,1,Chennai,Electronics,41,8500,Warehouse_West,579,2
2024-01-12,4,1,Chennai,Groceries,244,150,Warehouse_South,352,3
2024-01-12,4,1,Chennai,Clothing,90,800,Warehouse_West,783,4
2024-01-12,4,1,Chennai,Furniture,20,12000,Warehouse_West,692,2
2024-01-12,4,1,Chennai,Medicines,178,200,Warehouse_South,306,2
2024-01-12,4,1,Pune,Electronics,42,8500,Warehouse_South,458,4
2024-01-12,4,1,Pune,Groceries,196,150,Warehouse_South,716,1
2024-01-12,4,1,Pune,Clothing,65,800,Warehouse_North,298,4
2024-01-12,4,1,Pune,Furniture,21,12000,Warehouse_South,952,1
2024-01-12,4,1,Pune,Medicines,152,200,Warehouse_South,261,1
2024-01-12,4,1,Hyderabad,Electronics,33,8500,Warehouse_West,359,3
2024-01-12,4,1,Hyderabad,Groceries,178,150,Warehouse_West,288,1
2024-01-12,4,1,Hyderabad,Clothing,71,800,Warehouse_South,556,2
2024-01-12,4,1,Hyderabad,Furniture,13,12000,Warehouse_West,740,1
2024-01-12,4,1,Hyderabad,Medicines,130,200,Warehouse_West,937,4
2024-01-13,5,1,Mumbai,Electronics,94,8500,Warehouse_North,460,3
2024-01-13,5,1,Mumbai,Groceries,414,150,Warehouse_West,425,4
2024-01-13,5,1,Mumbai,Clothing,165,800,Warehouse_South,653,1
2024-01-13,5,1,Mumbai,Furniture,42,12000,Warehouse_North,995,1
2024-01-13,5,1,Mumbai,Medicines,315,200,Warehouse_West,897,3
2024-01-13,5,1,Delhi,Electronics,95,8500,Warehouse_South,239,3
2024-01-13,5,1,Delhi,Groceries,404,150,Warehouse_West,535,4
2024-01-13,5,1,Delhi,Clothing,164,800,Warehouse_North,770,3
2024-01-13,5,1,Delhi,Furniture,37,12000,Warehouse_North,544,1
2024-01-13,5,1,Delhi,Medicines,272,200,Warehouse_South,555,3
2024-01-13,5,1,Bangalore,Electronics,75,8500,Warehouse_North,946,1
2024-01-13,5,1,Bangalore,Groceries,381,150,Warehouse_South,960,3
2024-01-13,5,1,Bangalore,Clothing,139,800,Warehouse_West,281,4
2024-01-13,5,1,Bangalore,Furniture,38,12000,Warehouse_South,917,1
2024-01-13,5,1,Bangalore,Medicines,267,200,Warehouse_North,245,3
2024-01-13,5,1,Chennai,Electronics,69,8500,Warehouse_North,432,1
2024-01-13,5,1,Chennai,Groceries,299,150,Warehouse_North,874,4
2024-01-13,5,1,Chennai,Clothing,112,800,Warehouse_South,666,2
2024-01-13,5,1,Chennai,Furniture,30,12000,Warehouse_South,611,4
2024-01-13,5,1,Chennai,Medicines,223,200,Warehouse_West,421,1
2024-01-13,5,1,Pune,Electronics,59,8500,Warehouse_West,391,1
2024-01-13,5,1,Pune,Groceries,285,150,Warehouse_South,600,2
2024-01-13,5,1,Pune,Clothing,103,800,Warehouse_West,409,2
2024-01-13,5,1,Pune,Furniture,27,12000,Warehouse_South,903,3
2024-01-13,5,1,Pune,Medicines,218,200,Warehouse_West,228,3
2024-01-13,5,1,Hyderabad,Electronics,59,8500,Warehouse_North,845,3
2024-01-13,5,1,Hyderabad,Groceries,326,150,Warehouse_South,737,2
2024-01-13,5,1,Hyderabad,Clothing,111,800,Warehouse_South,937,1
2024-01-13,5,1,Hyderabad,Furniture,28,12000,Warehouse_North,356,3
2024-01-13,5,1,Hyderabad,Medicines,236,200,Warehouse_South,886,2
2024-01-14,6,1,Mumbai,Electronics,91,8500,Warehouse_West,581,4
2024-01-14,6,1,Mumbai,Groceries,409,150,Warehouse_North,220,3
2024-01-14,6,1,Mumbai,Clothing,190,800,Warehouse_South,858,1
2024-01-14,6,1,Mumbai,Furniture,38,12000,Warehouse_North,586,3
2024-01-14,6,1,Mumbai,Medicines,335,200,Warehouse_West,361,1
2024-01-14,6,1,Delhi,Electronics,86,8500,Warehouse_West,992,4
2024-01-14,6,1,Delhi,Groceries,420,150,Warehouse_West,783,4
2024-01-14,6,1,Delhi,Clothing,152,800,Warehouse_South,856,1
2024-01-14,6,1,Delhi,Furniture,41,12000,Warehouse_South,761,4
2024-01-14,6,1,Delhi,Medicines,310,200,Warehouse_West,586,1
2024-01-14,6,1,Bangalore,Electronics,83,8500,Warehouse_South,726,1
2024-01-14,6,1,Bangalore,Groceries,385,150,Warehouse_South,405,3
2024-01-14,6,1,Bangalore,Clothing,150,800,Warehouse_North,877,4
2024-01-14,6,1,Bangalore,Furniture,34,12000,Warehouse_North,925,2
2024-01-14,6,1,Bangalore,Medicines,293,200,Warehouse_West,263,1
2024-01-14,6,1,Chennai,Electronics,57,8500,Warehouse_North,271,1
2024-01-14,6,1,Chennai,Groceries,302,150,Warehouse_South,694,3
2024-01-14,6,1,Chennai,Clothing,114,800,Warehouse_South,743,3
2024-01-14,6,1,Chennai,Furniture,33,12000,Warehouse_South,624,4
2024-01-14,6,1,Chennai,Medicines,240,200,Warehouse_West,413,3
2024-01-14,6,1,Pune,Electronics,61,8500,Warehouse_North,245,4
2024-01-14,6,1,Pune,Groceries,267,150,Warehouse_West,791,2
2024-01-14,6,1,Pune,Clothing,130,800,Warehouse_South,441,4
2024-01-14,6,1,Pune,Furniture,30,12000,Warehouse_North,201,1
2024-01-14,6,1,Pune,Medicines,204,200,Warehouse_North,788,4
2024-01-14,6,1,Hyderabad,Electronics,58,8500,Warehouse_South,302,2
2024-01-14,6,1,Hyderabad,Groceries,307,150,Warehouse_South,627,1
2024-01-14,6,1,Hyderabad,Clothing,118,800,Warehouse_West,516,3
2024-01-14,6,1,Hyderabad,Furniture,28,12000,Warehouse_North,558,3
2024-01-14,6,1,Hyderabad,Medicines,229,200,Warehouse_North,569,4
2024-01-15,0,1,Mumbai,Electronics,70,8500,Warehouse_South,283,2
2024-01-15,0,1,Mumbai,Groceries,320,150,Warehouse_West,450,3
2024-01-15,0,1,Mumbai,Clothing,135,800,Warehouse_South,714,3
2024-01-15,0,1,Mumbai,Furniture,30,12000,Warehouse_North,899,2
2024-01-15,0,1,Mumbai,Medicines,262,200,Warehouse_West,723,1
2024-01-15,0,1,Delhi,Electronics,59,8500,Warehouse_North,500,3
2024-01-15,0,1,Delhi,Groceries,249,150,Warehouse_West,508,3
2024-01-15,0,1,Delhi,Clothing,105,800,Warehouse_West,793,2
2024-01-15,0,1,Delhi,Furniture,25,12000,Warehouse_North,258,3
2024-01-15,0,1,Delhi,Medicines,226,200,Warehouse_South,954,3
2024-01-15,0,1,Bangalore,Electronics,55,8500,Warehouse_West,552,3
2024-01-15,0,1,Bangalore,Groceries,217,150,Warehouse_North,924,3
2024-01-15,0,1,Bangalore,Clothing,117,800,Warehouse_North,715,4
2024-01-15,0,1,Bangalore,Furniture,25,12000,Warehouse_South,731,4
2024-01-15,0,1,Bangalore,Medicines,159,200,Warehouse_North,711,4
2024-01-15,0,1,Chennai,Electronics,63,8500,Warehouse_South,534,2
2024-01-15,0,1,Chennai,Groceries,237,150,Warehouse_West,570,2
2024-01-15,0,1,Chennai,Clothing,101,800,Warehouse_South,836,4
2024-01-15,0,1,Chennai,Furniture,19,12000,Warehouse_North,936,3
2024-01-15,0,1,Chennai,Medicines,113,200,Warehouse_South,719,4
2024-01-15,0,1,Pune,Electronics,47,8500,Warehouse_North,752,2
2024-01-15,0,1,Pune,Groceries,191,150,Warehouse_South,580,3
2024-01-15,0,1,Pune,Clothing,98,800,Warehouse_South,942,2
2024-01-15,0,1,Pune,Furniture,25,12000,Warehouse_North,227,2
2024-01-15,0,1,Pune,Medicines,188,200,Warehouse_North,502,3
2024-01-15,0,1,Hyderabad,Electronics,55,8500,Warehouse_West,209,3
2024-01-15,0,1,Hyderabad,Groceries,142,150,Warehouse_North,977,4
2024-01-15,0,1,Hyderabad,Clothing,72,800,Warehouse_South,560,1
2024-01-15,0,1,Hyderabad,Furniture,26,12000,Warehouse_North,512,4
2024-01-15,0,1,Hyderabad,Medicines,121,200,Warehouse_South,483,1
2024-01-16,1,1,Mumbai,Electronics,56,8500,Warehouse_North,504,1
2024-01-16,1,1,Mumbai,Groceries,336,150,Warehouse_West,918,2
2024-01-16,1,1,Mumbai,Clothing,116,800,Warehouse_South,533,2
2024-01-16,1,1,Mumbai,Furniture,29,12000,Warehouse_North,710,1
2024-01-16,1,1,Mumbai,Medicines,222,200,Warehouse_North,258,1
2024-01-16,1,1,Delhi,Electronics,56,8500,Warehouse_North,890,2
2024-01-16,1,1,Delhi,Groceries,253,150,Warehouse_South,415,3
2024-01-16,1,1,Delhi,Clothing,131,800,Warehouse_West,325,2
2024-01-16,1,1,Delhi,Furniture,23,12000,Warehouse_West,377,3
2024-01-16,1,1,Delhi,Medicines,221,200,Warehouse_South,350,4
2024-01-16,1,1,Bangalore,Electronics,58,8500,Warehouse_South,540,1
2024-01-16,1,1,Bangalore,Groceries,263,150,Warehouse_West,975,1
2024-01-16,1,1,Bangalore,Clothing,116,800,Warehouse_South,374,2
2024-01-16,1,1,Bangalore,Furniture,25,12000,Warehouse_North,510,3
2024-01-16,1,1,Bangalore,Medicines,198,200,Warehouse_South,344,2
2024-01-16,1,1,Chennai,Electronics,51,8500,Warehouse_West,943,1
2024-01-16,1,1,Chennai,Groceries,253,150,Warehouse_West,486,4
2024-01-16,1,1,Chennai,Clothing,102,800,Warehouse_South,252,4
2024-01-16,1,1,Chennai,Furniture,19,12000,Warehouse_South,903,2
2024-01-16,1,1,Chennai,Medicines,171,200,Warehouse_West,784,1
2024-01-16,1,1,Pune,Electronics,51,8500,Warehouse_North,956,1
2024-01-16,1,1,Pune,Groceries,192,150,Warehouse_West,688,3
2024-01-16,1,1,Pune,Clothing,77,800,Warehouse_South,843,2
2024-01-16,1,1,Pune,Furniture,22,12000,Warehouse_West,653,2
2024-01-16,1,1,Pune,Medicines,166,200,Warehouse_West,564,3
2024-01-16,1,1,Hyderabad,Electronics,49,8500,Warehouse_North,543,2
2024-01-16,1,1,Hyderabad,Groceries,194,150,Warehouse_West,264,4
2024-01-16,1,1,Hyderabad,Clothing,80,800,Warehouse_South,910,3
2024-01-16,1,1,Hyderabad,Furniture,17,12000,Warehouse_North,616,1
2024-01-16,1,1,Hyderabad,Medicines,184,200,Warehouse_North,490,4
2024-01-17,2,1,Mumbai,Electronics,67,8500,Warehouse_South,976,3
2024-01-17,2,1,Mumbai,Groceries,293,150,Warehouse_North,993,4
2024-01-17,2,1,Mumbai,Clothing,90,800,Warehouse_North,420,2
2024-01-17,2,1,Mumbai,Furniture,36,12000,Warehouse_North,211,1
2024-01-17,2,1,Mumbai,Medicines,257,200,Warehouse_West,242,4
2024-01-17,2,1,Delhi,Electronics,50,8500,Warehouse_West,525,2
2024-01-17,2,1,Delhi,Groceries,272,150,Warehouse_West,250,3
2024-01-17,2,1,Delhi,Clothing,116,800,Warehouse_North,340,2
2024-01-17,2,1,Delhi,Furniture,26,12000,Warehouse_North,763,2
2024-01-17,2,1,Delhi,Medicines,200,200,Warehouse_West,868,3
2024-01-17,2,1,Bangalore,Electronics,75,8500,Warehouse_South,619,2
2024-01-17,2,1,Bangalore,Groceries,289,150,Warehouse_South,201,1
2024-01-17,2,1,Bangalore,Clothing,91,800,Warehouse_South,238,1
2024-01-17,2,1,Bangalore,Furniture,26,12000,Warehouse_West,782,3
2024-01-17,2,1,Bangalore,Medicines,198,200,Warehouse_South,235,4
2024-01-17,2,1,Chennai,Electronics,43,8500,Warehouse_South,974,2
2024-01-17,2,1,Chennai,Groceries,202,150,Warehouse_South,758,3
2024-01-17,2,1,Chennai,Clothing,88,800,Warehouse_North,317,1
2024-01-17,2,1,Chennai,Furniture,21,12000,Warehouse_North,982,2
2024-01-17,2,1,Chennai,Medicines,174,200,Warehouse_South,832,1
2024-01-17,2,1,Pune,Electronics,46,8500,Warehouse_North,353,3
2024-01-17,2,1,Pune,Groceries,207,150,Warehouse_North,779,2
2024-01-17,2,1,Pune,Clothing,88,800,Warehouse_West,401,1
2024-01-17,2,1,Pune,Furniture,21,12000,Warehouse_South,875,2
2024-01-17,2,1,Pune,Medicines,200,200,Warehouse_West,760,3
2024-01-17,2,1,Hyderabad,Electronics,36,8500,Warehouse_South,872,3
2024-01-17,2,1,Hyderabad,Groceries,160,150,Warehouse_North,854,3
2024-01-17,2,1,Hyderabad,Clothing,81,800,Warehouse_West,359,3
2024-01-17,2,1,Hyderabad,Furniture,18,12000,Warehouse_North,640,2
2024-01-17,2,1,Hyderabad,Medicines,119,200,Warehouse_North,969,4
2024-01-18,3,1,Mumbai,Electronics,70,8500,Warehouse_West,753,2
2024-01-18,3,1,Mumbai,Groceries,276,150,Warehouse_North,366,1
2024-01-18,3,1,Mumbai,Clothing,126,800,Warehouse_West,820,2
2024-01-18,3,1,Mumbai,Furniture,34,12000,Warehouse_North,552,4
2024-01-18,3,1,Mumbai,Medicines,211,200,Warehouse_West,269,1
2024-01-18,3,1,Delhi,Electronics,56,8500,Warehouse_West,907,1
2024-01-18,3,1,Delhi,Groceries,257,150,Warehouse_North,627,3
2024-01-18,3,1,Delhi,Clothing,112,800,Warehouse_North,975,2
2024-01-18,3,1,Delhi,Furniture,33,12000,Warehouse_North,257,3
2024-01-18,3,1,Delhi,Medicines,229,200,Warehouse_South,329,3
2024-01-18,3,1,Bangalore,Electronics,48,8500,Warehouse_West,553,3
2024-01-18,3,1,Bangalore,Groceries,220,150,Warehouse_South,315,4
2024-01-18,3,1,Bangalore,Clothing,94,800,Warehouse_North,676,3
2024-01-18,3,1,Bangalore,Furniture,26,12000,Warehouse_West,510,4
2024-01-18,3,1,Bangalore,Medicines,159,200,Warehouse_West,211,1
2024-01-18,3,1,Chennai,Electronics,37,8500,Warehouse_West,855,2
2024-01-18,3,1,Chennai,Groceries,203,150,Warehouse_South,716,4
2024-01-18,3,1,Chennai,Clothing,71,800,Warehouse_North,832,2
2024-01-18,3,1,Chennai,Furniture,28,12000,Warehouse_South,655,3
2024-01-18,3,1,Chennai,Medicines,173,200,Warehouse_North,983,4
2024-01-18,3,1,Pune,Electronics,49,8500,Warehouse_South,680,3
2024-01-18,3,1,Pune,Groceries,228,150,Warehouse_South,948,2
2024-01-18,3,1,Pune,Clothing,61,800,Warehouse_North,648,3
2024-01-18,3,1,Pune,Furniture,16,12000,Warehouse_West,379,2
2024-01-18,3,1,Pune,Medicines,198,200,Warehouse_West,461,3
2024-01-18,3,1,Hyderabad,Electronics,37,8500,Warehouse_South,342,2
2024-01-18,3,1,Hyderabad,Groceries,140,150,Warehouse_West,760,2
2024-01-18,3,1,Hyderabad,Clothing,94,800,Warehouse_South,793,1
2024-01-18,3,1,Hyderabad,Furniture,22,12000,Warehouse_South,661,2
2024-01-18,3,1,Hyderabad,Medicines,143,200,Warehouse_West,206,4
2024-01-19,4,1,Mumbai,Electronics,63,8500,Warehouse_West,777,3
2024-01-19,4,1,Mumbai,Groceries,329,150,Warehouse_South,665,2
2024-01-19,4,1,Mumbai,Clothing,120,800,Warehouse_North,992,1
2024-01-19,4,1,Mumbai,Furniture,30,12000,Warehouse_South,488,4
2024-01-19,4,1,Mumbai,Medicines,201,200,Warehouse_South,437,1
2024-01-19,4,1,Delhi,Electronics,65,8500,Warehouse_West,682,1
2024-01-19,4,1,Delhi,Groceries,295,150,Warehouse_South,591,1
2024-01-19,4,1,Delhi,Clothing,123,800,Warehouse_South,736,3
2024-01-19,4,1,Delhi,Furniture,28,12000,Warehouse_North,742,2
2024-01-19,4,1,Delhi,Medicines,221,200,Warehouse_South,646,2
2024-01-19,4,1,Bangalore,Electronics,47,8500,Warehouse_West,716,3
2024-01-19,4,1,Bangalore,Groceries,297,150,Warehouse_South,977,1
2024-01-19,4,1,Bangalore,Clothing,105,800,Warehouse_North,282,1
2024-01-19,4,1,Bangalore,Furniture,24,12000,Warehouse_West,348,1
2024-01-19,4,1,Bangalore,Medicines,179,200,Warehouse_West,279,4
2024-01-19,4,1,Chennai,Electronics,55,8500,Warehouse_North,459,4
2024-01-19,4,1,Chennai,Groceries,173,150,Warehouse_South,430,2
2024-01-19,4,1,Chennai,Clothing,98,800,Warehouse_West,684,4
2024-01-19,4,1,Chennai,Furniture,27,12000,Warehouse_West,718,3
2024-01-19,4,1,Chennai,Medicines,141,200,Warehouse_South,725,3
2024-01-19,4,1,Pune,Electronics,50,8500,Warehouse_South,382,2
2024-01-19,4,1,Pune,Groceries,222,150,Warehouse_South,930,1
2024-01-19,4,1,Pune,Clothing,73,800,Warehouse_West,264,1
2024-01-19,4,1,Pune,Furniture,21,12000,Warehouse_North,441,1
2024-01-19,4,1,Pune,Medicines,149,200,Warehouse_West,696,4
2024-01-19,4,1,Hyderabad,Electronics,48,8500,Warehouse_West,902,1
2024-01-19,4,1,Hyderabad,Groceries,164,150,Warehouse_South,943,3
2024-01-19,4,1,Hyderabad,Clothing,79,800,Warehouse_North,932,4
2024-01-19,4,1,Hyderabad,Furniture,19,12000,Warehouse_South,596,1
2024-01-19,4,1,Hyderabad,Medicines,173,200,Warehouse_North,391,1
2024-01-20,5,1,Mumbai,Electronics,97,8500,Warehouse_South,771,4
2024-01-20,5,1,Mumbai,Groceries,424,150,Warehouse_North,296,2
2024-01-20,5,1,Mumbai,Clothing,166,800,Warehouse_North,483,3
2024-01-20,5,1,Mumbai,Furniture,42,12000,Warehouse_West,975,3
2024-01-20,5,1,Mumbai,Medicines,281,200,Warehouse_North,372,3
2024-01-20,5,1,Delhi,Electronics,86,8500,Warehouse_North,615,4
2024-01-20,5,1,Delhi,Groceries,452,150,Warehouse_North,399,1
2024-01-20,5,1,Delhi,Clothing,158,800,Warehouse_West,242,1
2024-01-20,5,1,Delhi,Furniture,36,12000,Warehouse_South,427,3
2024-01-20,5,1,Delhi,Medicines,323,200,Warehouse_West,410,3
2024-01-20,5,1,Bangalore,Electronics,77,8500,Warehouse_South,460,1
2024-01-20,5,1,Bangalore,Groceries,399,150,Warehouse_South,551,4
2024-01-20,5,1,Bangalore,Clothing,157,800,Warehouse_North,528,2
2024-01-20,5,1,Bangalore,Furniture,34,12000,Warehouse_West,760,4
2024-01-20,5,1,Bangalore,Medicines,302,200,Warehouse_North,416,2
2024-01-20,5,1,Chennai,Electronics,73,8500,Warehouse_West,389,3
2024-01-20,5,1,Chennai,Groceries,351,150,Warehouse_West,487,4
2024-01-20,5,1,Chennai,Clothing,144,800,Warehouse_South,722,2
2024-01-20,5,1,Chennai,Furniture,32,12000,Warehouse_West,864,4
2024-01-20,5,1,Chennai,Medicines,226,200,Warehouse_West,323,2
2024-01-20,5,1,Pune,Electronics,66,8500,Warehouse_South,924,4
2024-01-20,5,1,Pune,Groceries,284,150,Warehouse_West,885,1
2024-01-20,5,1,Pune,Clothing,95,800,Warehouse_South,830,3
2024-01-20,5,1,Pune,Furniture,30,12000,Warehouse_North,979,1
2024-01-20,5,1,Pune,Medicines,257,200,Warehouse_South,860,2
2024-01-20,5,1,Hyderabad,Electronics,67,8500,Warehouse_South,559,2
2024-01-20,5,1,Hyderabad,Groceries,299,150,Warehouse_West,455,2
2024-01-20,5,1,Hyderabad,Clothing,126,800,Warehouse_South,434,1
2024-01-20,5,1,Hyderabad,Furniture,27,12000,Warehouse_West,635,3
2024-01-20,5,1,Hyderabad,Medicines,208,200,Warehouse_South,806,3
2024-01-21,6,1,Mumbai,Electronics,102,8500,Warehouse_North,477,3
2024-01-21,6,1,Mumbai,Groceries,420,150,Warehouse_North,900,1
2024-01-21,6,1,Mumbai,Clothing,145,800,Warehouse_West,222,1
2024-01-21,6,1,Mumbai,Furniture,42,12000,Warehouse_South,307,3
2024-01-21,6,1,Mumbai,Medicines,310,200,Warehouse_South,385,4
2024-01-21,6,1,Delhi,Electronics,95,8500,Warehouse_North,460,3
2024-01-21,6,1,Delhi,Groceries,430,150,Warehouse_West,672,2
2024-01-21,6,1,Delhi,Clothing,151,800,Warehouse_North,501,3
2024-01-21,6,1,Delhi,Furniture,43,12000,Warehouse_North,592,4
2024-01-21,6,1,Delhi,Medicines,315,200,Warehouse_South,433,2
2024-01-21,6,1,Bangalore,Electronics,84,8500,Warehouse_South,213,1
2024-01-21,6,1,Bangalore,Groceries,373,150,Warehouse_South,636,1
2024-01-21,6,1,Bangalore,Clothing,159,800,Warehouse_West,269,4
2024-01-21,6,1,Bangalore,Furniture,38,12000,Warehouse_West,300,2
2024-01-21,6,1,Bangalore,Medicines,254,200,Warehouse_South,735,2
2024-01-21,6,1,Chennai,Electronics,55,8500,Warehouse_West,353,1
2024-01-21,6,1,Chennai,Groceries,296,150,Warehouse_North,219,1
2024-01-21,6,1,Chennai,Clothing,118,800,Warehouse_West,782,4
2024-01-21,6,1,Chennai,Furniture,36,12000,Warehouse_North,535,2
2024-01-21,6,1,Chennai,Medicines,232,200,Warehouse_West,699,4
2024-01-21,6,1,Pune,Electronics,62,8500,Warehouse_South,793,3
2024-01-21,6,1,Pune,Groceries,260,150,Warehouse_West,387,4
2024-01-21,6,1,Pune,Clothing,125,800,Warehouse_West,605,4
2024-01-21,6,1,Pune,Furniture,23,12000,Warehouse_North,275,2
2024-01-21,6,1,Pune,Medicines,211,200,Warehouse_North,939,2
2024-01-21,6,1,Hyderabad,Electronics,71,8500,Warehouse_West,312,3
2024-01-21,6,1,Hyderabad,Groceries,260,150,Warehouse_North,962,4
2024-01-21,6,1,Hyderabad,Clothing,96,800,Warehouse_West,502,3
2024-01-21,6,1,Hyderabad,Furniture,25,12000,Warehouse_North,600,2
2024-01-21,6,1,Hyderabad,Medicines,233,200,Warehouse_West,598,2
2024-01-22,0,1,Mumbai,Electronics,69,8500,Warehouse_South,249,3
2024-01-22,0,1,Mumbai,Groceries,258,150,Warehouse_North,818,1
2024-01-22,0,1,Mumbai,Clothing,140,800,Warehouse_South,762,1
2024-01-22,0,1,Mumbai,Furniture,35,12000,Warehouse_West,625,3
2024-01-22,0,1,Mumbai,Medicines,248,200,Warehouse_North,248,1
2024-01-22,0,1,Delhi,Electronics,61,8500,Warehouse_South,903,1
2024-01-22,0,1,Delhi,Groceries,307,150,Warehouse_South,942,3
2024-01-22,0,1,Delhi,Clothing,129,800,Warehouse_South,840,4
2024-01-22,0,1,Delhi,Furniture,30,12000,Warehouse_South,885,4
2024-01-22,0,1,Delhi,Medicines,227,200,Warehouse_North,742,4
2024-01-22,0,1,Bangalore,Electronics,60,8500,Warehouse_South,607,4
2024-01-22,0,1,Bangalore,Groceries,263,150,Warehouse_South,613,2
2024-01-22,0,1,Bangalore,Clothing,93,800,Warehouse_South,831,2
2024-01-22,0,1,Bangalore,Furniture,23,12000,Warehouse_South,817,1
2024-01-22,0,1,Bangalore,Medicines,183,200,Warehouse_South,449,3
2024-01-22,0,1,Chennai,Electronics,49,8500,Warehouse_North,732,4
2024-01-22,0,1,Chennai,Groceries,252,150,Warehouse_South,838,3
2024-01-22,0,1,Chennai,Clothing,79,800,Warehouse_South,871,4
2024-01-22,0,1,Chennai,Furniture,18,12000,Warehouse_West,625,2
2024-01-22,0,1,Chennai,Medicines,168,200,Warehouse_South,512,1
2024-01-22,0,1,Pune,Electronics,37,8500,Warehouse_North,570,1
2024-01-22,0,1,Pune,Groceries,217,150,Warehouse_North,583,4
2024-01-22,0,1,Pune,Clothing,70,800,Warehouse_South,828,4
2024-01-22,0,1,Pune,Furniture,19,12000,Warehouse_West,689,1
2024-01-22,0,1,Pune,Medicines,154,200,Warehouse_North,863,1
2024-01-22,0,1,Hyderabad,Electronics,52,8500,Warehouse_North,553,4
2024-01-22,0,1,Hyderabad,Groceries,191,150,Warehouse_South,376,1
2024-01-22,0,1,Hyderabad,Clothing,81,800,Warehouse_South,693,2
2024-01-22,0,1,Hyderabad,Furniture,19,12000,Warehouse_North,713,2
2024-01-22,0,1,Hyderabad,Medicines,175,200,Warehouse_North,265,2
2024-01-23,1,1,Mumbai,Electronics,51,8500,Warehouse_North,878,2
2024-01-23,1,1,Mumbai,Groceries,269,150,Warehouse_West,493,4
2024-01-23,1,1,Mumbai,Clothing,120,800,Warehouse_West,760,4
2024-01-23,1,1,Mumbai,Furniture,29,12000,Warehouse_West,476,4
2024-01-23,1,1,Mumbai,Medicines,260,200,Warehouse_South,854,4
2024-01-23,1,1,Delhi,Electronics,64,8500,Warehouse_North,278,2
2024-01-23,1,1,Delhi,Groceries,265,150,Warehouse_North,879,2
2024-01-23,1,1,Delhi,Clothing,103,800,Warehouse_South,646,2
2024-01-23,1,1,Delhi,Furniture,27,12000,Warehouse_North,753,4
2024-01-23,1,1,Delhi,Medicines,193,200,Warehouse_West,973,3
2024-01-23,1,1,Bangalore,Electronics,65,8500,Warehouse_South,626,3
2024-01-23,1,1,Bangalore,Groceries,275,150,Warehouse_North,506,3
2024-01-23,1,1,Bangalore,Clothing,105,800,Warehouse_North,363,1
2024-01-23,1,1,Bangalore,Furniture,21,12000,Warehouse_North,271,3
2024-01-23,1,1,Bangalore,Medicines,169,200,Warehouse_South,303,2
2024-01-23,1,1,Chennai,Electronics,53,8500,Warehouse_South,667,2
2024-01-23,1,1,Chennai,Groceries,200,150,Warehouse_West,458,3
2024-01-23,1,1,Chennai,Clothing,100,800,Warehouse_South,239,2
2024-01-23,1,1,Chennai,Furniture,20,12000,Warehouse_North,887,3
2024-01-23,1,1,Chennai,Medicines,155,200,Warehouse_North,459,2
2024-01-23,1,1,Pune,Electronics,40,8500,Warehouse_North,723,3
2024-01-23,1,1,Pune,Groceries,206,150,Warehouse_South,215,1
2024-01-23,1,1,Pune,Clothing,83,800,Warehouse_North,869,1
2024-01-23,1,1,Pune,Furniture,19,12000,Warehouse_South,459,4
2024-01-23,1,1,Pune,Medicines,145,200,Warehouse_West,839,3
2024-01-23,1,1,Hyderabad,Electronics,51,8500,Warehouse_North,736,3
2024-01-23,1,1,Hyderabad,Groceries,253,150,Warehouse_South,865,2
2024-01-23,1,1,Hyderabad,Clothing,82,800,Warehouse_South,844,3
2024-01-23,1,1,Hyderabad,Furniture,21,12000,Warehouse_South,633,2
2024-01-23,1,1,Hyderabad,Medicines,143,200,Warehouse_West,771,4
2024-01-24,2,1,Mumbai,Electronics,58,8500,Warehouse_South,330,4
2024-01-24,2,1,Mumbai,Groceries,332,150,Warehouse_South,476,4
2024-01-24,2,1,Mumbai,Clothing,113,800,Warehouse_North,506,3
2024-01-24,2,1,Mumbai,Furniture,28,12000,Warehouse_South,513,3
2024-01-24,2,1,Mumbai,Medicines,252,200,Warehouse_South,472,1
2024-01-24,2,1,Delhi,Electronics,73,8500,Warehouse_West,982,3
2024-01-24,2,1,Delhi,Groceries,252,150,Warehouse_South,265,3
2024-01-24,2,1,Delhi,Clothing,115,800,Warehouse_West,653,1
2024-01-24,2,1,Delhi,Furniture,30,12000,Warehouse_West,342,3
2024-01-24,2,1,Delhi,Medicines,201,200,Warehouse_North,426,1
2024-01-24,2,1,Bangalore,Electronics,65,8500,Warehouse_South,659,1
2024-01-24,2,1,Bangalore,Groceries,220,150,Warehouse_West,592,3
2024-01-24,2,1,Bangalore,Clothing,114,800,Warehouse_West,606,3
2024-01-24,2,1,Bangalore,Furniture,27,12000,Warehouse_West,553,4
2024-01-24,2,1,Bangalore,Medicines,165,200,Warehouse_North,901,3
2024-01-24,2,1,Chennai,Electronics,45,8500,Warehouse_West,741,3
2024-01-24,2,1,Chennai,Groceries,214,150,Warehouse_North,623,4
2024-01-24,2,1,Chennai,Clothing,76,800,Warehouse_South,353,2
2024-01-24,2,1,Chennai,Furniture,24,12000,Warehouse_West,821,3
2024-01-24,2,1,Chennai,Medicines,155,200,Warehouse_West,625,3
2024-01-24,2,1,Pune,Electronics,50,8500,Warehouse_West,597,4
2024-01-24,2,1,Pune,Groceries,184,150,Warehouse_South,636,1
2024-01-24,2,1,Pune,Clothing,78,800,Warehouse_North,519,1
2024-01-24,2,1,Pune,Furniture,19,12000,Warehouse_North,853,3
2024-01-24,2,1,Pune,Medicines,164,200,Warehouse_West,267,4
2024-01-24,2,1,Hyderabad,Electronics,55,8500,Warehouse_South,836,2
2024-01-24,2,1,Hyderabad,Groceries,216,150,Warehouse_South,631,2
2024-01-24,2,1,Hyderabad,Clothing,107,800,Warehouse_West,978,4
2024-01-24,2,1,Hyderabad,Furniture,21,12000,Warehouse_North,524,4
2024-01-24,2,1,Hyderabad,Medicines,181,200,Warehouse_North,883,1
2024-01-25,3,1,Mumbai,Electronics,68,8500,Warehouse_North,523,3
2024-01-25,3,1,Mumbai,Groceries,351,150,Warehouse_North,681,4
2024-01-25,3,1,Mumbai,Clothing,113,800,Warehouse_South,787,2
2024-01-25,3,1,Mumbai,Furniture,30,12000,Warehouse_West,726,1
2024-01-25,3,1,Mumbai,Medicines,202,200,Warehouse_South,431,1
2024-01-25,3,1,Delhi,Electronics,59,8500,Warehouse_West,749,4
2024-01-25,3,1,Delhi,Groceries,297,150,Warehouse_West,654,4
2024-01-25,3,1,Delhi,Clothing,126,800,Warehouse_South,275,1
2024-01-25,3,1,Delhi,Furniture,27,12000,Warehouse_North,968,4
2024-01-25,3,1,Delhi,Medicines,170,200,Warehouse_West,461,2
2024-01-25,3,1,Bangalore,Electronics,53,8500,Warehouse_South,929,3
2024-01-25,3,1,Bangalore,Groceries,220,150,Warehouse_West,579,2
2024-01-25,3,1,Bangalore,Clothing,87,800,Warehouse_West,631,1
2024-01-25,3,1,Bangalore,Furniture,25,12000,Warehouse_North,852,1
2024-01-25,3,1,Bangalore,Medicines,188,200,Warehouse_North,956,1
2024-01-25,3,1,Chennai,Electronics,44,8500,Warehouse_South,817,3
2024-01-25,3,1,Chennai,Groceries,202,150,Warehouse_North,988,3
2024-01-25,3,1,Chennai,Clothing,98,800,Warehouse_West,382,1
2024-01-25,3,1,Chennai,Furniture,21,12000,Warehouse_West,757,1
2024-01-25,3,1,Chennai,Medicines,151,200,Warehouse_North,367,4
2024-01-25,3,1,Pune,Electronics,48,8500,Warehouse_North,308,4
2024-01-25,3,1,Pune,Groceries,210,150,Warehouse_North,439,1
2024-01-25,3,1,Pune,Clothing,74,800,Warehouse_North,630,3
2024-01-25,3,1,Pune,Furniture,20,12000,Warehouse_North,886,4
2024-01-25,3,1,Pune,Medicines,134,200,Warehouse_South,872,3
2024-01-25,3,1,Hyderabad,Electronics,47,8500,Warehouse_South,684,3
2024-01-25,3,1,Hyderabad,Groceries,233,150,Warehouse_North,936,4
2024-01-25,3,1,Hyderabad,Clothing,106,800,Warehouse_South,954,3
2024-01-25,3,1,Hyderabad,Furniture,18,12000,Warehouse_North,304,2
2024-01-25,3,1,Hyderabad,Medicines,183,200,Warehouse_South,465,2
2024-01-26,4,1,Mumbai,Electronics,72,8500,Warehouse_North,750,4
2024-01-26,4,1,Mumbai,Groceries,306,150,Warehouse_West,283,2
2024-01-26,4,1,Mumbai,Clothing,120,800,Warehouse_South,280,1
2024-01-26,4,1,Mumbai,Furniture,27,12000,Warehouse_South,467,3
2024-01-26,4,1,Mumbai,Medicines,206,200,Warehouse_West,556,1
2024-01-26,4,1,Delhi,Electronics,62,8500,Warehouse_South,248,3
2024-01-26,4,1,Delhi,Groceries,317,150,Warehouse_North,493,4
2024-01-26,4,1,Delhi,Clothing,101,800,Warehouse_North,637,3
2024-01-26,4,1,Delhi,Furniture,33,12000,Warehouse_West,272,1
2024-01-26,4,1,Delhi,Medicines,193,200,Warehouse_South,833,2
2024-01-26,4,1,Bangalore,Electronics,67,8500,Warehouse_West,394,4
2024-01-26,4,1,Bangalore,Groceries,252,150,Warehouse_West,240,3
2024-01-26,4,1,Bangalore,Clothing,103,800,Warehouse_West,489,4
2024-01-26,4,1,Bangalore,Furniture,24,12000,Warehouse_North,206,4
2024-01-26,4,1,Bangalore,Medicines,191,200,Warehouse_South,643,2
2024-01-26,4,1,Chennai,Electronics,52,8500,Warehouse_West,626,3
2024-01-26,4,1,Chennai,Groceries,215,150,Warehouse_North,775,1
2024-01-26,4,1,Chennai,Clothing,79,800,Warehouse_South,887,4
2024-01-26,4,1,Chennai,Furniture,26,12000,Warehouse_West,587,1
2024-01-26,4,1,Chennai,Medicines,210,200,Warehouse_North,633,1
2024-01-26,4,1,Pune,Electronics,37,8500,Warehouse_South,354,2
2024-01-26,4,1,Pune,Groceries,202,150,Warehouse_South,562,4
2024-01-26,4,1,Pune,Clothing,58,800,Warehouse_South,324,3
2024-01-26,4,1,Pune,Furniture,15,12000,Warehouse_North,741,2
2024-01-26,4,1,Pune,Medicines,147,200,Warehouse_West,845,4
2024-01-26,4,1,Hyderabad,Electronics,46,8500,Warehouse_South,400,1
2024-01-26,4,1,Hyderabad,Groceries,206,150,Warehouse_South,699,1
2024-01-26,4,1,Hyderabad,Clothing,70,800,Warehouse_North,935,4
2024-01-26,4,1,Hyderabad,Furniture,27,12000,Warehouse_North,578,3
2024-01-26,4,1,Hyderabad,Medicines,109,200,Warehouse_West,753,2
2024-01-27,5,1,Mumbai,Electronics,89,8500,Warehouse_North,540,2
2024-01-27,5,1,Mumbai,Groceries,401,150,Warehouse_West,732,4
2024-01-27,5,1,Mumbai,Clothing,170,800,Warehouse_North,803,3
2024-01-27,5,1,Mumbai,Furniture,45,12000,Warehouse_North,682,1
2024-01-27,5,1,Mumbai,Medicines,310,200,Warehouse_West,708,1
2024-01-27,5,1,Delhi,Electronics,103,8500,Warehouse_West,963,2
2024-01-27,5,1,Delhi,Groceries,425,150,Warehouse_South,986,1
2024-01-27,5,1,Delhi,Clothing,180,800,Warehouse_West,719,4
2024-01-27,5,1,Delhi,Furniture,40,12000,Warehouse_South,858,3
2024-01-27,5,1,Delhi,Medicines,311,200,Warehouse_West,316,2
2024-01-27,5,1,Bangalore,Electronics,83,8500,Warehouse_South,860,2
2024-01-27,5,1,Bangalore,Groceries,417,150,Warehouse_West,686,4
2024-01-27,5,1,Bangalore,Clothing,147,800,Warehouse_North,757,2
2024-01-27,5,1,Bangalore,Furniture,35,12000,Warehouse_South,728,3
2024-01-27,5,1,Bangalore,Medicines,281,200,Warehouse_South,894,2
2024-01-27,5,1,Chennai,Electronics,69,8500,Warehouse_South,786,1
2024-01-27,5,1,Chennai,Groceries,253,150,Warehouse_West,914,4
2024-01-27,5,1,Chennai,Clothing,146,800,Warehouse_North,698,2
2024-01-27,5,1,Chennai,Furniture,32,12000,Warehouse_West,281,4
2024-01-27,5,1,Chennai,Medicines,237,200,Warehouse_West,886,3
2024-01-27,5,1,Pune,Electronics,71,8500,Warehouse_West,247,3
2024-01-27,5,1,Pune,Groceries,291,150,Warehouse_North,315,1
2024-01-27,5,1,Pune,Clothing,125,800,Warehouse_West,774,2
2024-01-27,5,1,Pune,Furniture,27,12000,Warehouse_West,642,1
2024-01-27,5,1,Pune,Medicines,262,200,Warehouse_West,919,2
2024-01-27,5,1,Hyderabad,Electronics,64,8500,Warehouse_South,548,2
2024-01-27,5,1,Hyderabad,Groceries,308,150,Warehouse_South,519,2
2024-01-27,5,1,Hyderabad,Clothing,125,800,Warehouse_North,403,2
2024-01-27,5,1,Hyderabad,Furniture,31,12000,Warehouse_South,256,2
2024-01-27,5,1,Hyderabad,Medicines,190,200,Warehouse_West,362,3
2024-01-28,6,1,Mumbai,Electronics,93,8500,Warehouse_North,200,3
2024-01-28,6,1,Mumbai,Groceries,409,150,Warehouse_North,340,4
2024-01-28,6,1,Mumbai,Clothing,170,800,Warehouse_West,393,3
2024-01-28,6,1,Mumbai,Furniture,42,12000,Warehouse_West,464,2
2024-01-28,6,1,Mumbai,Medicines,311,200,Warehouse_South,557,3
2024-01-28,6,1,Delhi,Electronics,83,8500,Warehouse_West,783,3
2024-01-28,6,1,Delhi,Groceries,424,150,Warehouse_South,244,1
2024-01-28,6,1,Delhi,Clothing,179,800,Warehouse_West,322,2
2024-01-28,6,1,Delhi,Furniture,37,12000,Warehouse_West,361,2
2024-01-28,6,1,Delhi,Medicines,289,200,Warehouse_South,387,2
2024-01-28,6,1,Bangalore,Electronics,80,8500,Warehouse_West,707,2
2024-01-28,6,1,Bangalore,Groceries,342,150,Warehouse_West,650,4
2024-01-28,6,1,Bangalore,Clothing,136,800,Warehouse_West,226,2
2024-01-28,6,1,Bangalore,Furniture,34,12000,Warehouse_North,430,1
2024-01-28,6,1,Bangalore,Medicines,276,200,Warehouse_South,636,1
2024-01-28,6,1,Chennai,Electronics,77,8500,Warehouse_North,602,1
2024-01-28,6,1,Chennai,Groceries,352,150,Warehouse_West,536,3
2024-01-28,6,1,Chennai,Clothing,117,800,Warehouse_West,743,2
2024-01-28,6,1,Chennai,Furniture,34,12000,Warehouse_South,763,4
2024-01-28,6,1,Chennai,Medicines,226,200,Warehouse_South,213,2
2024-01-28,6,1,Pune,Electronics,68,8500,Warehouse_West,221,2
2024-01-28,6,1,Pune,Groceries,296,150,Warehouse_West,459,1
2024-01-28,6,1,Pune,Clothing,114,800,Warehouse_West,489,2
2024-01-28,6,1,Pune,Furniture,29,12000,Warehouse_South,838,3
2024-01-28,6,1,Pune,Medicines,195,200,Warehouse_North,440,2
2024-01-28,6,1,Hyderabad,Electronics,52,8500,Warehouse_North,353,2
2024-01-28,6,1,Hyderabad,Groceries,308,150,Warehouse_West,287,2
2024-01-28,6,1,Hyderabad,Clothing,99,800,Warehouse_North,589,1
2024-01-28,6,1,Hyderabad,Furniture,28,12000,Warehouse_South,627,4
2024-01-28,6,1,Hyderabad,Medicines,186,200,Warehouse_South,340,3
2024-01-29,0,1,Mumbai,Electronics,65,8500,Warehouse_West,620,1
2024-01-29,0,1,Mumbai,Groceries,322,150,Warehouse_South,670,2
2024-01-29,0,1,Mumbai,Clothing,128,800,Warehouse_North,831,3
2024-01-29,0,1,Mumbai,Furniture,30,12000,Warehouse_South,374,3
2024-01-29,0,1,Mumbai,Medicines,237,200,Warehouse_North,735,4
2024-01-29,0,1,Delhi,Electronics,60,8500,Warehouse_West,984,4
2024-01-29,0,1,Delhi,Groceries,248,150,Warehouse_North,922,4
2024-01-29,0,1,Delhi,Clothing,124,800,Warehouse_North,300,2
2024-01-29,0,1,Delhi,Furniture,28,12000,Warehouse_North,554,3
2024-01-29,0,1,Delhi,Medicines,223,200,Warehouse_South,967,2
2024-01-29,0,1,Bangalore,Electronics,56,8500,Warehouse_North,596,4
2024-01-29,0,1,Bangalore,Groceries,269,150,Warehouse_West,727,1
2024-01-29,0,1,Bangalore,Clothing,99,800,Warehouse_South,299,1
2024-01-29,0,1,Bangalore,Furniture,32,12000,Warehouse_West,372,1
2024-01-29,0,1,Bangalore,Medicines,178,200,Warehouse_West,473,3
2024-01-29,0,1,Chennai,Electronics,46,8500,Warehouse_South,348,4
2024-01-29,0,1,Chennai,Groceries,192,150,Warehouse_North,451,3
2024-01-29,0,1,Chennai,Clothing,95,800,Warehouse_West,724,1
2024-01-29,0,1,Chennai,Furniture,23,12000,Warehouse_North,243,3
2024-01-29,0,1,Chennai,Medicines,178,200,Warehouse_North,785,2
2024-01-29,0,1,Pune,Electronics,46,8500,Warehouse_South,597,2
2024-01-29,0,1,Pune,Groceries,194,150,Warehouse_West,586,3
2024-01-29,0,1,Pune,Clothing,87,800,Warehouse_North,370,1
2024-01-29,0,1,Pune,Furniture,19,12000,Warehouse_South,387,2
2024-01-29,0,1,Pune,Medicines,123,200,Warehouse_West,664,4
2024-01-29,0,1,Hyderabad,Electronics,52,8500,Warehouse_South,994,2
2024-01-29,0,1,Hyderabad,Groceries,192,150,Warehouse_South,590,4
2024-01-29,0,1,Hyderabad,Clothing,82,800,Warehouse_North,864,1
2024-01-29,0,1,Hyderabad,Furniture,17,12000,Warehouse_North,837,4
2024-01-29,0,1,Hyderabad,Medicines,166,200,Warehouse_West,572,4
2024-01-30,1,1,Mumbai,Electronics,74,8500,Warehouse_West,656,4
2024-01-30,1,1,Mumbai,Groceries,303,150,Warehouse_West,975,1
2024-01-30,1,1,Mumbai,Clothing,101,800,Warehouse_North,413,3
2024-01-30,1,1,Mumbai,Furniture,32,12000,Warehouse_West,688,1
2024-01-30,1,1,Mumbai,Medicines,222,200,Warehouse_West,323,3
2024-01-30,1,1,Delhi,Electronics,51,8500,Warehouse_South,715,2
2024-01-30,1,1,Delhi,Groceries,343,150,Warehouse_West,342,4
2024-01-30,1,1,Delhi,Clothing,117,800,Warehouse_South,432,1
2024-01-30,1,1,Delhi,Furniture,26,12000,Warehouse_South,640,2
2024-01-30,1,1,Delhi,Medicines,196,200,Warehouse_North,593,3
2024-01-30,1,1,Bangalore,Electronics,50,8500,Warehouse_North,655,4
2024-01-30,1,1,Bangalore,Groceries,267,150,Warehouse_West,611,3
2024-01-30,1,1,Bangalore,Clothing,94,800,Warehouse_South,415,2
2024-01-30,1,1,Bangalore,Furniture,22,12000,Warehouse_North,758,3
2024-01-30,1,1,Bangalore,Medicines,187,200,Warehouse_North,204,4
2024-01-30,1,1,Chennai,Electronics,50,8500,Warehouse_North,658,4
2024-01-30,1,1,Chennai,Groceries,171,150,Warehouse_North,321,1
2024-01-30,1,1,Chennai,Clothing,90,800,Warehouse_South,652,2
2024-01-30,1,1,Chennai,Furniture,24,12000,Warehouse_South,789,2
2024-01-30,1,1,Chennai,Medicines,151,200,Warehouse_South,422,2
2024-01-30,1,1,Pune,Electronics,52,8500,Warehouse_North,434,4
2024-01-30,1,1,Pune,Groceries,205,150,Warehouse_North,920,4
2024-01-30,1,1,Pune,Clothing,80,800,Warehouse_West,867,4
2024-01-30,1,1,Pune,Furniture,20,12000,Warehouse_South,880,4
2024-01-30,1,1,Pune,Medicines,149,200,Warehouse_West,289,2
2024-01-30,1,1,Hyderabad,Electronics,60,8500,Warehouse_North,531,3
2024-01-30,1,1,Hyderabad,Groceries,224,150,Warehouse_West,510,2
2024-01-30,1,1,Hyderabad,Clothing,79,800,Warehouse_South,353,2
2024-01-30,1,1,Hyderabad,Furniture,21,12000,Warehouse_West,324,2
2024-01-30,1,1,Hyderabad,Medicines,136,200,Warehouse_North,818,3
2024-01-31,2,1,Mumbai,Electronics,70,8500,Warehouse_West,719,1
2024-01-31,2,1,Mumbai,Groceries,300,150,Warehouse_South,207,2
2024-01-31,2,1,Mumbai,Clothing,108,800,Warehouse_North,626,3
2024-01-31,2,1,Mumbai,Furniture,32,12000,Warehouse_North,386,4
2024-01-31,2,1,Mumbai,Medicines,258,200,Warehouse_South,243,1
2024-01-31,2,1,Delhi,Electronics,65,8500,Warehouse_North,273,4
2024-01-31,2,1,Delhi,Groceries,298,150,Warehouse_South,454,3
2024-01-31,2,1,Delhi,Clothing,109,800,Warehouse_North,927,2
2024-01-31,2,1,Delhi,Furniture,30,12000,Warehouse_West,989,1
2024-01-31,2,1,Delhi,Medicines,199,200,Warehouse_West,548,3
2024-01-31,2,1,Bangalore,Electronics,82,8500,Warehouse_West,952,3
2024-01-31,2,1,Bangalore,Groceries,216,150,Warehouse_North,805,3
2024-01-31,2,1,Bangalore,Clothing,102,800,Warehouse_South,917,1
2024-01-31,2,1,Bangalore,Furniture,23,12000,Warehouse_South,884,4
2024-01-31,2,1,Bangalore,Medicines,223,200,Warehouse_South,523,1
2024-01-31,2,1,Chennai,Electronics,36,8500,Warehouse_South,968,2
2024-01-31,2,1,Chennai,Groceries,195,150,Warehouse_North,600,2
2024-01-31,2,1,Chennai,Clothing,96,800,Warehouse_South,948,1
2024-01-31,2,1,Chennai,Furniture,22,12000,Warehouse_West,860,3
2024-01-31,2,1,Chennai,Medicines,178,200,Warehouse_South,602,1
2024-01-31,2,1,Pune,Electronics,50,8500,Warehouse_West,353,4
2024-01-31,2,1,Pune,Groceries,191,150,Warehouse_North,604,2
2024-01-31,2,1,Pune,Clothing,78,800,Warehouse_West,953,4
2024-01-31,2,1,Pune,Furniture,24,12000,Warehouse_North,420,4
2024-01-31,2,1,Pune,Medicines,137,200,Warehouse_West,757,4
2024-01-31,2,1,Hyderabad,Electronics,38,8500,Warehouse_South,704,3
2024-01-31,2,1,Hyderabad,Groceries,121,150,Warehouse_West,239,3
2024-01-31,2,1,Hyderabad,Clothing,82,800,Warehouse_North,363,2
2024-01-31,2,1,Hyderabad,Furniture,18,12000,Warehouse_West,489,1
2024-01-31,2,1,Hyderabad,Medicines,177,200,Warehouse_North,670,1
2024-02-01,3,2,Mumbai,Electronics,63,8500,Warehouse_North,453,1
2024-02-01,3,2,Mumbai,Groceries,250,150,Warehouse_South,880,1
2024-02-01,3,2,Mumbai,Clothing,112,800,Warehouse_South,556,1
2024-02-01,3,2,Mumbai,Furniture,30,12000,Warehouse_South,879,3
2024-02-01,3,2,Mumbai,Medicines,247,200,Warehouse_South,237,3
2024-02-01,3,2,Delhi,Electronics,61,8500,Warehouse_West,619,3
2024-02-01,3,2,Delhi,Groceries,324,150,Warehouse_South,505,2
2024-02-01,3,2,Delhi,Clothing,106,800,Warehouse_South,736,4
2024-02-01,3,2,Delhi,Furniture,26,12000,Warehouse_South,695,3
2024-02-01,3,2,Delhi,Medicines,220,200,Warehouse_West,939,3
2024-02-01,3,2,Bangalore,Electronics,63,8500,Warehouse_South,860,4
2024-02-01,3,2,Bangalore,Groceries,237,150,Warehouse_North,471,3
2024-02-01,3,2,Bangalore,Clothing,121,800,Warehouse_West,361,3
2024-02-01,3,2,Bangalore,Furniture,24,12000,Warehouse_South,720,1
2024-02-01,3,2,Bangalore,Medicines,209,200,Warehouse_West,352,3
2024-02-01,3,2,Chennai,Electronics,39,8500,Warehouse_North,301,1
2024-02-01,3,2,Chennai,Groceries,279,150,Warehouse_North,688,3
2024-02-01,3,2,Chennai,Clothing,125,800,Warehouse_South,303,3
2024-02-01,3,2,Chennai,Furniture,21,12000,Warehouse_North,606,2
2024-02-01,3,2,Chennai,Medicines,205,200,Warehouse_West,708,2
2024-02-01,3,2,Pune,Electronics,43,8500,Warehouse_North,676,1
2024-02-01,3,2,Pune,Groceries,197,150,Warehouse_North,781,2
2024-02-01,3,2,Pune,Clothing,68,800,Warehouse_North,774,1
2024-02-01,3,2,Pune,Furniture,21,12000,Warehouse_West,308,3
2024-02-01,3,2,Pune,Medicines,107,200,Warehouse_South,982,4
2024-02-01,3,2,Hyderabad,Electronics,48,8500,Warehouse_South,568,3
2024-02-01,3,2,Hyderabad,Groceries,188,150,Warehouse_South,469,2
2024-02-01,3,2,Hyderabad,Clothing,83,800,Warehouse_North,958,4
2024-02-01,3,2,Hyderabad,Furniture,20,12000,Warehouse_South,367,3
2024-02-01,3,2,Hyderabad,Medicines,215,200,Warehouse_North,392,1
2024-02-02,4,2,Mumbai,Electronics,72,8500,Warehouse_North,439,4
2024-02-02,4,2,Mumbai,Groceries,312,150,Warehouse_South,682,3
2024-02-02,4,2,Mumbai,Clothing,108,800,Warehouse_South,288,4
2024-02-02,4,2,Mumbai,Furniture,29,12000,Warehouse_West,651,4
2024-02-02,4,2,Mumbai,Medicines,240,200,Warehouse_West,512,1
2024-02-02,4,2,Delhi,Electronics,60,8500,Warehouse_West,405,4
2024-02-02,4,2,Delhi,Groceries,280,150,Warehouse_North,312,4
2024-02-02,4,2,Delhi,Clothing,113,800,Warehouse_South,764,3
2024-02-02,4,2,Delhi,Furniture,26,12000,Warehouse_South,296,1
2024-02-02,4,2,Delhi,Medicines,181,200,Warehouse_North,268,2
2024-02-02,4,2,Bangalore,Electronics,53,8500,Warehouse_South,688,3
2024-02-02,4,2,Bangalore,Groceries,221,150,Warehouse_South,396,3
2024-02-02,4,2,Bangalore,Clothing,102,800,Warehouse_North,340,4
2024-02-02,4,2,Bangalore,Furniture,24,12000,Warehouse_South,590,3
2024-02-02,4,2,Bangalore,Medicines,200,200,Warehouse_South,676,4
2024-02-02,4,2,Chennai,Electronics,47,8500,Warehouse_North,991,2
2024-02-02,4,2,Chennai,Groceries,219,150,Warehouse_South,216,2
2024-02-02,4,2,Chennai,Clothing,84,800,Warehouse_South,769,1
2024-02-02,4,2,Chennai,Furniture,22,12000,Warehouse_South,673,4
2024-02-02,4,2,Chennai,Medicines,173,200,Warehouse_North,930,1
2024-02-02,4,2,Pune,Electronics,34,8500,Warehouse_South,297,1
2024-02-02,4,2,Pune,Groceries,180,150,Warehouse_West,407,2
2024-02-02,4,2,Pune,Clothing,91,800,Warehouse_South,353,3
2024-02-02,4,2,Pune,Furniture,16,12000,Warehouse_West,494,3
2024-02-02,4,2,Pune,Medicines,137,200,Warehouse_West,795,3
2024-02-02,4,2,Hyderabad,Electronics,43,8500,Warehouse_West,613,1
2024-02-02,4,2,Hyderabad,Groceries,224,150,Warehouse_North,551,4
2024-02-02,4,2,Hyderabad,Clothing,66,800,Warehouse_South,944,3
2024-02-02,4,2,Hyderabad,Furniture,21,12000,Warehouse_North,651,1
2024-02-02,4,2,Hyderabad,Medicines,115,200,Warehouse_West,353,1
2024-02-03,5,2,Mumbai,Electronics,98,8500,Warehouse_West,447,2
2024-02-03,5,2,Mumbai,Groceries,430,150,Warehouse_South,613,1
2024-02-03,5,2,Mumbai,Clothing,169,800,Warehouse_North,267,3
2024-02-03,5,2,Mumbai,Furniture,40,12000,Warehouse_North,336,4
2024-02-03,5,2,Mumbai,Medicines,332,200,Warehouse_South,375,2
2024-02-03,5,2,Delhi,Electronics,98,8500,Warehouse_North,569,3
2024-02-03,5,2,Delhi,Groceries,366,150,Warehouse_West,540,3
2024-02-03,5,2,Delhi,Clothing,155,800,Warehouse_North,566,3
2024-02-03,5,2,Delhi,Furniture,39,12000,Warehouse_West,447,4
2024-02-03,5,2,Delhi,Medicines,324,200,Warehouse_North,242,1
2024-02-03,5,2,Bangalore,Electronics,90,8500,Warehouse_North,879,3
2024-02-03,5,2,Bangalore,Groceries,395,150,Warehouse_North,956,3
2024-02-03,5,2,Bangalore,Clothing,144,800,Warehouse_South,268,3
2024-02-03,5,2,Bangalore,Furniture,35,12000,Warehouse_South,495,3
2024-02-03,5,2,Bangalore,Medicines,311,200,Warehouse_South,360,3
2024-02-03,5,2,Chennai,Electronics,67,8500,Warehouse_South,805,4
2024-02-03,5,2,Chennai,Groceries,331,150,Warehouse_West,474,4
2024-02-03,5,2,Chennai,Clothing,119,800,Warehouse_West,518,1
2024-02-03,5,2,Chennai,Furniture,29,12000,Warehouse_South,802,2
2024-02-03,5,2,Chennai,Medicines,260,200,Warehouse_West,693,2
2024-02-03,5,2,Pune,Electronics,53,8500,Warehouse_West,494,1
2024-02-03,5,2,Pune,Groceries,269,150,Warehouse_North,893,1
2024-02-03,5,2,Pune,Clothing,125,800,Warehouse_North,969,1
2024-02-03,5,2,Pune,Furniture,29,12000,Warehouse_South,562,3
2024-02-03,5,2,Pune,Medicines,196,200,Warehouse_South,451,3
2024-02-03,5,2,Hyderabad,Electronics,74,8500,Warehouse_North,534,4
2024-02-03,5,2,Hyderabad,Groceries,280,150,Warehouse_West,897,1
2024-02-03,5,2,Hyderabad,Clothing,79,800,Warehouse_North,971,2
2024-02-03,5,2,Hyderabad,Furniture,25,12000,Warehouse_South,287,4
2024-02-03,5,2,Hyderabad,Medicines,210,200,Warehouse_West,328,3
2024-02-04,6,2,Mumbai,Electronics,99,8500,Warehouse_North,844,1
2024-02-04,6,2,Mumbai,Groceries,415,150,Warehouse_South,220,2
2024-02-04,6,2,Mumbai,Clothing,169,800,Warehouse_West,268,1
2024-02-04,6,2,Mumbai,Furniture,42,12000,Warehouse_West,511,2
2024-02-04,6,2,Mumbai,Medicines,266,200,Warehouse_West,251,4
2024-02-04,6,2,Delhi,Electronics,91,8500,Warehouse_North,948,3
2024-02-04,6,2,Delhi,Groceries,410,150,Warehouse_North,747,2
2024-02-04,6,2,Delhi,Clothing,150,800,Warehouse_South,376,2
2024-02-04,6,2,Delhi,Furniture,36,12000,Warehouse_North,412,1
2024-02-04,6,2,Delhi,Medicines,276,200,Warehouse_North,205,3
2024-02-04,6,2,Bangalore,Electronics,78,8500,Warehouse_North,829,1
2024-02-04,6,2,Bangalore,Groceries,394,150,Warehouse_South,286,1
2024-02-04,6,2,Bangalore,Clothing,139,800,Warehouse_South,925,1
2024-02-04,6,2,Bangalore,Furniture,30,12000,Warehouse_North,438,1
2024-02-04,6,2,Bangalore,Medicines,308,200,Warehouse_West,823,3
2024-02-04,6,2,Chennai,Electronics,64,8500,Warehouse_North,600,3
2024-02-04,6,2,Chennai,Groceries,311,150,Warehouse_South,957,1
2024-02-04,6,2,Chennai,Clothing,144,800,Warehouse_South,920,2
2024-02-04,6,2,Chennai,Furniture,28,12000,Warehouse_West,873,1
2024-02-04,6,2,Chennai,Medicines,202,200,Warehouse_South,739,3
2024-02-04,6,2,Pune,Electronics,53,8500,Warehouse_West,581,4
2024-02-04,6,2,Pune,Groceries,263,150,Warehouse_West,708,1
2024-02-04,6,2,Pune,Clothing,92,800,Warehouse_West,394,2
2024-02-04,6,2,Pune,Furniture,22,12000,Warehouse_West,648,1
2024-02-04,6,2,Pune,Medicines,150,200,Warehouse_South,292,4
2024-02-04,6,2,Hyderabad,Electronics,63,8500,Warehouse_West,404,4
2024-02-04,6,2,Hyderabad,Groceries,252,150,Warehouse_North,494,4
2024-02-04,6,2,Hyderabad,Clothing,115,800,Warehouse_South,216,3
2024-02-04,6,2,Hyderabad,Furniture,28,12000,Warehouse_West,206,2
2024-02-04,6,2,Hyderabad,Medicines,200,200,Warehouse_North,302,1
2024-02-05,0,2,Mumbai,Electronics,71,8500,Warehouse_West,736,3
2024-02-05,0,2,Mumbai,Groceries,340,150,Warehouse_North,586,3
2024-02-05,0,2,Mumbai,Clothing,116,800,Warehouse_South,579,4
2024-02-05,0,2,Mumbai,Furniture,31,12000,Warehouse_North,867,1
2024-02-05,0,2,Mumbai,Medicines,253,200,Warehouse_North,797,4
2024-02-05,0,2,Delhi,Electronics,63,8500,Warehouse_North,698,4
2024-02-05,0,2,Delhi,Groceries,312,150,Warehouse_South,612,3
2024-02-05,0,2,Delhi,Clothing,104,800,Warehouse_West,628,3
2024-02-05,0,2,Delhi,Furniture,25,12000,Warehouse_South,256,4
2024-02-05,0,2,Delhi,Medicines,208,200,Warehouse_South,634,4
2024-02-05,0,2,Bangalore,Electronics,56,8500,Warehouse_North,491,3
2024-02-05,0,2,Bangalore,Groceries,288,150,Warehouse_North,248,1
2024-02-05,0,2,Bangalore,Clothing,113,800,Warehouse_South,534,4
2024-02-05,0,2,Bangalore,Furniture,17,12000,Warehouse_North,834,2
2024-02-05,0,2,Bangalore,Medicines,170,200,Warehouse_South,405,4
2024-02-05,0,2,Chennai,Electronics,44,8500,Warehouse_West,773,4
2024-02-05,0,2,Chennai,Groceries,272,150,Warehouse_South,678,3
2024-02-05,0,2,Chennai,Clothing,84,800,Warehouse_West,613,3
2024-02-05,0,2,Chennai,Furniture,22,12000,Warehouse_North,547,3
2024-02-05,0,2,Chennai,Medicines,171,200,Warehouse_South,516,4
2024-02-05,0,2,Pune,Electronics,40,8500,Warehouse_North,449,2
2024-02-05,0,2,Pune,Groceries,202,150,Warehouse_North,567,1
2024-02-05,0,2,Pune,Clothing,96,800,Warehouse_North,554,1
2024-02-05,0,2,Pune,Furniture,16,12000,Warehouse_West,903,4
2024-02-05,0,2,Pune,Medicines,133,200,Warehouse_North,419,2
2024-02-05,0,2,Hyderabad,Electronics,48,8500,Warehouse_North,641,1
2024-02-05,0,2,Hyderabad,Groceries,219,150,Warehouse_North,775,2
2024-02-05,0,2,Hyderabad,Clothing,62,800,Warehouse_South,684,1
2024-02-05,0,2,Hyderabad,Furniture,16,12000,Warehouse_South,644,1
2024-02-05,0,2,Hyderabad,Medicines,158,200,Warehouse_West,253,4
2024-02-06,1,2,Mumbai,Electronics,63,8500,Warehouse_North,585,2
2024-02-06,1,2,Mumbai,Groceries,269,150,Warehouse_South,915,2
2024-02-06,1,2,Mumbai,Clothing,103,800,Warehouse_North,929,2
2024-02-06,1,2,Mumbai,Furniture,30,12000,Warehouse_South,595,3
2024-02-06,1,2,Mumbai,Medicines,236,200,Warehouse_North,583,2
2024-02-06,1,2,Delhi,Electronics,69,8500,Warehouse_South,704,3
2024-02-06,1,2,Delhi,Groceries,319,150,Warehouse_North,328,2
2024-02-06,1,2,Delhi,Clothing,120,800,Warehouse_North,355,1
2024-02-06,1,2,Delhi,Furniture,24,12000,Warehouse_West,989,2
2024-02-06,1,2,Delhi,Medicines,225,200,Warehouse_West,636,3
2024-02-06,1,2,Bangalore,Electronics,57,8500,Warehouse_West,539,2
2024-02-06,1,2,Bangalore,Groceries,299,150,Warehouse_North,539,4
2024-02-06,1,2,Bangalore,Clothing,99,800,Warehouse_North,774,2
2024-02-06,1,2,Bangalore,Furniture,24,12000,Warehouse_South,604,4
2024-02-06,1,2,Bangalore,Medicines,202,200,Warehouse_South,889,4
2024-02-06,1,2,Chennai,Electronics,38,8500,Warehouse_South,416,4
2024-02-06,1,2,Chennai,Groceries,222,150,Warehouse_West,654,4
2024-02-06,1,2,Chennai,Clothing,70,800,Warehouse_North,429,2
2024-02-06,1,2,Chennai,Furniture,20,12000,Warehouse_South,967,2
2024-02-06,1,2,Chennai,Medicines,179,200,Warehouse_West,475,4
2024-02-06,1,2,Pune,Electronics,52,8500,Warehouse_North,657,3
2024-02-06,1,2,Pune,Groceries,175,150,Warehouse_North,874,3
2024-02-06,1,2,Pune,Clothing,78,800,Warehouse_North,658,3
2024-02-06,1,2,Pune,Furniture,18,12000,Warehouse_North,698,2
2024-02-06,1,2,Pune,Medicines,109,200,Warehouse_North,797,2
2024-02-06,1,2,Hyderabad,Electronics,49,8500,Warehouse_West,661,4
2024-02-06,1,2,Hyderabad,Groceries,240,150,Warehouse_West,406,4
2024-02-06,1,2,Hyderabad,Clothing,87,800,Warehouse_West,641,3
2024-02-06,1,2,Hyderabad,Furniture,19,12000,Warehouse_North,337,3
2024-02-06,1,2,Hyderabad,Medicines,164,200,Warehouse_North,267,1
2024-02-07,2,2,Mumbai,Electronics,76,8500,Warehouse_South,273,1
2024-02-07,2,2,Mumbai,Groceries,323,150,Warehouse_West,864,4
2024-02-07,2,2,Mumbai,Clothing,132,800,Warehouse_West,821,2
2024-02-07,2,2,Mumbai,Furniture,30,12000,Warehouse_West,739,1
2024-02-07,2,2,Mumbai,Medicines,213,200,Warehouse_North,979,2
2024-02-07,2,2,Delhi,Electronics,77,8500,Warehouse_South,312,2
2024-02-07,2,2,Delhi,Groceries,300,150,Warehouse_West,487,3
2024-02-07,2,2,Delhi,Clothing,131,800,Warehouse_North,354,3
2024-02-07,2,2,Delhi,Furniture,28,12000,Warehouse_West,624,3
2024-02-07,2,2,Delhi,Medicines,224,200,Warehouse_West,381,2
2024-02-07,2,2,Bangalore,Electronics,69,8500,Warehouse_West,459,1
2024-02-07,2,2,Bangalore,Groceries,270,150,Warehouse_West,815,4
2024-02-07,2,2,Bangalore,Clothing,105,800,Warehouse_North,292,2
2024-02-07,2,2,Bangalore,Furniture,24,12000,Warehouse_South,633,4
2024-02-07,2,2,Bangalore,Medicines,190,200,Warehouse_South,731,2
2024-02-07,2,2,Chennai,Electronics,40,8500,Warehouse_South,842,4
2024-02-07,2,2,Chennai,Groceries,144,150,Warehouse_North,941,2
2024-02-07,2,2,Chennai,Clothing,84,800,Warehouse_South,737,3
2024-02-07,2,2,Chennai,Furniture,16,12000,Warehouse_South,859,4
2024-02-07,2,2,Chennai,Medicines,190,200,Warehouse_North,495,2
2024-02-07,2,2,Pune,Electronics,46,8500,Warehouse_West,343,2
2024-02-07,2,2,Pune,Groceries,177,150,Warehouse_South,946,3
2024-02-07,2,2,Pune,Clothing,85,800,Warehouse_West,380,3
2024-02-07,2,2,Pune,Furniture,20,12000,Warehouse_West,272,3
2024-02-07,2,2,Pune,Medicines,136,200,Warehouse_North,950,3
2024-02-07,2,2,Hyderabad,Electronics,40,8500,Warehouse_West,463,3
2024-02-07,2,2,Hyderabad,Groceries,184,150,Warehouse_West,467,1
2024-02-07,2,2,Hyderabad,Clothing,77,800,Warehouse_North,263,2
2024-02-07,2,2,Hyderabad,Furniture,18,12000,Warehouse_South,962,4
2024-02-07,2,2,Hyderabad,Medicines,146,200,Warehouse_South,557,4
2024-02-08,3,2,Mumbai,Electronics,56,8500,Warehouse_West,309,4
2024-02-08,3,2,Mumbai,Groceries,286,150,Warehouse_North,767,4
2024-02-08,3,2,Mumbai,Clothing,114,800,Warehouse_North,212,4
2024-02-08,3,2,Mumbai,Furniture,33,12000,Warehouse_North,993,2
2024-02-08,3,2,Mumbai,Medicines,229,200,Warehouse_South,582,4
2024-02-08,3,2,Delhi,Electronics,64,8500,Warehouse_West,575,3
2024-02-08,3,2,Delhi,Groceries,305,150,Warehouse_South,652,4
2024-02-08,3,2,Delhi,Clothing,130,800,Warehouse_South,465,4
2024-02-08,3,2,Delhi,Furniture,24,12000,Warehouse_South,542,1
2024-02-08,3,2,Delhi,Medicines,184,200,Warehouse_North,446,3
2024-02-08,3,2,Bangalore,Electronics,64,8500,Warehouse_South,380,4
2024-02-08,3,2,Bangalore,Groceries,243,150,Warehouse_South,976,2
2024-02-08,3,2,Bangalore,Clothing,110,800,Warehouse_West,598,2
2024-02-08,3,2,Bangalore,Furniture,30,12000,Warehouse_West,702,3
2024-02-08,3,2,Bangalore,Medicines,229,200,Warehouse_South,930,1
2024-02-08,3,2,Chennai,Electronics,51,8500,Warehouse_South,919,1
2024-02-08,3,2,Chennai,Groceries,120,150,Warehouse_West,643,3
2024-02-08,3,2,Chennai,Clothing,70,800,Warehouse_North,426,4
2024-02-08,3,2,Chennai,Furniture,16,12000,Warehouse_West,544,4
2024-02-08,3,2,Chennai,Medicines,144,200,Warehouse_South,687,1
2024-02-08,3,2,Pune,Electronics,56,8500,Warehouse_South,469,3
2024-02-08,3,2,Pune,Groceries,202,150,Warehouse_South,331,4
2024-02-08,3,2,Pune,Clothing,54,800,Warehouse_West,685,3
2024-02-08,3,2,Pune,Furniture,22,12000,Warehouse_South,319,4
2024-02-08,3,2,Pune,Medicines,155,200,Warehouse_West,436,2
2024-02-08,3,2,Hyderabad,Electronics,43,8500,Warehouse_South,919,2
2024-02-08,3,2,Hyderabad,Groceries,241,150,Warehouse_West,271,2
2024-02-08,3,2,Hyderabad,Clothing,102,800,Warehouse_North,205,2
2024-02-08,3,2,Hyderabad,Furniture,19,12000,Warehouse_West,998,1
2024-02-08,3,2,Hyderabad,Medicines,166,200,Warehouse_West,901,4
2024-02-09,4,2,Mumbai,Electronics,60,8500,Warehouse_South,924,2
2024-02-09,4,2,Mumbai,Groceries,320,150,Warehouse_West,582,2
2024-02-09,4,2,Mumbai,Clothing,128,800,Warehouse_South,825,1
2024-02-09,4,2,Mumbai,Furniture,34,12000,Warehouse_North,536,2
2024-02-09,4,2,Mumbai,Medicines,233,200,Warehouse_North,472,4
2024-02-09,4,2,Delhi,Electronics,51,8500,Warehouse_South,527,2
2024-02-09,4,2,Delhi,Groceries,301,150,Warehouse_West,898,1
2024-02-09,4,2,Delhi,Clothing,114,800,Warehouse_West,428,1
2024-02-09,4,2,Delhi,Furniture,30,12000,Warehouse_West,201,2
2024-02-09,4,2,Delhi,Medicines,232,200,Warehouse_South,710,1
2024-02-09,4,2,Bangalore,Electronics,60,8500,Warehouse_South,932,2
2024-02-09,4,2,Bangalore,Groceries,265,150,Warehouse_South,537,1
2024-02-09,4,2,Bangalore,Clothing,117,800,Warehouse_West,666,4
2024-02-09,4,2,Bangalore,Furniture,28,12000,Warehouse_West,400,4
2024-02-09,4,2,Bangalore,Medicines,206,200,Warehouse_West,583,4
2024-02-09,4,2,Chennai,Electronics,76,8500,Warehouse_South,616,1
2024-02-09,4,2,Chennai,Groceries,255,150,Warehouse_North,243,3
2024-02-09,4,2,Chennai,Clothing,85,800,Warehouse_West,297,4
2024-02-09,4,2,Chennai,Furniture,20,12000,Warehouse_North,271,3
2024-02-09,4,2,Chennai,Medicines,172,200,Warehouse_South,467,1
2024-02-09,4,2,Pune,Electronics,36,8500,Warehouse_West,338,3
2024-02-09,4,2,Pune,Groceries,213,150,Warehouse_West,472,1
2024-02-09,4,2,Pune,Clothing,89,800,Warehouse_North,623,3
2024-02-09,4,2,Pune,Furniture,16,12000,Warehouse_South,541,2
2024-02-09,4,2,Pune,Medicines,175,200,Warehouse_West,911,1
2024-02-09,4,2,Hyderabad,Electronics,39,8500,Warehouse_North,426,3
2024-02-09,4,2,Hyderabad,Groceries,194,150,Warehouse_West,649,3
2024-02-09,4,2,Hyderabad,Clothing,79,800,Warehouse_West,867,3
2024-02-09,4,2,Hyderabad,Furniture,24,12000,Warehouse_South,227,2
2024-02-09,4,2,Hyderabad,Medicines,172,200,Warehouse_South,318,1
2024-02-10,5,2,Mumbai,Electronics,96,8500,Warehouse_South,376,3
2024-02-10,5,2,Mumbai,Groceries,436,150,Warehouse_South,468,4
2024-02-10,5,2,Mumbai,Clothing,173,800,Warehouse_West,899,2
2024-02-10,5,2,Mumbai,Furniture,47,12000,Warehouse_West,385,4
2024-02-10,5,2,Mumbai,Medicines,301,200,Warehouse_West,995,1
2024-02-10,5,2,Delhi,Electronics,86,8500,Warehouse_South,409,4
2024-02-10,5,2,Delhi,Groceries,377,150,Warehouse_South,691,3
2024-02-10,5,2,Delhi,Clothing,142,800,Warehouse_North,566,4
2024-02-10,5,2,Delhi,Furniture,36,12000,Warehouse_West,853,1
2024-02-10,5,2,Delhi,Medicines,315,200,Warehouse_North,710,2
2024-02-10,5,2,Bangalore,Electronics,73,8500,Warehouse_West,351,1
2024-02-10,5,2,Bangalore,Groceries,389,150,Warehouse_West,482,4
2024-02-10,5,2,Bangalore,Clothing,143,800,Warehouse_North,892,4
2024-02-10,5,2,Bangalore,Furniture,40,12000,Warehouse_South,886,2
2024-02-10,5,2,Bangalore,Medicines,264,200,Warehouse_West,331,3
2024-02-10,5,2,Chennai,Electronics,75,8500,Warehouse_West,567,1
2024-02-10,5,2,Chennai,Groceries,358,150,Warehouse_West,577,1
2024-02-10,5,2,Chennai,Clothing,117,800,Warehouse_North,632,4
2024-02-10,5,2,Chennai,Furniture,31,12000,Warehouse_North,493,1
2024-02-10,5,2,Chennai,Medicines,218,200,Warehouse_West,449,2
2024-02-10,5,2,Pune,Electronics,53,8500,Warehouse_North,269,1
2024-02-10,5,2,Pune,Groceries,339,150,Warehouse_West,311,4
2024-02-10,5,2,Pune,Clothing,122,800,Warehouse_South,860,4
2024-02-10,5,2,Pune,Furniture,31,12000,Warehouse_West,925,4
2024-02-10,5,2,Pune,Medicines,226,200,Warehouse_South,337,1
2024-02-10,5,2,Hyderabad,Electronics,64,8500,Warehouse_North,911,3
2024-02-10,5,2,Hyderabad,Groceries,304,150,Warehouse_South,436,1
2024-02-10,5,2,Hyderabad,Clothing,103,800,Warehouse_West,748,4
2024-02-10,5,2,Hyderabad,Furniture,28,12000,Warehouse_North,784,3
2024-02-10,5,2,Hyderabad,Medicines,191,200,Warehouse_South,648,4
2024-02-11,6,2,Mumbai,Electronics,94,8500,Warehouse_West,801,1
2024-02-11,6,2,Mumbai,Groceries,413,150,Warehouse_West,644,1
2024-02-11,6,2,Mumbai,Clothing,145,800,Warehouse_West,742,4
2024-02-11,6,2,Mumbai,Furniture,39,12000,Warehouse_North,787,1
2024-02-11,6,2,Mumbai,Medicines,280,200,Warehouse_West,584,1
2024-02-11,6,2,Delhi,Electronics,86,8500,Warehouse_North,390,2
2024-02-11,6,2,Delhi,Groceries,424,150,Warehouse_North,221,2
2024-02-11,6,2,Delhi,Clothing,151,800,Warehouse_West,407,4
2024-02-11,6,2,Delhi,Furniture,35,12000,Warehouse_South,695,2
2024-02-11,6,2,Delhi,Medicines,298,200,Warehouse_North,973,3
2024-02-11,6,2,Bangalore,Electronics,78,8500,Warehouse_North,854,2
2024-02-11,6,2,Bangalore,Groceries,324,150,Warehouse_North,994,1
2024-02-11,6,2,Bangalore,Clothing,123,800,Warehouse_West,259,2
2024-02-11,6,2,Bangalore,Furniture,35,12000,Warehouse_North,769,1
2024-02-11,6,2,Bangalore,Medicines,314,200,Warehouse_West,204,2
2024-02-11,6,2,Chennai,Electronics,59,8500,Warehouse_South,909,3
2024-02-11,6,2,Chennai,Groceries,312,150,Warehouse_North,448,2
2024-02-11,6,2,Chennai,Clothing,123,800,Warehouse_South,212,3
2024-02-11,6,2,Chennai,Furniture,27,12000,Warehouse_West,774,3
2024-02-11,6,2,Chennai,Medicines,226,200,Warehouse_West,618,1
2024-02-11,6,2,Pune,Electronics,54,8500,Warehouse_West,321,4
2024-02-11,6,2,Pune,Groceries,300,150,Warehouse_North,580,1
2024-02-11,6,2,Pune,Clothing,131,800,Warehouse_South,327,2
2024-02-11,6,2,Pune,Furniture,26,12000,Warehouse_North,662,3
2024-02-11,6,2,Pune,Medicines,220,200,Warehouse_South,587,1
2024-02-11,6,2,Hyderabad,Electronics,51,8500,Warehouse_South,483,4
2024-02-11,6,2,Hyderabad,Groceries,284,150,Warehouse_South,335,4
2024-02-11,6,2,Hyderabad,Clothing,124,800,Warehouse_West,370,3
2024-02-11,6,2,Hyderabad,Furniture,28,12000,Warehouse_North,997,2
2024-02-11,6,2,Hyderabad,Medicines,225,200,Warehouse_South,857,2
2024-02-12,0,2,Mumbai,Electronics,62,8500,Warehouse_South,370,2
2024-02-12,0,2,Mumbai,Groceries,354,150,Warehouse_North,862,1
2024-02-12,0,2,Mumbai,Clothing,115,800,Warehouse_North,205,4
2024-02-12,0,2,Mumbai,Furniture,29,12000,Warehouse_South,345,3
2024-02-12,0,2,Mumbai,Medicines,277,200,Warehouse_North,401,4
2024-02-12,0,2,Delhi,Electronics,45,8500,Warehouse_South,823,4
2024-02-12,0,2,Delhi,Groceries,277,150,Warehouse_North,615,2
2024-02-12,0,2,Delhi,Clothing,117,800,Warehouse_South,490,2
2024-02-12,0,2,Delhi,Furniture,27,12000,Warehouse_West,978,1
2024-02-12,0,2,Delhi,Medicines,188,200,Warehouse_West,714,1
2024-02-12,0,2,Bangalore,Electronics,69,8500,Warehouse_North,729,1
2024-02-12,0,2,Bangalore,Groceries,292,150,Warehouse_West,432,1
2024-02-12,0,2,Bangalore,Clothing,109,800,Warehouse_West,268,3
2024-02-12,0,2,Bangalore,Furniture,22,12000,Warehouse_West,229,1
2024-02-12,0,2,Bangalore,Medicines,187,200,Warehouse_West,224,2
2024-02-12,0,2,Chennai,Electronics,47,8500,Warehouse_South,689,1
2024-02-12,0,2,Chennai,Groceries,187,150,Warehouse_West,224,2
2024-02-12,0,2,Chennai,Clothing,103,800,Warehouse_West,315,4
2024-02-12,0,2,Chennai,Furniture,20,12000,Warehouse_West,796,1
2024-02-12,0,2,Chennai,Medicines,151,200,Warehouse_South,884,3
2024-02-12,0,2,Pune,Electronics,42,8500,Warehouse_South,320,2
2024-02-12,0,2,Pune,Groceries,184,150,Warehouse_South,253,3
2024-02-12,0,2,Pune,Clothing,81,800,Warehouse_South,682,1
2024-02-12,0,2,Pune,Furniture,18,12000,Warehouse_West,855,2
2024-02-12,0,2,Pune,Medicines,134,200,Warehouse_West,503,2
2024-02-12,0,2,Hyderabad,Electronics,52,8500,Warehouse_North,957,2
2024-02-12,0,2,Hyderabad,Groceries,201,150,Warehouse_West,271,3
2024-02-12,0,2,Hyderabad,Clothing,71,800,Warehouse_West,774,4
2024-02-12,0,2,Hyderabad,Furniture,19,12000,Warehouse_West,216,3
2024-02-12,0,2,Hyderabad,Medicines,131,200,Warehouse_North,664,4
2024-02-13,1,2,Mumbai,Electronics,64,8500,Warehouse_South,919,4
2024-02-13,1,2,Mumbai,Groceries,293,150,Warehouse_South,374,4
2024-02-13,1,2,Mumbai,Clothing,107,800,Warehouse_South,270,1
2024-02-13,1,2,Mumbai,Furniture,27,12000,Warehouse_North,492,1
2024-02-13,1,2,Mumbai,Medicines,201,200,Warehouse_South,635,3
2024-02-13,1,2,Delhi,Electronics,51,8500,Warehouse_North,817,1
2024-02-13,1,2,Delhi,Groceries,298,150,Warehouse_North,859,1
2024-02-13,1,2,Delhi,Clothing,120,800,Warehouse_South,363,2
2024-02-13,1,2,Delhi,Furniture,33,12000,Warehouse_North,229,1
2024-02-13,1,2,Delhi,Medicines,190,200,Warehouse_West,670,2
2024-02-13,1,2,Bangalore,Electronics,62,8500,Warehouse_North,733,4
2024-02-13,1,2,Bangalore,Groceries,225,150,Warehouse_West,942,3
2024-02-13,1,2,Bangalore,Clothing,86,800,Warehouse_West,534,1
2024-02-13,1,2,Bangalore,Furniture,24,12000,Warehouse_North,487,4
2024-02-13,1,2,Bangalore,Medicines,205,200,Warehouse_South,499,2
2024-02-13,1,2,Chennai,Electronics,63,8500,Warehouse_North,848,2
2024-02-13,1,2,Chennai,Groceries,188,150,Warehouse_South,677,3
2024-02-13,1,2,Chennai,Clothing,88,800,Warehouse_West,640,1
2024-02-13,1,2,Chennai,Furniture,20,12000,Warehouse_North,487,2
2024-02-13,1,2,Chennai,Medicines,181,200,Warehouse_West,337,2
2024-02-13,1,2,Pune,Electronics,55,8500,Warehouse_South,622,1
2024-02-13,1,2,Pune,Groceries,233,150,Warehouse_West,306,4
2024-02-13,1,2,Pune,Clothing,82,800,Warehouse_West,609,3
2024-02-13,1,2,Pune,Furniture,23,12000,Warehouse_South,806,1
2024-02-13,1,2,Pune,Medicines,128,200,Warehouse_South,910,2
2024-02-13,1,2,Hyderabad,Electronics,40,8500,Warehouse_South,991,4
2024-02-13,1,2,Hyderabad,Groceries,186,150,Warehouse_South,994,1
2024-02-13,1,2,Hyderabad,Clothing,90,800,Warehouse_South,855,2
2024-02-13,1,2,Hyderabad,Furniture,14,12000,Warehouse_South,995,1
2024-02-13,1,2,Hyderabad,Medicines,191,200,Warehouse_North,977,4
2024-02-14,2,2,Mumbai,Electronics,66,8500,Warehouse_North,573,2
2024-02-14,2,2,Mumbai,Groceries,312,150,Warehouse_West,620,2
2024-02-14,2,2,Mumbai,Clothing,123,800,Warehouse_South,562,3
2024-02-14,2,2,Mumbai,Furniture,27,12000,Warehouse_North,535,2
2024-02-14,2,2,Mumbai,Medicines,233,200,Warehouse_North,787,2
2024-02-14,2,2,Delhi,Electronics,54,8500,Warehouse_North,721,4
2024-02-14,2,2,Delhi,Groceries,292,150,Warehouse_West,259,2
2024-02-14,2,2,Delhi,Clothing,116,800,Warehouse_North,634,4
2024-02-14,2,2,Delhi,Furniture,27,12000,Warehouse_South,870,1
2024-02-14,2,2,Delhi,Medicines,250,200,Warehouse_South,393,1
2024-02-14,2,2,Bangalore,Electronics,61,8500,Warehouse_North,479,1
2024-02-14,2,2,Bangalore,Groceries,298,150,Warehouse_South,821,2
2024-02-14,2,2,Bangalore,Clothing,108,800,Warehouse_South,653,4
2024-02-14,2,2,Bangalore,Furniture,26,12000,Warehouse_North,619,2
2024-02-14,2,2,Bangalore,Medicines,237,200,Warehouse_North,295,1
2024-02-14,2,2,Chennai,Electronics,51,8500,Warehouse_North,363,4
2024-02-14,2,2,Chennai,Groceries,216,150,Warehouse_North,322,4
2024-02-14,2,2,Chennai,Clothing,91,800,Warehouse_West,651,1
2024-02-14,2,2,Chennai,Furniture,25,12000,Warehouse_West,917,2
2024-02-14,2,2,Chennai,Medicines,204,200,Warehouse_North,798,2
2024-02-14,2,2,Pune,Electronics,44,8500,Warehouse_North,308,3
2024-02-14,2,2,Pune,Groceries,104,150,Warehouse_West,815,4
2024-02-14,2,2,Pune,Clothing,75,800,Warehouse_North,444,3
2024-02-14,2,2,Pune,Furniture,20,12000,Warehouse_West,984,4
2024-02-14,2,2,Pune,Medicines,176,200,Warehouse_West,923,3
2024-02-14,2,2,Hyderabad,Electronics,45,8500,Warehouse_North,400,1
2024-02-14,2,2,Hyderabad,Groceries,202,150,Warehouse_South,707,3
2024-02-14,2,2,Hyderabad,Clothing,69,800,Warehouse_North,271,3
2024-02-14,2,2,Hyderabad,Furniture,16,12000,Warehouse_West,765,4
2024-02-14,2,2,Hyderabad,Medicines,148,200,Warehouse_West,253,2
2024-02-15,3,2,Mumbai,Electronics,54,8500,Warehouse_North,310,1
2024-02-15,3,2,Mumbai,Groceries,288,150,Warehouse_North,905,1
2024-02-15,3,2,Mumbai,Clothing,123,800,Warehouse_West,872,3
2024-02-15,3,2,Mumbai,Furniture,33,12000,Warehouse_West,908,3
2024-02-15,3,2,Mumbai,Medicines,229,200,Warehouse_North,878,4
2024-02-15,3,2,Delhi,Electronics,56,8500,Warehouse_West,986,2
2024-02-15,3,2,Delhi,Groceries,283,150,Warehouse_North,387,1
2024-02-15,3,2,Delhi,Clothing,109,800,Warehouse_South,675,4
2024-02-15,3,2,Delhi,Furniture,32,12000,Warehouse_West,410,4
2024-02-15,3,2,Delhi,Medicines,209,200,Warehouse_South,951,3
2024-02-15,3,2,Bangalore,Electronics,75,8500,Warehouse_North,219,4
2024-02-15,3,2,Bangalore,Groceries,240,150,Warehouse_West,951,3
2024-02-15,3,2,Bangalore,Clothing,103,800,Warehouse_West,978,2
2024-02-15,3,2,Bangalore,Furniture,27,12000,Warehouse_South,610,3
2024-02-15,3,2,Bangalore,Medicines,194,200,Warehouse_South,941,1
2024-02-15,3,2,Chennai,Electronics,45,8500,Warehouse_South,419,1
2024-02-15,3,2,Chennai,Groceries,221,150,Warehouse_South,575,3
2024-02-15,3,2,Chennai,Clothing,92,800,Warehouse_West,558,1
2024-02-15,3,2,Chennai,Furniture,19,12000,Warehouse_West,828,1
2024-02-15,3,2,Chennai,Medicines,191,200,Warehouse_South,799,4
2024-02-15,3,2,Pune,Electronics,38,8500,Warehouse_South,459,3
2024-02-15,3,2,Pune,Groceries,236,150,Warehouse_North,206,2
2024-02-15,3,2,Pune,Clothing,68,800,Warehouse_North,414,1
2024-02-15,3,2,Pune,Furniture,15,12000,Warehouse_West,697,4
2024-02-15,3,2,Pune,Medicines,108,200,Warehouse_North,253,1
2024-02-15,3,2,Hyderabad,Electronics,51,8500,Warehouse_West,363,2
2024-02-15,3,2,Hyderabad,Groceries,213,150,Warehouse_North,919,2
2024-02-15,3,2,Hyderabad,Clothing,68,800,Warehouse_South,699,1
2024-02-15,3,2,Hyderabad,Furniture,19,12000,Warehouse_North,557,2
2024-02-15,3,2,Hyderabad,Medicines,173,200,Warehouse_West,758,1
2024-02-16,4,2,Mumbai,Electronics,80,8500,Warehouse_South,519,3
2024-02-16,4,2,Mumbai,Groceries,276,150,Warehouse_North,689,3
2024-02-16,4,2,Mumbai,Clothing,124,800,Warehouse_North,529,2
2024-02-16,4,2,Mumbai,Furniture,30,12000,Warehouse_North,590,4
2024-02-16,4,2,Mumbai,Medicines,184,200,Warehouse_North,712,4
2024-02-16,4,2,Delhi,Electronics,73,8500,Warehouse_North,387,2
2024-02-16,4,2,Delhi,Groceries,283,150,Warehouse_South,929,4
2024-02-16,4,2,Delhi,Clothing,106,800,Warehouse_North,270,2
2024-02-16,4,2,Delhi,Furniture,25,12000,Warehouse_North,491,2
2024-02-16,4,2,Delhi,Medicines,204,200,Warehouse_West,482,4
2024-02-16,4,2,Bangalore,Electronics,57,8500,Warehouse_North,727,3
2024-02-16,4,2,Bangalore,Groceries,284,150,Warehouse_West,962,3
2024-02-16,4,2,Bangalore,Clothing,120,800,Warehouse_West,503,2
2024-02-16,4,2,Bangalore,Furniture,21,12000,Warehouse_South,238,1
2024-02-16,4,2,Bangalore,Medicines,246,200,Warehouse_South,729,2
2024-02-16,4,2,Chennai,Electronics,46,8500,Warehouse_North,454,3
2024-02-16,4,2,Chennai,Groceries,184,150,Warehouse_South,798,2
2024-02-16,4,2,Chennai,Clothing,102,800,Warehouse_North,589,2
2024-02-16,4,2,Chennai,Furniture,25,12000,Warehouse_West,300,2
2024-02-16,4,2,Chennai,Medicines,174,200,Warehouse_West,965,1
2024-02-16,4,2,Pune,Electronics,47,8500,Warehouse_South,354,3
2024-02-16,4,2,Pune,Groceries,185,150,Warehouse_North,445,1
2024-02-16,4,2,Pune,Clothing,56,800,Warehouse_South,891,3
2024-02-16,4,2,Pune,Furniture,22,12000,Warehouse_North,371,2
2024-02-16,4,2,Pune,Medicines,145,200,Warehouse_South,947,2
2024-02-16,4,2,Hyderabad,Electronics,43,8500,Warehouse_North,385,1
2024-02-16,4,2,Hyderabad,Groceries,187,150,Warehouse_West,779,3
2024-02-16,4,2,Hyderabad,Clothing,85,800,Warehouse_South,395,1
2024-02-16,4,2,Hyderabad,Furniture,17,12000,Warehouse_South,371,3
2024-02-16,4,2,Hyderabad,Medicines,150,200,Warehouse_South,625,1
2024-02-17,5,2,Mumbai,Electronics,92,8500,Warehouse_West,343,3
2024-02-17,5,2,Mumbai,Groceries,418,150,Warehouse_South,878,4
2024-02-17,5,2,Mumbai,Clothing,165,800,Warehouse_North,464,2
2024-02-17,5,2,Mumbai,Furniture,41,12000,Warehouse_North,861,4
2024-02-17,5,2,Mumbai,Medicines,326,200,Warehouse_North,679,3
2024-02-17,5,2,Delhi,Electronics,92,8500,Warehouse_South,450,3
2024-02-17,5,2,Delhi,Groceries,434,150,Warehouse_West,586,3
2024-02-17,5,2,Delhi,Clothing,139,800,Warehouse_South,547,1
2024-02-17,5,2,Delhi,Furniture,37,12000,Warehouse_West,493,1
2024-02-17,5,2,Delhi,Medicines,290,200,Warehouse_North,346,3
2024-02-17,5,2,Bangalore,Electronics,89,8500,Warehouse_West,890,1
2024-02-17,5,2,Bangalore,Groceries,352,150,Warehouse_West,756,4
2024-02-17,5,2,Bangalore,Clothing,165,800,Warehouse_North,533,1
2024-02-17,5,2,Bangalore,Furniture,42,12000,Warehouse_North,526,3
2024-02-17,5,2,Bangalore,Medicines,286,200,Warehouse_South,607,1
2024-02-17,5,2,Chennai,Electronics,72,8500,Warehouse_North,627,1
2024-02-17,5,2,Chennai,Groceries,335,150,Warehouse_North,505,4
2024-02-17,5,2,Chennai,Clothing,102,800,Warehouse_North,664,4
2024-02-17,5,2,Chennai,Furniture,30,12000,Warehouse_North,619,1
2024-02-17,5,2,Chennai,Medicines,207,200,Warehouse_West,370,2
2024-02-17,5,2,Pune,Electronics,65,8500,Warehouse_South,389,1
2024-02-17,5,2,Pune,Groceries,283,150,Warehouse_West,995,2
2024-02-17,5,2,Pune,Clothing,100,800,Warehouse_West,255,3
2024-02-17,5,2,Pune,Furniture,29,12000,Warehouse_West,336,4
2024-02-17,5,2,Pune,Medicines,231,200,Warehouse_South,448,2
2024-02-17,5,2,Hyderabad,Electronics,75,8500,Warehouse_West,717,4
2024-02-17,5,2,Hyderabad,Groceries,241,150,Warehouse_South,566,2
2024-02-17,5,2,Hyderabad,Clothing,111,800,Warehouse_South,569,3
2024-02-17,5,2,Hyderabad,Furniture,25,12000,Warehouse_West,346,3
2024-02-17,5,2,Hyderabad,Medicines,180,200,Warehouse_West,508,2
2024-02-18,6,2,Mumbai,Electronics,94,8500,Warehouse_North,904,3
2024-02-18,6,2,Mumbai,Groceries,421,150,Warehouse_West,925,3
2024-02-18,6,2,Mumbai,Clothing,160,800,Warehouse_West,488,3
2024-02-18,6,2,Mumbai,Furniture,44,12000,Warehouse_West,891,1
2024-02-18,6,2,Mumbai,Medicines,321,200,Warehouse_South,837,3
2024-02-18,6,2,Delhi,Electronics,93,8500,Warehouse_South,861,4
2024-02-18,6,2,Delhi,Groceries,430,150,Warehouse_North,757,4
2024-02-18,6,2,Delhi,Clothing,164,800,Warehouse_West,413,1
2024-02-18,6,2,Delhi,Furniture,36,12000,Warehouse_North,264,2
2024-02-18,6,2,Delhi,Medicines,289,200,Warehouse_West,826,4
2024-02-18,6,2,Bangalore,Electronics,88,8500,Warehouse_South,788,3
2024-02-18,6,2,Bangalore,Groceries,395,150,Warehouse_South,662,1
2024-02-18,6,2,Bangalore,Clothing,132,800,Warehouse_West,665,4
2024-02-18,6,2,Bangalore,Furniture,38,12000,Warehouse_West,502,4
2024-02-18,6,2,Bangalore,Medicines,268,200,Warehouse_West,845,3
2024-02-18,6,2,Chennai,Electronics,58,8500,Warehouse_North,444,1
2024-02-18,6,2,Chennai,Groceries,269,150,Warehouse_North,788,1
2024-02-18,6,2,Chennai,Clothing,118,800,Warehouse_West,859,1
2024-02-18,6,2,Chennai,Furniture,28,12000,Warehouse_South,697,1
2024-02-18,6,2,Chennai,Medicines,243,200,Warehouse_South,530,1
2024-02-18,6,2,Pune,Electronics,60,8500,Warehouse_West,853,2
2024-02-18,6,2,Pune,Groceries,274,150,Warehouse_West,702,1
2024-02-18,6,2,Pune,Clothing,101,800,Warehouse_South,440,4
2024-02-18,6,2,Pune,Furniture,27,12000,Warehouse_North,543,1
2024-02-18,6,2,Pune,Medicines,226,200,Warehouse_North,628,1
2024-02-18,6,2,Hyderabad,Electronics,54,8500,Warehouse_South,690,2
2024-02-18,6,2,Hyderabad,Groceries,286,150,Warehouse_West,922,1
2024-02-18,6,2,Hyderabad,Clothing,122,800,Warehouse_South,698,1
2024-02-18,6,2,Hyderabad,Furniture,24,12000,Warehouse_South,947,4
2024-02-18,6,2,Hyderabad,Medicines,216,200,Warehouse_West,601,2
2024-02-19,0,2,Mumbai,Electronics,81,8500,Warehouse_North,833,2
2024-02-19,0,2,Mumbai,Groceries,258,150,Warehouse_North,247,3
2024-02-19,0,2,Mumbai,Clothing,102,800,Warehouse_North,528,3
2024-02-19,0,2,Mumbai,Furniture,30,12000,Warehouse_West,715,3
2024-02-19,0,2,Mumbai,Medicines,215,200,Warehouse_South,587,1
2024-02-19,0,2,Delhi,Electronics,68,8500,Warehouse_West,810,1
2024-02-19,0,2,Delhi,Groceries,276,150,Warehouse_West,857,3
2024-02-19,0,2,Delhi,Clothing,123,800,Warehouse_South,804,1
2024-02-19,0,2,Delhi,Furniture,26,12000,Warehouse_West,695,3
2024-02-19,0,2,Delhi,Medicines,202,200,Warehouse_South,967,1
2024-02-19,0,2,Bangalore,Electronics,55,8500,Warehouse_North,273,4
2024-02-19,0,2,Bangalore,Groceries,219,150,Warehouse_North,507,3
2024-02-19,0,2,Bangalore,Clothing,94,800,Warehouse_West,814,4
2024-02-19,0,2,Bangalore,Furniture,20,12000,Warehouse_West,350,1
2024-02-19,0,2,Bangalore,Medicines,217,200,Warehouse_West,934,1
2024-02-19,0,2,Chennai,Electronics,44,8500,Warehouse_West,633,4
2024-02-19,0,2,Chennai,Groceries,190,150,Warehouse_South,864,1
2024-02-19,0,2,Chennai,Clothing,84,800,Warehouse_South,931,2
2024-02-19,0,2,Chennai,Furniture,19,12000,Warehouse_West,793,3
2024-02-19,0,2,Chennai,Medicines,196,200,Warehouse_South,391,1
2024-02-19,0,2,Pune,Electronics,41,8500,Warehouse_West,566,2
2024-02-19,0,2,Pune,Groceries,157,150,Warehouse_North,523,3
2024-02-19,0,2,Pune,Clothing,85,800,Warehouse_West,469,1
2024-02-19,0,2,Pune,Furniture,20,12000,Warehouse_West,811,3
2024-02-19,0,2,Pune,Medicines,143,200,Warehouse_West,783,2
2024-02-19,0,2,Hyderabad,Electronics,48,8500,Warehouse_West,753,1
2024-02-19,0,2,Hyderabad,Groceries,223,150,Warehouse_West,721,2
2024-02-19,0,2,Hyderabad,Clothing,74,800,Warehouse_North,717,4
2024-02-19,0,2,Hyderabad,Furniture,18,12000,Warehouse_South,351,3
2024-02-19,0,2,Hyderabad,Medicines,146,200,Warehouse_South,582,3
2024-02-20,1,2,Mumbai,Electronics,64,8500,Warehouse_West,365,1
2024-02-20,1,2,Mumbai,Groceries,294,150,Warehouse_South,801,4
2024-02-20,1,2,Mumbai,Clothing,134,800,Warehouse_South,527,3
2024-02-20,1,2,Mumbai,Furniture,26,12000,Warehouse_South,258,3
2024-02-20,1,2,Mumbai,Medicines,234,200,Warehouse_West,399,4
2024-02-20,1,2,Delhi,Electronics,58,8500,Warehouse_South,907,3
2024-02-20,1,2,Delhi,Groceries,278,150,Warehouse_West,482,1
2024-02-20,1,2,Delhi,Clothing,112,800,Warehouse_West,663,2
2024-02-20,1,2,Delhi,Furniture,29,12000,Warehouse_North,889,3
2024-02-20,1,2,Delhi,Medicines,232,200,Warehouse_North,898,3
2024-02-20,1,2,Bangalore,Electronics,68,8500,Warehouse_West,571,3
2024-02-20,1,2,Bangalore,Groceries,256,150,Warehouse_South,810,4
2024-02-20,1,2,Bangalore,Clothing,126,800,Warehouse_North,614,3
2024-02-20,1,2,Bangalore,Furniture,25,12000,Warehouse_North,223,4
2024-02-20,1,2,Bangalore,Medicines,190,200,Warehouse_South,697,3
2024-02-20,1,2,Chennai,Electronics,43,8500,Warehouse_West,781,3
2024-02-20,1,2,Chennai,Groceries,251,150,Warehouse_West,586,2
2024-02-20,1,2,Chennai,Clothing,105,800,Warehouse_West,560,2
2024-02-20,1,2,Chennai,Furniture,20,12000,Warehouse_South,952,1
2024-02-20,1,2,Chennai,Medicines,195,200,Warehouse_North,745,2
2024-02-20,1,2,Pune,Electronics,46,8500,Warehouse_North,297,2
2024-02-20,1,2,Pune,Groceries,149,150,Warehouse_South,676,3
2024-02-20,1,2,Pune,Clothing,118,800,Warehouse_South,213,4
2024-02-20,1,2,Pune,Furniture,26,12000,Warehouse_West,509,2
2024-02-20,1,2,Pune,Medicines,154,200,Warehouse_South,292,4
2024-02-20,1,2,Hyderabad,Electronics,41,8500,Warehouse_North,644,1
2024-02-20,1,2,Hyderabad,Groceries,212,150,Warehouse_West,472,4
2024-02-20,1,2,Hyderabad,Clothing,90,800,Warehouse_South,702,2
2024-02-20,1,2,Hyderabad,Furniture,20,12000,Warehouse_South,589,1
2024-02-20,1,2,Hyderabad,Medicines,162,200,Warehouse_West,524,1
2024-02-21,2,2,Mumbai,Electronics,65,8500,Warehouse_North,364,4
2024-02-21,2,2,Mumbai,Groceries,318,150,Warehouse_North,908,2
2024-02-21,2,2,Mumbai,Clothing,111,800,Warehouse_South,450,2
2024-02-21,2,2,Mumbai,Furniture,31,12000,Warehouse_North,729,3
2024-02-21,2,2,Mumbai,Medicines,222,200,Warehouse_North,281,3
2024-02-21,2,2,Delhi,Electronics,67,8500,Warehouse_West,258,4
2024-02-21,2,2,Delhi,Groceries,250,150,Warehouse_West,427,4
2024-02-21,2,2,Delhi,Clothing,121,800,Warehouse_South,517,4
2024-02-21,2,2,Delhi,Furniture,30,12000,Warehouse_North,212,4
2024-02-21,2,2,Delhi,Medicines,191,200,Warehouse_South,893,1
2024-02-21,2,2,Bangalore,Electronics,64,8500,Warehouse_North,625,1
2024-02-21,2,2,Bangalore,Groceries,293,150,Warehouse_West,857,3
2024-02-21,2,2,Bangalore,Clothing,102,800,Warehouse_South,907,3
2024-02-21,2,2,Bangalore,Furniture,26,12000,Warehouse_West,447,2
2024-02-21,2,2,Bangalore,Medicines,200,200,Warehouse_South,251,2
2024-02-21,2,2,Chennai,Electronics,38,8500,Warehouse_West,996,1
2024-02-21,2,2,Chennai,Groceries,254,150,Warehouse_West,497,3
2024-02-21,2,2,Chennai,Clothing,89,800,Warehouse_West,397,4
2024-02-21,2,2,Chennai,Furniture,22,12000,Warehouse_West,282,2
2024-02-21,2,2,Chennai,Medicines,139,200,Warehouse_West,896,3
2024-02-21,2,2,Pune,Electronics,40,8500,Warehouse_North,733,3
2024-02-21,2,2,Pune,Groceries,162,150,Warehouse_South,612,3
2024-02-21,2,2,Pune,Clothing,71,800,Warehouse_West,357,4
2024-02-21,2,2,Pune,Furniture,19,12000,Warehouse_South,958,2
2024-02-21,2,2,Pune,Medicines,126,200,Warehouse_North,406,2
2024-02-21,2,2,Hyderabad,Electronics,37,8500,Warehouse_South,767,3
2024-02-21,2,2,Hyderabad,Groceries,205,150,Warehouse_North,520,3
2024-02-21,2,2,Hyderabad,Clothing,95,800,Warehouse_North,418,1
2024-02-21,2,2,Hyderabad,Furniture,19,12000,Warehouse_North,253,4
2024-02-21,2,2,Hyderabad,Medicines,154,200,Warehouse_South,264,4
2024-02-22,3,2,Mumbai,Electronics,63,8500,Warehouse_West,361,2
2024-02-22,3,2,Mumbai,Groceries,273,150,Warehouse_North,651,2
2024-02-22,3,2,Mumbai,Clothing,105,800,Warehouse_West,201,2
2024-02-22,3,2,Mumbai,Furniture,30,12000,Warehouse_South,324,1
2024-02-22,3,2,Mumbai,Medicines,257,200,Warehouse_North,539,1
2024-02-22,3,2,Delhi,Electronics,63,8500,Warehouse_South,950,1
2024-02-22,3,2,Delhi,Groceries,319,150,Warehouse_South,244,1
2024-02-22,3,2,Delhi,Clothing,106,800,Warehouse_West,734,2
2024-02-22,3,2,Delhi,Furniture,25,12000,Warehouse_West,993,1
2024-02-22,3,2,Delhi,Medicines,191,200,Warehouse_West,747,1
2024-02-22,3,2,Bangalore,Electronics,58,8500,Warehouse_South,808,4
2024-02-22,3,2,Bangalore,Groceries,316,150,Warehouse_West,830,4
2024-02-22,3,2,Bangalore,Clothing,95,800,Warehouse_West,778,3
2024-02-22,3,2,Bangalore,Furniture,29,12000,Warehouse_North,745,1
2024-02-22,3,2,Bangalore,Medicines,201,200,Warehouse_South,242,3
2024-02-22,3,2,Chennai,Electronics,55,8500,Warehouse_North,200,1
2024-02-22,3,2,Chennai,Groceries,251,150,Warehouse_West,209,3
2024-02-22,3,2,Chennai,Clothing,70,800,Warehouse_South,425,2
2024-02-22,3,2,Chennai,Furniture,20,12000,Warehouse_North,296,2
2024-02-22,3,2,Chennai,Medicines,191,200,Warehouse_West,390,3
2024-02-22,3,2,Pune,Electronics,51,8500,Warehouse_North,231,3
2024-02-22,3,2,Pune,Groceries,158,150,Warehouse_South,866,4
2024-02-22,3,2,Pune,Clothing,78,800,Warehouse_South,641,2
2024-02-22,3,2,Pune,Furniture,15,12000,Warehouse_West,491,2
2024-02-22,3,2,Pune,Medicines,142,200,Warehouse_West,643,2
2024-02-22,3,2,Hyderabad,Electronics,50,8500,Warehouse_West,914,2
2024-02-22,3,2,Hyderabad,Groceries,174,150,Warehouse_North,365,1
2024-02-22,3,2,Hyderabad,Clothing,96,800,Warehouse_North,543,4
2024-02-22,3,2,Hyderabad,Furniture,20,12000,Warehouse_North,329,4
2024-02-22,3,2,Hyderabad,Medicines,117,200,Warehouse_North,517,4
2024-02-23,4,2,Mumbai,Electronics,70,8500,Warehouse_North,567,2
2024-02-23,4,2,Mumbai,Groceries,293,150,Warehouse_South,914,1
2024-02-23,4,2,Mumbai,Clothing,132,800,Warehouse_South,473,2
2024-02-23,4,2,Mumbai,Furniture,30,12000,Warehouse_North,756,2
2024-02-23,4,2,Mumbai,Medicines,229,200,Warehouse_North,934,4
2024-02-23,4,2,Delhi,Electronics,61,8500,Warehouse_South,603,4
2024-02-23,4,2,Delhi,Groceries,308,150,Warehouse_North,404,3
2024-02-23,4,2,Delhi,Clothing,114,800,Warehouse_West,982,4
2024-02-23,4,2,Delhi,Furniture,30,12000,Warehouse_South,928,2
2024-02-23,4,2,Delhi,Medicines,191,200,Warehouse_South,885,4
2024-02-23,4,2,Bangalore,Electronics,65,8500,Warehouse_West,649,1
2024-02-23,4,2,Bangalore,Groceries,272,150,Warehouse_South,986,1
2024-02-23,4,2,Bangalore,Clothing,96,800,Warehouse_West,842,3
2024-02-23,4,2,Bangalore,Furniture,20,12000,Warehouse_North,766,2
2024-02-23,4,2,Bangalore,Medicines,221,200,Warehouse_North,829,3
2024-02-23,4,2,Chennai,Electronics,45,8500,Warehouse_South,501,4
2024-02-23,4,2,Chennai,Groceries,232,150,Warehouse_South,328,1
2024-02-23,4,2,Chennai,Clothing,92,800,Warehouse_North,465,2
2024-02-23,4,2,Chennai,Furniture,20,12000,Warehouse_North,686,4
2024-02-23,4,2,Chennai,Medicines,208,200,Warehouse_South,347,4
2024-02-23,4,2,Pune,Electronics,37,8500,Warehouse_South,289,2
2024-02-23,4,2,Pune,Groceries,219,150,Warehouse_West,360,2
2024-02-23,4,2,Pune,Clothing,79,800,Warehouse_West,635,4
2024-02-23,4,2,Pune,Furniture,19,12000,Warehouse_North,658,2
2024-02-23,4,2,Pune,Medicines,130,200,Warehouse_South,755,1
2024-02-23,4,2,Hyderabad,Electronics,27,8500,Warehouse_North,789,4
2024-02-23,4,2,Hyderabad,Groceries,234,150,Warehouse_North,777,2
2024-02-23,4,2,Hyderabad,Clothing,94,800,Warehouse_North,286,3
2024-02-23,4,2,Hyderabad,Furniture,16,12000,Warehouse_South,795,4
2024-02-23,4,2,Hyderabad,Medicines,114,200,Warehouse_West,757,3
2024-02-24,5,2,Mumbai,Electronics,107,8500,Warehouse_South,983,3
2024-02-24,5,2,Mumbai,Groceries,417,150,Warehouse_South,755,1
2024-02-24,5,2,Mumbai,Clothing,160,800,Warehouse_South,217,4
2024-02-24,5,2,Mumbai,Furniture,52,12000,Warehouse_West,445,2
2024-02-24,5,2,Mumbai,Medicines,291,200,Warehouse_West,973,4
2024-02-24,5,2,Delhi,Electronics,84,8500,Warehouse_West,764,3
2024-02-24,5,2,Delhi,Groceries,384,150,Warehouse_North,722,3
2024-02-24,5,2,Delhi,Clothing,148,800,Warehouse_West,577,1
2024-02-24,5,2,Delhi,Furniture,40,12000,Warehouse_West,586,1
2024-02-24,5,2,Delhi,Medicines,335,200,Warehouse_South,728,2
2024-02-24,5,2,Bangalore,Electronics,81,8500,Warehouse_West,621,4
2024-02-24,5,2,Bangalore,Groceries,356,150,Warehouse_South,671,1
2024-02-24,5,2,Bangalore,Clothing,152,800,Warehouse_South,977,4
2024-02-24,5,2,Bangalore,Furniture,36,12000,Warehouse_South,563,3
2024-02-24,5,2,Bangalore,Medicines,259,200,Warehouse_South,934,3
2024-02-24,5,2,Chennai,Electronics,71,8500,Warehouse_North,979,3
2024-02-24,5,2,Chennai,Groceries,273,150,Warehouse_South,284,2
2024-02-24,5,2,Chennai,Clothing,127,800,Warehouse_North,331,2
2024-02-24,5,2,Chennai,Furniture,31,12000,Warehouse_North,529,2
2024-02-24,5,2,Chennai,Medicines,235,200,Warehouse_South,591,1
2024-02-24,5,2,Pune,Electronics,70,8500,Warehouse_West,851,1
2024-02-24,5,2,Pune,Groceries,325,150,Warehouse_South,719,2
2024-02-24,5,2,Pune,Clothing,114,800,Warehouse_South,668,4
2024-02-24,5,2,Pune,Furniture,21,12000,Warehouse_North,659,1
2024-02-24,5,2,Pune,Medicines,192,200,Warehouse_North,860,4
2024-02-24,5,2,Hyderabad,Electronics,76,8500,Warehouse_South,677,3
2024-02-24,5,2,Hyderabad,Groceries,272,150,Warehouse_North,328,2
2024-02-24,5,2,Hyderabad,Clothing,122,800,Warehouse_South,493,2
2024-02-24,5,2,Hyderabad,Furniture,26,12000,Warehouse_South,574,2
2024-02-24,5,2,Hyderabad,Medicines,228,200,Warehouse_South,589,1
2024-02-25,6,2,Mumbai,Electronics,90,8500,Warehouse_West,465,4
2024-02-25,6,2,Mumbai,Groceries,425,150,Warehouse_North,447,2
2024-02-25,6,2,Mumbai,Clothing,151,800,Warehouse_North,642,2
2024-02-25,6,2,Mumbai,Furniture,43,12000,Warehouse_North,955,4
2024-02-25,6,2,Mumbai,Medicines,331,200,Warehouse_South,743,2
2024-02-25,6,2,Delhi,Electronics,84,8500,Warehouse_South,224,3
2024-02-25,6,2,Delhi,Groceries,378,150,Warehouse_South,542,1
2024-02-25,6,2,Delhi,Clothing,172,800,Warehouse_West,775,3
2024-02-25,6,2,Delhi,Furniture,42,12000,Warehouse_South,886,1
2024-02-25,6,2,Delhi,Medicines,289,200,Warehouse_North,425,4
2024-02-25,6,2,Bangalore,Electronics,96,8500,Warehouse_South,601,2
2024-02-25,6,2,Bangalore,Groceries,321,150,Warehouse_South,287,4
2024-02-25,6,2,Bangalore,Clothing,142,800,Warehouse_South,542,4
2024-02-25,6,2,Bangalore,Furniture,33,12000,Warehouse_North,338,2
2024-02-25,6,2,Bangalore,Medicines,308,200,Warehouse_South,409,1
2024-02-25,6,2,Chennai,Electronics,74,8500,Warehouse_South,474,2
2024-02-25,6,2,Chennai,Groceries,283,150,Warehouse_North,339,4
2024-02-25,6,2,Chennai,Clothing,134,800,Warehouse_South,729,1
2024-02-25,6,2,Chennai,Furniture,27,12000,Warehouse_South,212,3
2024-02-25,6,2,Chennai,Medicines,234,200,Warehouse_North,458,2
2024-02-25,6,2,Pune,Electronics,56,8500,Warehouse_West,787,2
2024-02-25,6,2,Pune,Groceries,281,150,Warehouse_West,307,4
2024-02-25,6,2,Pune,Clothing,125,800,Warehouse_South,838,1
2024-02-25,6,2,Pune,Furniture,28,12000,Warehouse_West,481,2
2024-02-25,6,2,Pune,Medicines,187,200,Warehouse_South,387,1
2024-02-25,6,2,Hyderabad,Electronics,64,8500,Warehouse_West,596,1
2024-02-25,6,2,Hyderabad,Groceries,298,150,Warehouse_North,892,2
2024-02-25,6,2,Hyderabad,Clothing,101,800,Warehouse_South,854,2
2024-02-25,6,2,Hyderabad,Furniture,34,12000,Warehouse_West,454,3
2024-02-25,6,2,Hyderabad,Medicines,203,200,Warehouse_North,909,1
2024-02-26,0,2,Mumbai,Electronics,71,8500,Warehouse_North,620,3
2024-02-26,0,2,Mumbai,Groceries,270,150,Warehouse_North,695,1
2024-02-26,0,2,Mumbai,Clothing,115,800,Warehouse_South,388,3
2024-02-26,0,2,Mumbai,Furniture,29,12000,Warehouse_West,608,4
2024-02-26,0,2,Mumbai,Medicines,254,200,Warehouse_North,931,1
2024-02-26,0,2,Delhi,Electronics,61,8500,Warehouse_North,955,2
2024-02-26,0,2,Delhi,Groceries,252,150,Warehouse_South,425,1
2024-02-26,0,2,Delhi,Clothing,115,800,Warehouse_West,817,1
2024-02-26,0,2,Delhi,Furniture,24,12000,Warehouse_South,621,4
2024-02-26,0,2,Delhi,Medicines,241,200,Warehouse_North,744,3
2024-02-26,0,2,Bangalore,Electronics,65,8500,Warehouse_West,785,3
2024-02-26,0,2,Bangalore,Groceries,283,150,Warehouse_North,854,2
2024-02-26,0,2,Bangalore,Clothing,93,800,Warehouse_South,506,2
2024-02-26,0,2,Bangalore,Furniture,21,12000,Warehouse_South,203,3
2024-02-26,0,2,Bangalore,Medicines,225,200,Warehouse_North,414,4
2024-02-26,0,2,Chennai,Electronics,55,8500,Warehouse_South,619,1
2024-02-26,0,2,Chennai,Groceries,251,150,Warehouse_South,709,3
2024-02-26,0,2,Chennai,Clothing,85,800,Warehouse_North,425,1
2024-02-26,0,2,Chennai,Furniture,21,12000,Warehouse_West,628,2
2024-02-26,0,2,Chennai,Medicines,222,200,Warehouse_West,227,2
2024-02-26,0,2,Pune,Electronics,39,8500,Warehouse_South,984,4
2024-02-26,0,2,Pune,Groceries,157,150,Warehouse_West,885,2
2024-02-26,0,2,Pune,Clothing,93,800,Warehouse_North,258,1
2024-02-26,0,2,Pune,Furniture,18,12000,Warehouse_West,414,2
2024-02-26,0,2,Pune,Medicines,150,200,Warehouse_West,367,4
2024-02-26,0,2,Hyderabad,Electronics,54,8500,Warehouse_West,809,3
2024-02-26,0,2,Hyderabad,Groceries,207,150,Warehouse_North,566,1
2024-02-26,0,2,Hyderabad,Clothing,85,800,Warehouse_West,738,4
2024-02-26,0,2,Hyderabad,Furniture,19,12000,Warehouse_South,619,3
2024-02-26,0,2,Hyderabad,Medicines,157,200,Warehouse_South,568,2
2024-02-27,1,2,Mumbai,Electronics,61,8500,Warehouse_North,907,3
2024-02-27,1,2,Mumbai,Groceries,294,150,Warehouse_West,897,3
2024-02-27,1,2,Mumbai,Clothing,113,800,Warehouse_North,344,2
2024-02-27,1,2,Mumbai,Furniture,32,12000,Warehouse_North,532,3
2024-02-27,1,2,Mumbai,Medicines,203,200,Warehouse_South,619,4
2024-02-27,1,2,Delhi,Electronics,58,8500,Warehouse_West,564,4
2024-02-27,1,2,Delhi,Groceries,262,150,Warehouse_West,745,2
2024-02-27,1,2,Delhi,Clothing,106,800,Warehouse_North,254,2
2024-02-27,1,2,Delhi,Furniture,22,12000,Warehouse_West,652,2
2024-02-27,1,2,Delhi,Medicines,198,200,Warehouse_South,721,2
2024-02-27,1,2,Bangalore,Electronics,67,8500,Warehouse_North,591,1
2024-02-27,1,2,Bangalore,Groceries,231,150,Warehouse_North,942,2
2024-02-27,1,2,Bangalore,Clothing,102,800,Warehouse_North,495,2
2024-02-27,1,2,Bangalore,Furniture,22,12000,Warehouse_West,774,3
2024-02-27,1,2,Bangalore,Medicines,203,200,Warehouse_North,754,1
2024-02-27,1,2,Chennai,Electronics,51,8500,Warehouse_South,819,2
2024-02-27,1,2,Chennai,Groceries,246,150,Warehouse_West,418,1
2024-02-27,1,2,Chennai,Clothing,88,800,Warehouse_West,279,4
2024-02-27,1,2,Chennai,Furniture,24,12000,Warehouse_North,831,1
2024-02-27,1,2,Chennai,Medicines,167,200,Warehouse_South,909,1
2024-02-27,1,2,Pune,Electronics,40,8500,Warehouse_North,436,3
2024-02-27,1,2,Pune,Groceries,152,150,Warehouse_South,476,3
2024-02-27,1,2,Pune,Clothing,85,800,Warehouse_West,635,4
2024-02-27,1,2,Pune,Furniture,11,12000,Warehouse_North,383,3
2024-02-27,1,2,Pune,Medicines,132,200,Warehouse_North,696,3
2024-02-27,1,2,Hyderabad,Electronics,55,8500,Warehouse_North,708,2
2024-02-27,1,2,Hyderabad,Groceries,205,150,Warehouse_South,902,2
2024-02-27,1,2,Hyderabad,Clothing,85,800,Warehouse_South,514,4
2024-02-27,1,2,Hyderabad,Furniture,25,12000,Warehouse_West,728,1
2024-02-27,1,2,Hyderabad,Medicines,157,200,Warehouse_West,665,1
2024-02-28,2,2,Mumbai,Electronics,66,8500,Warehouse_South,345,2
2024-02-28,2,2,Mumbai,Groceries,295,150,Warehouse_North,922,4
2024-02-28,2,2,Mumbai,Clothing,122,800,Warehouse_West,410,1
2024-02-28,2,2,Mumbai,Furniture,23,12000,Warehouse_North,924,1
2024-02-28,2,2,Mumbai,Medicines,206,200,Warehouse_West,295,2
2024-02-28,2,2,Delhi,Electronics,68,8500,Warehouse_West,345,4
2024-02-28,2,2,Delhi,Groceries,282,150,Warehouse_South,878,1
2024-02-28,2,2,Delhi,Clothing,117,800,Warehouse_North,281,4
2024-02-28,2,2,Delhi,Furniture,30,12000,Warehouse_South,601,4
2024-02-28,2,2,Delhi,Medicines,207,200,Warehouse_South,710,1
2024-02-28,2,2,Bangalore,Electronics,55,8500,Warehouse_West,378,3
2024-02-28,2,2,Bangalore,Groceries,276,150,Warehouse_South,588,2
2024-02-28,2,2,Bangalore,Clothing,113,800,Warehouse_North,611,4
2024-02-28,2,2,Bangalore,Furniture,25,12000,Warehouse_South,434,2
2024-02-28,2,2,Bangalore,Medicines,169,200,Warehouse_North,877,3
2024-02-28,2,2,Chennai,Electronics,55,8500,Warehouse_West,287,1
2024-02-28,2,2,Chennai,Groceries,179,150,Warehouse_South,332,4
2024-02-28,2,2,Chennai,Clothing,75,800,Warehouse_South,557,4
2024-02-28,2,2,Chennai,Furniture,21,12000,Warehouse_South,662,2
2024-02-28,2,2,Chennai,Medicines,173,200,Warehouse_South,216,4
2024-02-28,2,2,Pune,Electronics,42,8500,Warehouse_West,318,2
2024-02-28,2,2,Pune,Groceries,231,150,Warehouse_South,697,2
2024-02-28,2,2,Pune,Clothing,99,800,Warehouse_South,889,1
2024-02-28,2,2,Pune,Furniture,17,12000,Warehouse_South,615,3
2024-02-28,2,2,Pune,Medicines,154,200,Warehouse_West,778,1
2024-02-28,2,2,Hyderabad,Electronics,47,8500,Warehouse_North,887,1
2024-02-28,2,2,Hyderabad,Groceries,224,150,Warehouse_South,430,4
2024-02-28,2,2,Hyderabad,Clothing,106,800,Warehouse_North,251,2
2024-02-28,2,2,Hyderabad,Furniture,22,12000,Warehouse_North,930,1
2024-02-28,2,2,Hyderabad,Medicines,171,200,Warehouse_West,476,4
2024-02-29,3,2,Mumbai,Electronics,57,8500,Warehouse_North,367,4
2024-02-29,3,2,Mumbai,Groceries,236,150,Warehouse_South,678,4
2024-02-29,3,2,Mumbai,Clothing,138,800,Warehouse_South,340,3
2024-02-29,3,2,Mumbai,Furniture,30,12000,Warehouse_South,984,4
2024-02-29,3,2,Mumbai,Medicines,216,200,Warehouse_North,969,1
2024-02-29,3,2,Delhi,Electronics,61,8500,Warehouse_North,379,2
2024-02-29,3,2,Delhi,Groceries,316,150,Warehouse_South,733,3
2024-02-29,3,2,Delhi,Clothing,99,800,Warehouse_West,638,3
2024-02-29,3,2,Delhi,Furniture,26,12000,Warehouse_North,283,3
2024-02-29,3,2,Delhi,Medicines,169,200,Warehouse_West,212,1
2024-02-29,3,2,Bangalore,Electronics,59,8500,Warehouse_North,319,2
2024-02-29,3,2,Bangalore,Groceries,232,150,Warehouse_North,256,4
2024-02-29,3,2,Bangalore,Clothing,125,800,Warehouse_West,458,4
2024-02-29,3,2,Bangalore,Furniture,20,12000,Warehouse_North,929,3
2024-02-29,3,2,Bangalore,Medicines,176,200,Warehouse_South,315,2
2024-02-29,3,2,Chennai,Electronics,53,8500,Warehouse_West,911,3
2024-02-29,3,2,Chennai,Groceries,218,150,Warehouse_South,269,1
2024-02-29,3,2,Chennai,Clothing,69,800,Warehouse_West,615,4
2024-02-29,3,2,Chennai,Furniture,18,12000,Warehouse_North,595,3
2024-02-29,3,2,Chennai,Medicines,145,200,Warehouse_West,856,1
2024-02-29,3,2,Pune,Electronics,47,8500,Warehouse_West,949,2
2024-02-29,3,2,Pune,Groceries,221,150,Warehouse_South,841,4
2024-02-29,3,2,Pune,Clothing,75,800,Warehouse_North,783,1
2024-02-29,3,2,Pune,Furniture,20,12000,Warehouse_North,251,1
2024-02-29,3,2,Pune,Medicines,188,200,Warehouse_West,985,2
2024-02-29,3,2,Hyderabad,Electronics,28,8500,Warehouse_South,572,1
2024-02-29,3,2,Hyderabad,Groceries,147,150,Warehouse_South,790,2
2024-02-29,3,2,Hyderabad,Clothing,73,800,Warehouse_West,887,4
2024-02-29,3,2,Hyderabad,Furniture,18,12000,Warehouse_South,557,3
2024-02-29,3,2,Hyderabad,Medicines,159,200,Warehouse_South,867,2
2024-03-01,4,3,Mumbai,Electronics,51,8500,Warehouse_West,574,4
2024-03-01,4,3,Mumbai,Groceries,361,150,Warehouse_North,942,1
2024-03-01,4,3,Mumbai,Clothing,129,800,Warehouse_South,513,1
2024-03-01,4,3,Mumbai,Furniture,33,12000,Warehouse_West,327,3
2024-03-01,4,3,Mumbai,Medicines,215,200,Warehouse_South,652,3
2024-03-01,4,3,Delhi,Electronics,58,8500,Warehouse_South,764,3
2024-03-01,4,3,Delhi,Groceries,293,150,Warehouse_West,775,1
2024-03-01,4,3,Delhi,Clothing,75,800,Warehouse_South,836,2
2024-03-01,4,3,Delhi,Furniture,25,12000,Warehouse_West,296,2
2024-03-01,4,3,Delhi,Medicines,188,200,Warehouse_South,402,3
2024-03-01,4,3,Bangalore,Electronics,55,8500,Warehouse_South,245,2
2024-03-01,4,3,Bangalore,Groceries,218,150,Warehouse_West,363,3
2024-03-01,4,3,Bangalore,Clothing,113,800,Warehouse_West,810,3
2024-03-01,4,3,Bangalore,Furniture,27,12000,Warehouse_West,611,3
2024-03-01,4,3,Bangalore,Medicines,212,200,Warehouse_West,902,3
2024-03-01,4,3,Chennai,Electronics,54,8500,Warehouse_South,409,2
2024-03-01,4,3,Chennai,Groceries,208,150,Warehouse_North,976,2
2024-03-01,4,3,Chennai,Clothing,110,800,Warehouse_South,387,2
2024-03-01,4,3,Chennai,Furniture,22,12000,Warehouse_South,284,1
2024-03-01,4,3,Chennai,Medicines,178,200,Warehouse_West,888,3
2024-03-01,4,3,Pune,Electronics,30,8500,Warehouse_North,545,2
2024-03-01,4,3,Pune,Groceries,189,150,Warehouse_West,435,2
2024-03-01,4,3,Pune,Clothing,70,800,Warehouse_West,855,1
2024-03-01,4,3,Pune,Furniture,18,12000,Warehouse_North,458,4
2024-03-01,4,3,Pune,Medicines,149,200,Warehouse_South,637,3
2024-03-01,4,3,Hyderabad,Electronics,47,8500,Warehouse_South,289,2
2024-03-01,4,3,Hyderabad,Groceries,167,150,Warehouse_North,655,4
2024-03-01,4,3,Hyderabad,Clothing,82,800,Warehouse_North,828,3
2024-03-01,4,3,Hyderabad,Furniture,19,12000,Warehouse_North,804,4
2024-03-01,4,3,Hyderabad,Medicines,176,200,Warehouse_North,470,2
2024-03-02,5,3,Mumbai,Electronics,97,8500,Warehouse_North,748,2
2024-03-02,5,3,Mumbai,Groceries,464,150,Warehouse_West,606,1
2024-03-02,5,3,Mumbai,Clothing,169,800,Warehouse_South,572,1
2024-03-02,5,3,Mumbai,Furniture,40,12000,Warehouse_North,272,1
2024-03-02,5,3,Mumbai,Medicines,280,200,Warehouse_South,740,3
2024-03-02,5,3,Delhi,Electronics,92,8500,Warehouse_North,419,4
2024-03-02,5,3,Delhi,Groceries,417,150,Warehouse_West,241,4
2024-03-02,5,3,Delhi,Clothing,170,800,Warehouse_North,482,2
2024-03-02,5,3,Delhi,Furniture,40,12000,Warehouse_North,328,3
2024-03-02,5,3,Delhi,Medicines,275,200,Warehouse_South,625,4
2024-03-02,5,3,Bangalore,Electronics,73,8500,Warehouse_South,836,2
2024-03-02,5,3,Bangalore,Groceries,328,150,Warehouse_South,764,2
2024-03-02,5,3,Bangalore,Clothing,148,800,Warehouse_South,403,2
2024-03-02,5,3,Bangalore,Furniture,34,12000,Warehouse_North,603,3
2024-03-02,5,3,Bangalore,Medicines,270,200,Warehouse_North,408,3
2024-03-02,5,3,Chennai,Electronics,70,8500,Warehouse_North,316,4
2024-03-02,5,3,Chennai,Groceries,327,150,Warehouse_South,691,1
2024-03-02,5,3,Chennai,Clothing,131,800,Warehouse_South,648,4
2024-03-02,5,3,Chennai,Furniture,32,12000,Warehouse_West,442,2
2024-03-02,5,3,Chennai,Medicines,217,200,Warehouse_West,470,1
2024-03-02,5,3,Pune,Electronics,69,8500,Warehouse_South,314,4
2024-03-02,5,3,Pune,Groceries,266,150,Warehouse_West,682,1
2024-03-02,5,3,Pune,Clothing,100,800,Warehouse_West,514,3
2024-03-02,5,3,Pune,Furniture,23,12000,Warehouse_West,915,3
2024-03-02,5,3,Pune,Medicines,205,200,Warehouse_West,201,1
2024-03-02,5,3,Hyderabad,Electronics,64,8500,Warehouse_West,654,4
2024-03-02,5,3,Hyderabad,Groceries,278,150,Warehouse_North,200,4
2024-03-02,5,3,Hyderabad,Clothing,117,800,Warehouse_West,311,2
2024-03-02,5,3,Hyderabad,Furniture,27,12000,Warehouse_North,524,4
2024-03-02,5,3,Hyderabad,Medicines,189,200,Warehouse_West,733,4
2024-03-03,6,3,Mumbai,Electronics,86,8500,Warehouse_North,555,4
2024-03-03,6,3,Mumbai,Groceries,436,150,Warehouse_North,665,2
2024-03-03,6,3,Mumbai,Clothing,164,800,Warehouse_South,220,4
2024-03-03,6,3,Mumbai,Furniture,39,12000,Warehouse_West,758,3
2024-03-03,6,3,Mumbai,Medicines,324,200,Warehouse_West,272,3
2024-03-03,6,3,Delhi,Electronics,69,8500,Warehouse_South,760,1
2024-03-03,6,3,Delhi,Groceries,450,150,Warehouse_South,694,3
2024-03-03,6,3,Delhi,Clothing,152,800,Warehouse_South,954,1
2024-03-03,6,3,Delhi,Furniture,39,12000,Warehouse_North,590,2
2024-03-03,6,3,Delhi,Medicines,295,200,Warehouse_West,211,3
2024-03-03,6,3,Bangalore,Electronics,75,8500,Warehouse_South,370,1
2024-03-03,6,3,Bangalore,Groceries,368,150,Warehouse_North,561,1
2024-03-03,6,3,Bangalore,Clothing,139,800,Warehouse_South,208,2
2024-03-03,6,3,Bangalore,Furniture,43,12000,Warehouse_North,228,1
2024-03-03,6,3,Bangalore,Medicines,262,200,Warehouse_South,831,2
2024-03-03,6,3,Chennai,Electronics,62,8500,Warehouse_North,534,1
2024-03-03,6,3,Chennai,Groceries,296,150,Warehouse_North,371,3
2024-03-03,6,3,Chennai,Clothing,101,800,Warehouse_West,469,3
2024-03-03,6,3,Chennai,Furniture,35,12000,Warehouse_South,628,2
2024-03-03,6,3,Chennai,Medicines,194,200,Warehouse_South,454,4
2024-03-03,6,3,Pune,Electronics,58,8500,Warehouse_South,291,4
2024-03-03,6,3,Pune,Groceries,254,150,Warehouse_North,719,4
2024-03-03,6,3,Pune,Clothing,119,800,Warehouse_North,756,1
2024-03-03,6,3,Pune,Furniture,31,12000,Warehouse_South,231,1
2024-03-03,6,3,Pune,Medicines,196,200,Warehouse_North,842,2
2024-03-03,6,3,Hyderabad,Electronics,60,8500,Warehouse_North,452,2
2024-03-03,6,3,Hyderabad,Groceries,273,150,Warehouse_West,629,4
2024-03-03,6,3,Hyderabad,Clothing,102,800,Warehouse_North,890,1
2024-03-03,6,3,Hyderabad,Furniture,29,12000,Warehouse_West,246,2
2024-03-03,6,3,Hyderabad,Medicines,189,200,Warehouse_South,821,1
2024-03-04,0,3,Mumbai,Electronics,79,8500,Warehouse_West,582,1
2024-03-04,0,3,Mumbai,Groceries,286,150,Warehouse_South,485,3
2024-03-04,0,3,Mumbai,Clothing,122,800,Warehouse_West,596,3
2024-03-04,0,3,Mumbai,Furniture,26,12000,Warehouse_South,512,2
2024-03-04,0,3,Mumbai,Medicines,216,200,Warehouse_South,915,1
2024-03-04,0,3,Delhi,Electronics,69,8500,Warehouse_South,722,3
2024-03-04,0,3,Delhi,Groceries,270,150,Warehouse_South,892,3
2024-03-04,0,3,Delhi,Clothing,112,800,Warehouse_South,825,3
2024-03-04,0,3,Delhi,Furniture,25,12000,Warehouse_South,528,3
2024-03-04,0,3,Delhi,Medicines,235,200,Warehouse_North,474,1
2024-03-04,0,3,Bangalore,Electronics,60,8500,Warehouse_South,226,2
2024-03-04,0,3,Bangalore,Groceries,264,150,Warehouse_West,881,1
2024-03-04,0,3,Bangalore,Clothing,123,800,Warehouse_West,428,3
2024-03-04,0,3,Bangalore,Furniture,24,12000,Warehouse_North,566,4
2024-03-04,0,3,Bangalore,Medicines,203,200,Warehouse_North,305,4
2024-03-04,0,3,Chennai,Electronics,58,8500,Warehouse_North,888,2
2024-03-04,0,3,Chennai,Groceries,265,150,Warehouse_North,818,3
2024-03-04,0,3,Chennai,Clothing,95,800,Warehouse_North,946,2
2024-03-04,0,3,Chennai,Furniture,23,12000,Warehouse_North,750,1
2024-03-04,0,3,Chennai,Medicines,137,200,Warehouse_South,887,1
2024-03-04,0,3,Pune,Electronics,42,8500,Warehouse_South,757,2
2024-03-04,0,3,Pune,Groceries,178,150,Warehouse_South,305,4
2024-03-04,0,3,Pune,Clothing,98,800,Warehouse_South,984,3
2024-03-04,0,3,Pune,Furniture,22,12000,Warehouse_South,385,2
2024-03-04,0,3,Pune,Medicines,146,200,Warehouse_South,851,3
2024-03-04,0,3,Hyderabad,Electronics,53,8500,Warehouse_South,477,3
2024-03-04,0,3,Hyderabad,Groceries,190,150,Warehouse_South,800,1
2024-03-04,0,3,Hyderabad,Clothing,68,800,Warehouse_North,432,2
2024-03-04,0,3,Hyderabad,Furniture,17,12000,Warehouse_West,251,2
2024-03-04,0,3,Hyderabad,Medicines,165,200,Warehouse_North,980,2
2024-03-05,1,3,Mumbai,Electronics,63,8500,Warehouse_South,330,3
2024-03-05,1,3,Mumbai,Groceries,349,150,Warehouse_South,831,3
2024-03-05,1,3,Mumbai,Clothing,105,800,Warehouse_North,602,3
2024-03-05,1,3,Mumbai,Furniture,32,12000,Warehouse_South,814,1
2024-03-05,1,3,Mumbai,Medicines,235,200,Warehouse_West,320,2
2024-03-05,1,3,Delhi,Electronics,55,8500,Warehouse_North,328,3
2024-03-05,1,3,Delhi,Groceries,280,150,Warehouse_North,372,4
2024-03-05,1,3,Delhi,Clothing,100,800,Warehouse_West,605,4
2024-03-05,1,3,Delhi,Furniture,29,12000,Warehouse_West,550,2
2024-03-05,1,3,Delhi,Medicines,232,200,Warehouse_North,498,4
2024-03-05,1,3,Bangalore,Electronics,49,8500,Warehouse_West,365,3
2024-03-05,1,3,Bangalore,Groceries,222,150,Warehouse_West,431,2
2024-03-05,1,3,Bangalore,Clothing,107,800,Warehouse_South,592,2
2024-03-05,1,3,Bangalore,Furniture,23,12000,Warehouse_West,348,1
2024-03-05,1,3,Bangalore,Medicines,196,200,Warehouse_North,216,3
2024-03-05,1,3,Chennai,Electronics,41,8500,Warehouse_West,879,2
2024-03-05,1,3,Chennai,Groceries,201,150,Warehouse_South,414,2
2024-03-05,1,3,Chennai,Clothing,95,800,Warehouse_North,592,1
2024-03-05,1,3,Chennai,Furniture,22,12000,Warehouse_North,622,2
2024-03-05,1,3,Chennai,Medicines,138,200,Warehouse_South,876,3
2024-03-05,1,3,Pune,Electronics,49,8500,Warehouse_West,300,1
2024-03-05,1,3,Pune,Groceries,203,150,Warehouse_South,588,4
2024-03-05,1,3,Pune,Clothing,55,800,Warehouse_West,516,2
2024-03-05,1,3,Pune,Furniture,26,12000,Warehouse_South,736,2
2024-03-05,1,3,Pune,Medicines,133,200,Warehouse_North,522,1
2024-03-05,1,3,Hyderabad,Electronics,49,8500,Warehouse_North,972,1
2024-03-05,1,3,Hyderabad,Groceries,214,150,Warehouse_North,570,3
2024-03-05,1,3,Hyderabad,Clothing,64,800,Warehouse_South,460,2
2024-03-05,1,3,Hyderabad,Furniture,15,12000,Warehouse_West,586,4
2024-03-05,1,3,Hyderabad,Medicines,165,200,Warehouse_North,667,3
2024-03-06,2,3,Mumbai,Electronics,72,8500,Warehouse_North,399,4
2024-03-06,2,3,Mumbai,Groceries,274,150,Warehouse_South,411,4
2024-03-06,2,3,Mumbai,Clothing,112,800,Warehouse_North,750,1
2024-03-06,2,3,Mumbai,Furniture,32,12000,Warehouse_South,455,4
2024-03-06,2,3,Mumbai,Medicines,222,200,Warehouse_North,697,3
2024-03-06,2,3,Delhi,Electronics,63,8500,Warehouse_South,788,4
2024-03-06,2,3,Delhi,Groceries,315,150,Warehouse_North,524,2
2024-03-06,2,3,Delhi,Clothing,104,800,Warehouse_North,529,4
2024-03-06,2,3,Delhi,Furniture,26,12000,Warehouse_South,652,4
2024-03-06,2,3,Delhi,Medicines,237,200,Warehouse_West,727,3
2024-03-06,2,3,Bangalore,Electronics,61,8500,Warehouse_West,956,2
2024-03-06,2,3,Bangalore,Groceries,234,150,Warehouse_West,632,1
2024-03-06,2,3,Bangalore,Clothing,111,800,Warehouse_South,804,4
2024-03-06,2,3,Bangalore,Furniture,26,12000,Warehouse_South,986,1
2024-03-06,2,3,Bangalore,Medicines,121,200,Warehouse_West,645,2
2024-03-06,2,3,Chennai,Electronics,43,8500,Warehouse_North,942,4
2024-03-06,2,3,Chennai,Groceries,169,150,Warehouse_North,216,3
2024-03-06,2,3,Chennai,Clothing,76,800,Warehouse_West,525,3
2024-03-06,2,3,Chennai,Furniture,23,12000,Warehouse_North,907,2
2024-03-06,2,3,Chennai,Medicines,218,200,Warehouse_South,543,1
2024-03-06,2,3,Pune,Electronics,46,8500,Warehouse_North,964,2
2024-03-06,2,3,Pune,Groceries,190,150,Warehouse_West,791,3
2024-03-06,2,3,Pune,Clothing,85,800,Warehouse_South,723,3
2024-03-06,2,3,Pune,Furniture,14,12000,Warehouse_North,220,2
2024-03-06,2,3,Pune,Medicines,122,200,Warehouse_North,333,4
2024-03-06,2,3,Hyderabad,Electronics,38,8500,Warehouse_West,603,1
2024-03-06,2,3,Hyderabad,Groceries,219,150,Warehouse_North,458,4
2024-03-06,2,3,Hyderabad,Clothing,68,800,Warehouse_South,302,1
2024-03-06,2,3,Hyderabad,Furniture,20,12000,Warehouse_North,425,3
2024-03-06,2,3,Hyderabad,Medicines,151,200,Warehouse_West,436,2
2024-03-07,3,3,Mumbai,Electronics,71,8500,Warehouse_West,966,2
2024-03-07,3,3,Mumbai,Groceries,328,150,Warehouse_West,514,3
2024-03-07,3,3,Mumbai,Clothing,108,800,Warehouse_South,431,4
2024-03-07,3,3,Mumbai,Furniture,27,12000,Warehouse_South,695,4
2024-03-07,3,3,Mumbai,Medicines,240,200,Warehouse_South,236,2
2024-03-07,3,3,Delhi,Electronics,61,8500,Warehouse_North,707,3
2024-03-07,3,3,Delhi,Groceries,268,150,Warehouse_North,434,3
2024-03-07,3,3,Delhi,Clothing,113,800,Warehouse_West,998,1
2024-03-07,3,3,Delhi,Furniture,28,12000,Warehouse_West,602,4
2024-03-07,3,3,Delhi,Medicines,243,200,Warehouse_West,614,3
2024-03-07,3,3,Bangalore,Electronics,67,8500,Warehouse_South,818,2
2024-03-07,3,3,Bangalore,Groceries,240,150,Warehouse_South,283,3
2024-03-07,3,3,Bangalore,Clothing,120,800,Warehouse_South,990,3
2024-03-07,3,3,Bangalore,Furniture,28,12000,Warehouse_South,703,2
2024-03-07,3,3,Bangalore,Medicines,182,200,Warehouse_South,317,2
2024-03-07,3,3,Chennai,Electronics,52,8500,Warehouse_West,682,3
2024-03-07,3,3,Chennai,Groceries,255,150,Warehouse_North,277,4
2024-03-07,3,3,Chennai,Clothing,116,800,Warehouse_West,494,1
2024-03-07,3,3,Chennai,Furniture,24,12000,Warehouse_West,759,2
2024-03-07,3,3,Chennai,Medicines,186,200,Warehouse_North,899,4
2024-03-07,3,3,Pune,Electronics,37,8500,Warehouse_North,268,4
2024-03-07,3,3,Pune,Groceries,175,150,Warehouse_South,720,1
2024-03-07,3,3,Pune,Clothing,73,800,Warehouse_West,294,2
2024-03-07,3,3,Pune,Furniture,20,12000,Warehouse_South,413,2
2024-03-07,3,3,Pune,Medicines,121,200,Warehouse_North,969,3
2024-03-07,3,3,Hyderabad,Electronics,46,8500,Warehouse_West,679,3
2024-03-07,3,3,Hyderabad,Groceries,192,150,Warehouse_South,615,2
2024-03-07,3,3,Hyderabad,Clothing,69,800,Warehouse_South,570,4
2024-03-07,3,3,Hyderabad,Furniture,22,12000,Warehouse_South,879,3
2024-03-07,3,3,Hyderabad,Medicines,180,200,Warehouse_West,914,2
2024-03-08,4,3,Mumbai,Electronics,64,8500,Warehouse_North,562,4
2024-03-08,4,3,Mumbai,Groceries,281,150,Warehouse_West,873,3
2024-03-08,4,3,Mumbai,Clothing,111,800,Warehouse_North,241,4
2024-03-08,4,3,Mumbai,Furniture,30,12000,Warehouse_West,921,2
2024-03-08,4,3,Mumbai,Medicines,212,200,Warehouse_South,317,1
2024-03-08,4,3,Delhi,Electronics,62,8500,Warehouse_North,655,4
2024-03-08,4,3,Delhi,Groceries,316,150,Warehouse_North,553,2
2024-03-08,4,3,Delhi,Clothing,104,800,Warehouse_West,262,3
2024-03-08,4,3,Delhi,Furniture,24,12000,Warehouse_West,389,3
2024-03-08,4,3,Delhi,Medicines,170,200,Warehouse_West,661,1
2024-03-08,4,3,Bangalore,Electronics,55,8500,Warehouse_West,941,4
2024-03-08,4,3,Bangalore,Groceries,299,150,Warehouse_North,934,3
2024-03-08,4,3,Bangalore,Clothing,116,800,Warehouse_West,670,3
2024-03-08,4,3,Bangalore,Furniture,24,12000,Warehouse_West,900,3
2024-03-08,4,3,Bangalore,Medicines,197,200,Warehouse_South,720,4
2024-03-08,4,3,Chennai,Electronics,43,8500,Warehouse_West,409,1
2024-03-08,4,3,Chennai,Groceries,233,150,Warehouse_South,819,1
2024-03-08,4,3,Chennai,Clothing,81,800,Warehouse_West,238,3
2024-03-08,4,3,Chennai,Furniture,19,12000,Warehouse_South,390,4
2024-03-08,4,3,Chennai,Medicines,137,200,Warehouse_West,346,3
2024-03-08,4,3,Pune,Electronics,46,8500,Warehouse_South,951,2
2024-03-08,4,3,Pune,Groceries,217,150,Warehouse_West,997,2
2024-03-08,4,3,Pune,Clothing,80,800,Warehouse_South,973,3
2024-03-08,4,3,Pune,Furniture,23,12000,Warehouse_West,420,3
2024-03-08,4,3,Pune,Medicines,163,200,Warehouse_South,548,1
2024-03-08,4,3,Hyderabad,Electronics,43,8500,Warehouse_South,937,4
2024-03-08,4,3,Hyderabad,Groceries,162,150,Warehouse_North,822,2
2024-03-08,4,3,Hyderabad,Clothing,89,800,Warehouse_West,303,1
2024-03-08,4,3,Hyderabad,Furniture,24,12000,Warehouse_West,699,1
2024-03-08,4,3,Hyderabad,Medicines,158,200,Warehouse_South,751,4
2024-03-09,5,3,Mumbai,Electronics,93,8500,Warehouse_North,497,2
2024-03-09,5,3,Mumbai,Groceries,451,150,Warehouse_North,575,3
2024-03-09,5,3,Mumbai,Clothing,174,800,Warehouse_North,509,4
2024-03-09,5,3,Mumbai,Furniture,41,12000,Warehouse_South,480,3
2024-03-09,5,3,Mumbai,Medicines,300,200,Warehouse_South,501,2
2024-03-09,5,3,Delhi,Electronics,86,8500,Warehouse_West,887,4
2024-03-09,5,3,Delhi,Groceries,393,150,Warehouse_South,237,4
2024-03-09,5,3,Delhi,Clothing,154,800,Warehouse_South,620,3
2024-03-09,5,3,Delhi,Furniture,42,12000,Warehouse_North,886,2
2024-03-09,5,3,Delhi,Medicines,301,200,Warehouse_South,932,1
2024-03-09,5,3,Bangalore,Electronics,74,8500,Warehouse_North,604,2
2024-03-09,5,3,Bangalore,Groceries,347,150,Warehouse_North,396,2
2024-03-09,5,3,Bangalore,Clothing,159,800,Warehouse_North,264,4
2024-03-09,5,3,Bangalore,Furniture,39,12000,Warehouse_North,438,2
2024-03-09,5,3,Bangalore,Medicines,316,200,Warehouse_North,394,3
2024-03-09,5,3,Chennai,Electronics,64,8500,Warehouse_South,888,1
2024-03-09,5,3,Chennai,Groceries,306,150,Warehouse_West,252,2
2024-03-09,5,3,Chennai,Clothing,126,800,Warehouse_South,559,1
2024-03-09,5,3,Chennai,Furniture,30,12000,Warehouse_South,979,4
2024-03-09,5,3,Chennai,Medicines,200,200,Warehouse_West,379,3
2024-03-09,5,3,Pune,Electronics,70,8500,Warehouse_West,221,1
2024-03-09,5,3,Pune,Groceries,295,150,Warehouse_West,639,1
2024-03-09,5,3,Pune,Clothing,116,800,Warehouse_South,439,2
2024-03-09,5,3,Pune,Furniture,26,12000,Warehouse_North,432,2
2024-03-09,5,3,Pune,Medicines,213,200,Warehouse_North,863,4
2024-03-09,5,3,Hyderabad,Electronics,65,8500,Warehouse_North,329,1
2024-03-09,5,3,Hyderabad,Groceries,239,150,Warehouse_West,854,3
2024-03-09,5,3,Hyderabad,Clothing,120,800,Warehouse_West,744,4
2024-03-09,5,3,Hyderabad,Furniture,28,12000,Warehouse_West,935,4
2024-03-09,5,3,Hyderabad,Medicines,226,200,Warehouse_South,864,1
2024-03-10,6,3,Mumbai,Electronics,98,8500,Warehouse_North,439,2
2024-03-10,6,3,Mumbai,Groceries,469,150,Warehouse_West,588,1
2024-03-10,6,3,Mumbai,Clothing,162,800,Warehouse_West,246,3
2024-03-10,6,3,Mumbai,Furniture,42,12000,Warehouse_West,621,4
2024-03-10,6,3,Mumbai,Medicines,351,200,Warehouse_North,318,2
2024-03-10,6,3,Delhi,Electronics,90,8500,Warehouse_South,581,4
2024-03-10,6,3,Delhi,Groceries,437,150,Warehouse_South,536,2
2024-03-10,6,3,Delhi,Clothing,150,800,Warehouse_South,581,3
2024-03-10,6,3,Delhi,Furniture,37,12000,Warehouse_South,580,1
2024-03-10,6,3,Delhi,Medicines,251,200,Warehouse_West,453,1
2024-03-10,6,3,Bangalore,Electronics,85,8500,Warehouse_West,575,4
2024-03-10,6,3,Bangalore,Groceries,366,150,Warehouse_South,749,1
2024-03-10,6,3,Bangalore,Clothing,158,800,Warehouse_West,643,4
2024-03-10,6,3,Bangalore,Furniture,33,12000,Warehouse_West,278,1
2024-03-10,6,3,Bangalore,Medicines,288,200,Warehouse_North,302,2
2024-03-10,6,3,Chennai,Electronics,66,8500,Warehouse_West,423,2
2024-03-10,6,3,Chennai,Groceries,307,150,Warehouse_West,425,2
2024-03-10,6,3,Chennai,Clothing,126,800,Warehouse_South,448,2
2024-03-10,6,3,Chennai,Furniture,28,12000,Warehouse_North,295,2
2024-03-10,6,3,Chennai,Medicines,264,200,Warehouse_South,955,2
2024-03-10,6,3,Pune,Electronics,56,8500,Warehouse_North,700,4
2024-03-10,6,3,Pune,Groceries,305,150,Warehouse_South,332,3
2024-03-10,6,3,Pune,Clothing,91,800,Warehouse_West,987,3
2024-03-10,6,3,Pune,Furniture,28,12000,Warehouse_South,238,1
2024-03-10,6,3,Pune,Medicines,221,200,Warehouse_North,998,3
2024-03-10,6,3,Hyderabad,Electronics,63,8500,Warehouse_South,233,2
2024-03-10,6,3,Hyderabad,Groceries,298,150,Warehouse_West,317,1
2024-03-10,6,3,Hyderabad,Clothing,108,800,Warehouse_North,842,3
2024-03-10,6,3,Hyderabad,Furniture,27,12000,Warehouse_South,984,3
2024-03-10,6,3,Hyderabad,Medicines,202,200,Warehouse_South,711,2
2024-03-11,0,3,Mumbai,Electronics,64,8500,Warehouse_South,514,1
2024-03-11,0,3,Mumbai,Groceries,329,150,Warehouse_West,871,2
2024-03-11,0,3,Mumbai,Clothing,136,800,Warehouse_North,901,3
2024-03-11,0,3,Mumbai,Furniture,29,12000,Warehouse_South,556,1
2024-03-11,0,3,Mumbai,Medicines,226,200,Warehouse_North,751,3
2024-03-11,0,3,Delhi,Electronics,56,8500,Warehouse_West,793,1
2024-03-11,0,3,Delhi,Groceries,278,150,Warehouse_South,891,4
2024-03-11,0,3,Delhi,Clothing,95,800,Warehouse_West,494,4
2024-03-11,0,3,Delhi,Furniture,30,12000,Warehouse_South,328,1
2024-03-11,0,3,Delhi,Medicines,244,200,Warehouse_North,492,4
2024-03-11,0,3,Bangalore,Electronics,56,8500,Warehouse_West,433,1
2024-03-11,0,3,Bangalore,Groceries,257,150,Warehouse_North,293,3
2024-03-11,0,3,Bangalore,Clothing,103,800,Warehouse_West,528,4
2024-03-11,0,3,Bangalore,Furniture,23,12000,Warehouse_West,646,4
2024-03-11,0,3,Bangalore,Medicines,198,200,Warehouse_West,794,2
2024-03-11,0,3,Chennai,Electronics,50,8500,Warehouse_North,543,4
2024-03-11,0,3,Chennai,Groceries,260,150,Warehouse_West,726,1
2024-03-11,0,3,Chennai,Clothing,96,800,Warehouse_West,745,3
2024-03-11,0,3,Chennai,Furniture,20,12000,Warehouse_North,215,3
2024-03-11,0,3,Chennai,Medicines,215,200,Warehouse_North,792,1
2024-03-11,0,3,Pune,Electronics,51,8500,Warehouse_South,496,2
2024-03-11,0,3,Pune,Groceries,187,150,Warehouse_West,772,2
2024-03-11,0,3,Pune,Clothing,78,800,Warehouse_South,562,1
2024-03-11,0,3,Pune,Furniture,19,12000,Warehouse_West,558,2
2024-03-11,0,3,Pune,Medicines,122,200,Warehouse_North,364,1
2024-03-11,0,3,Hyderabad,Electronics,47,8500,Warehouse_South,654,1
2024-03-11,0,3,Hyderabad,Groceries,203,150,Warehouse_West,973,2
2024-03-11,0,3,Hyderabad,Clothing,69,800,Warehouse_South,291,3
2024-03-11,0,3,Hyderabad,Furniture,20,12000,Warehouse_North,251,3
2024-03-11,0,3,Hyderabad,Medicines,103,200,Warehouse_South,917,3
2024-03-12,1,3,Mumbai,Electronics,64,8500,Warehouse_North,856,2
2024-03-12,1,3,Mumbai,Groceries,295,150,Warehouse_North,352,2
2024-03-12,1,3,Mumbai,Clothing,106,800,Warehouse_South,699,1
2024-03-12,1,3,Mumbai,Furniture,30,12000,Warehouse_North,317,1
2024-03-12,1,3,Mumbai,Medicines,252,200,Warehouse_West,667,1
2024-03-12,1,3,Delhi,Electronics,57,8500,Warehouse_South,255,4
2024-03-12,1,3,Delhi,Groceries,286,150,Warehouse_South,983,4
2024-03-12,1,3,Delhi,Clothing,112,800,Warehouse_North,931,4
2024-03-12,1,3,Delhi,Furniture,30,12000,Warehouse_North,265,3
2024-03-12,1,3,Delhi,Medicines,214,200,Warehouse_South,835,2
2024-03-12,1,3,Bangalore,Electronics,52,8500,Warehouse_West,340,1
2024-03-12,1,3,Bangalore,Groceries,311,150,Warehouse_North,929,1
2024-03-12,1,3,Bangalore,Clothing,101,800,Warehouse_West,950,3
2024-03-12,1,3,Bangalore,Furniture,30,12000,Warehouse_West,568,2
2024-03-12,1,3,Bangalore,Medicines,212,200,Warehouse_North,600,4
2024-03-12,1,3,Chennai,Electronics,48,8500,Warehouse_North,540,1
2024-03-12,1,3,Chennai,Groceries,142,150,Warehouse_South,562,4
2024-03-12,1,3,Chennai,Clothing,112,800,Warehouse_South,555,4
2024-03-12,1,3,Chennai,Furniture,20,12000,Warehouse_West,385,1
2024-03-12,1,3,Chennai,Medicines,178,200,Warehouse_North,333,1
2024-03-12,1,3,Pune,Electronics,46,8500,Warehouse_North,324,3
2024-03-12,1,3,Pune,Groceries,184,150,Warehouse_South,250,4
2024-03-12,1,3,Pune,Clothing,77,800,Warehouse_South,938,2
2024-03-12,1,3,Pune,Furniture,17,12000,Warehouse_North,515,2
2024-03-12,1,3,Pune,Medicines,159,200,Warehouse_West,467,2
2024-03-12,1,3,Hyderabad,Electronics,41,8500,Warehouse_South,750,3
2024-03-12,1,3,Hyderabad,Groceries,168,150,Warehouse_North,340,2
2024-03-12,1,3,Hyderabad,Clothing,76,800,Warehouse_North,513,4
2024-03-12,1,3,Hyderabad,Furniture,22,12000,Warehouse_West,452,1
2024-03-12,1,3,Hyderabad,Medicines,143,200,Warehouse_South,899,2
2024-03-13,2,3,Mumbai,Electronics,72,8500,Warehouse_West,397,3
2024-03-13,2,3,Mumbai,Groceries,319,150,Warehouse_West,402,3
2024-03-13,2,3,Mumbai,Clothing,130,800,Warehouse_South,256,2
2024-03-13,2,3,Mumbai,Furniture,27,12000,Warehouse_South,270,3
2024-03-13,2,3,Mumbai,Medicines,215,200,Warehouse_South,283,2
2024-03-13,2,3,Delhi,Electronics,68,8500,Warehouse_West,865,3
2024-03-13,2,3,Delhi,Groceries,255,150,Warehouse_West,264,2
2024-03-13,2,3,Delhi,Clothing,107,800,Warehouse_North,666,2
2024-03-13,2,3,Delhi,Furniture,31,12000,Warehouse_North,287,4
2024-03-13,2,3,Delhi,Medicines,199,200,Warehouse_West,595,2
2024-03-13,2,3,Bangalore,Electronics,67,8500,Warehouse_South,991,2
2024-03-13,2,3,Bangalore,Groceries,245,150,Warehouse_North,914,4
2024-03-13,2,3,Bangalore,Clothing,107,800,Warehouse_North,863,2
2024-03-13,2,3,Bangalore,Furniture,29,12000,Warehouse_South,905,4
2024-03-13,2,3,Bangalore,Medicines,207,200,Warehouse_West,362,3
2024-03-13,2,3,Chennai,Electronics,47,8500,Warehouse_North,364,1
2024-03-13,2,3,Chennai,Groceries,238,150,Warehouse_South,386,2
2024-03-13,2,3,Chennai,Clothing,63,800,Warehouse_South,915,3
2024-03-13,2,3,Chennai,Furniture,19,12000,Warehouse_South,615,2
2024-03-13,2,3,Chennai,Medicines,142,200,Warehouse_West,584,4
2024-03-13,2,3,Pune,Electronics,34,8500,Warehouse_North,869,4
2024-03-13,2,3,Pune,Groceries,243,150,Warehouse_West,507,3
2024-03-13,2,3,Pune,Clothing,75,800,Warehouse_North,840,1
2024-03-13,2,3,Pune,Furniture,14,12000,Warehouse_North,555,4
2024-03-13,2,3,Pune,Medicines,167,200,Warehouse_South,498,3
2024-03-13,2,3,Hyderabad,Electronics,38,8500,Warehouse_North,845,3
2024-03-13,2,3,Hyderabad,Groceries,169,150,Warehouse_North,983,1
2024-03-13,2,3,Hyderabad,Clothing,89,800,Warehouse_West,748,3
2024-03-13,2,3,Hyderabad,Furniture,19,12000,Warehouse_North,391,2
2024-03-13,2,3,Hyderabad,Medicines,177,200,Warehouse_South,773,4
2024-03-14,3,3,Mumbai,Electronics,66,8500,Warehouse_South,562,1
2024-03-14,3,3,Mumbai,Groceries,341,150,Warehouse_South,703,4
2024-03-14,3,3,Mumbai,Clothing,134,800,Warehouse_North,601,1
2024-03-14,3,3,Mumbai,Furniture,32,12000,Warehouse_West,905,4
2024-03-14,3,3,Mumbai,Medicines,249,200,Warehouse_North,593,1
2024-03-14,3,3,Delhi,Electronics,64,8500,Warehouse_South,796,1
2024-03-14,3,3,Delhi,Groceries,231,150,Warehouse_South,519,1
2024-03-14,3,3,Delhi,Clothing,103,800,Warehouse_West,270,4
2024-03-14,3,3,Delhi,Furniture,28,12000,Warehouse_West,208,4
2024-03-14,3,3,Delhi,Medicines,236,200,Warehouse_North,424,3
2024-03-14,3,3,Bangalore,Electronics,54,8500,Warehouse_South,368,2
2024-03-14,3,3,Bangalore,Groceries,264,150,Warehouse_North,641,2
2024-03-14,3,3,Bangalore,Clothing,132,800,Warehouse_South,747,4
2024-03-14,3,3,Bangalore,Furniture,27,12000,Warehouse_North,227,4
2024-03-14,3,3,Bangalore,Medicines,171,200,Warehouse_West,303,2
2024-03-14,3,3,Chennai,Electronics,52,8500,Warehouse_South,300,1
2024-03-14,3,3,Chennai,Groceries,243,150,Warehouse_West,968,3
2024-03-14,3,3,Chennai,Clothing,67,800,Warehouse_North,264,3
2024-03-14,3,3,Chennai,Furniture,25,12000,Warehouse_South,542,1
2024-03-14,3,3,Chennai,Medicines,144,200,Warehouse_South,579,2
2024-03-14,3,3,Pune,Electronics,46,8500,Warehouse_North,465,2
2024-03-14,3,3,Pune,Groceries,234,150,Warehouse_North,532,1
2024-03-14,3,3,Pune,Clothing,66,800,Warehouse_West,734,4
2024-03-14,3,3,Pune,Furniture,22,12000,Warehouse_North,818,1
2024-03-14,3,3,Pune,Medicines,134,200,Warehouse_West,995,2
2024-03-14,3,3,Hyderabad,Electronics,45,8500,Warehouse_West,516,3
2024-03-14,3,3,Hyderabad,Groceries,217,150,Warehouse_North,721,4
2024-03-14,3,3,Hyderabad,Clothing,86,800,Warehouse_North,916,3
2024-03-14,3,3,Hyderabad,Furniture,20,12000,Warehouse_North,329,1
2024-03-14,3,3,Hyderabad,Medicines,140,200,Warehouse_North,331,4
2024-03-15,4,3,Mumbai,Electronics,66,8500,Warehouse_South,242,2
2024-03-15,4,3,Mumbai,Groceries,355,150,Warehouse_South,477,2
2024-03-15,4,3,Mumbai,Clothing,107,800,Warehouse_North,956,4
2024-03-15,4,3,Mumbai,Furniture,30,12000,Warehouse_South,726,1
2024-03-15,4,3,Mumbai,Medicines,235,200,Warehouse_North,313,3
2024-03-15,4,3,Delhi,Electronics,61,8500,Warehouse_West,365,3
2024-03-15,4,3,Delhi,Groceries,243,150,Warehouse_North,377,2
2024-03-15,4,3,Delhi,Clothing,123,800,Warehouse_South,353,2
2024-03-15,4,3,Delhi,Furniture,24,12000,Warehouse_North,525,2
2024-03-15,4,3,Delhi,Medicines,160,200,Warehouse_South,822,4
2024-03-15,4,3,Bangalore,Electronics,68,8500,Warehouse_West,952,2
2024-03-15,4,3,Bangalore,Groceries,232,150,Warehouse_West,676,3
2024-03-15,4,3,Bangalore,Clothing,86,800,Warehouse_South,544,3
2024-03-15,4,3,Bangalore,Furniture,30,12000,Warehouse_West,737,2
2024-03-15,4,3,Bangalore,Medicines,152,200,Warehouse_North,928,2
2024-03-15,4,3,Chennai,Electronics,51,8500,Warehouse_South,343,1
2024-03-15,4,3,Chennai,Groceries,220,150,Warehouse_North,998,1
2024-03-15,4,3,Chennai,Clothing,95,800,Warehouse_South,681,4
2024-03-15,4,3,Chennai,Furniture,21,12000,Warehouse_South,295,2
2024-03-15,4,3,Chennai,Medicines,124,200,Warehouse_South,355,1
2024-03-15,4,3,Pune,Electronics,40,8500,Warehouse_West,331,3
2024-03-15,4,3,Pune,Groceries,219,150,Warehouse_South,337,3
2024-03-15,4,3,Pune,Clothing,68,800,Warehouse_South,530,1
2024-03-15,4,3,Pune,Furniture,18,12000,Warehouse_North,484,2
2024-03-15,4,3,Pune,Medicines,161,200,Warehouse_North,509,3
2024-03-15,4,3,Hyderabad,Electronics,49,8500,Warehouse_South,303,2
2024-03-15,4,3,Hyderabad,Groceries,204,150,Warehouse_North,452,3
2024-03-15,4,3,Hyderabad,Clothing,96,800,Warehouse_West,202,3
2024-03-15,4,3,Hyderabad,Furniture,17,12000,Warehouse_North,853,3
2024-03-15,4,3,Hyderabad,Medicines,178,200,Warehouse_North,901,2
2024-03-16,5,3,Mumbai,Electronics,96,8500,Warehouse_West,475,3
2024-03-16,5,3,Mumbai,Groceries,418,150,Warehouse_North,886,2
2024-03-16,5,3,Mumbai,Clothing,163,800,Warehouse_West,883,4
2024-03-16,5,3,Mumbai,Furniture,38,12000,Warehouse_South,246,2
2024-03-16,5,3,Mumbai,Medicines,322,200,Warehouse_West,404,1
2024-03-16,5,3,Delhi,Electronics,78,8500,Warehouse_North,715,4
2024-03-16,5,3,Delhi,Groceries,421,150,Warehouse_South,813,2
2024-03-16,5,3,Delhi,Clothing,145,800,Warehouse_North,750,4
2024-03-16,5,3,Delhi,Furniture,37,12000,Warehouse_North,777,2
2024-03-16,5,3,Delhi,Medicines,292,200,Warehouse_South,916,2
2024-03-16,5,3,Bangalore,Electronics,88,8500,Warehouse_West,551,1
2024-03-16,5,3,Bangalore,Groceries,434,150,Warehouse_North,351,2
2024-03-16,5,3,Bangalore,Clothing,151,800,Warehouse_West,823,4
2024-03-16,5,3,Bangalore,Furniture,34,12000,Warehouse_South,920,4
2024-03-16,5,3,Bangalore,Medicines,295,200,Warehouse_South,663,3
2024-03-16,5,3,Chennai,Electronics,68,8500,Warehouse_North,376,3
2024-03-16,5,3,Chennai,Groceries,313,150,Warehouse_South,488,2
2024-03-16,5,3,Chennai,Clothing,95,800,Warehouse_West,531,3
2024-03-16,5,3,Chennai,Furniture,30,12000,Warehouse_West,917,2
2024-03-16,5,3,Chennai,Medicines,254,200,Warehouse_North,662,3
2024-03-16,5,3,Pune,Electronics,75,8500,Warehouse_North,445,4
2024-03-16,5,3,Pune,Groceries,310,150,Warehouse_West,356,3
2024-03-16,5,3,Pune,Clothing,93,800,Warehouse_North,265,2
2024-03-16,5,3,Pune,Furniture,24,12000,Warehouse_North,992,2
2024-03-16,5,3,Pune,Medicines,202,200,Warehouse_North,254,1
2024-03-16,5,3,Hyderabad,Electronics,49,8500,Warehouse_North,719,4
2024-03-16,5,3,Hyderabad,Groceries,309,150,Warehouse_North,982,1
2024-03-16,5,3,Hyderabad,Clothing,107,800,Warehouse_South,330,2
2024-03-16,5,3,Hyderabad,Furniture,24,12000,Warehouse_South,248,3
2024-03-16,5,3,Hyderabad,Medicines,159,200,Warehouse_West,520,3
2024-03-17,6,3,Mumbai,Electronics,87,8500,Warehouse_North,782,3
2024-03-17,6,3,Mumbai,Groceries,468,150,Warehouse_North,575,1
2024-03-17,6,3,Mumbai,Clothing,180,800,Warehouse_West,275,2
2024-03-17,6,3,Mumbai,Furniture,40,12000,Warehouse_North,842,1
2024-03-17,6,3,Mumbai,Medicines,301,200,Warehouse_South,222,3
2024-03-17,6,3,Delhi,Electronics,94,8500,Warehouse_West,668,4
2024-03-17,6,3,Delhi,Groceries,386,150,Warehouse_West,251,1
2024-03-17,6,3,Delhi,Clothing,155,800,Warehouse_South,811,1
2024-03-17,6,3,Delhi,Furniture,41,12000,Warehouse_North,879,3
2024-03-17,6,3,Delhi,Medicines,284,200,Warehouse_North,918,3
2024-03-17,6,3,Bangalore,Electronics,86,8500,Warehouse_West,839,1
2024-03-17,6,3,Bangalore,Groceries,407,150,Warehouse_South,555,4
2024-03-17,6,3,Bangalore,Clothing,137,800,Warehouse_West,851,2
2024-03-17,6,3,Bangalore,Furniture,42,12000,Warehouse_South,805,4
2024-03-17,6,3,Bangalore,Medicines,286,200,Warehouse_West,519,1
2024-03-17,6,3,Chennai,Electronics,58,8500,Warehouse_South,505,2
2024-03-17,6,3,Chennai,Groceries,314,150,Warehouse_North,213,1
2024-03-17,6,3,Chennai,Clothing,117,800,Warehouse_North,480,3
2024-03-17,6,3,Chennai,Furniture,31,12000,Warehouse_West,346,3
2024-03-17,6,3,Chennai,Medicines,254,200,Warehouse_North,829,2
2024-03-17,6,3,Pune,Electronics,64,8500,Warehouse_South,456,2
2024-03-17,6,3,Pune,Groceries,272,150,Warehouse_South,544,4
2024-03-17,6,3,Pune,Clothing,135,800,Warehouse_West,382,3
2024-03-17,6,3,Pune,Furniture,25,12000,Warehouse_West,271,2
2024-03-17,6,3,Pune,Medicines,213,200,Warehouse_West,696,4
2024-03-17,6,3,Hyderabad,Electronics,62,8500,Warehouse_West,779,2
2024-03-17,6,3,Hyderabad,Groceries,280,150,Warehouse_North,523,4
2024-03-17,6,3,Hyderabad,Clothing,102,800,Warehouse_West,935,1
2024-03-17,6,3,Hyderabad,Furniture,32,12000,Warehouse_West,391,4
2024-03-17,6,3,Hyderabad,Medicines,218,200,Warehouse_West,980,4
2024-03-18,0,3,Mumbai,Electronics,72,8500,Warehouse_South,214,2
2024-03-18,0,3,Mumbai,Groceries,375,150,Warehouse_North,610,4
2024-03-18,0,3,Mumbai,Clothing,139,800,Warehouse_North,216,3
2024-03-18,0,3,Mumbai,Furniture,29,12000,Warehouse_South,428,2
2024-03-18,0,3,Mumbai,Medicines,235,200,Warehouse_West,952,2
2024-03-18,0,3,Delhi,Electronics,69,8500,Warehouse_North,574,2
2024-03-18,0,3,Delhi,Groceries,262,150,Warehouse_West,257,1
2024-03-18,0,3,Delhi,Clothing,100,800,Warehouse_South,721,4
2024-03-18,0,3,Delhi,Furniture,27,12000,Warehouse_West,662,1
2024-03-18,0,3,Delhi,Medicines,205,200,Warehouse_North,255,4
2024-03-18,0,3,Bangalore,Electronics,62,8500,Warehouse_West,308,1
2024-03-18,0,3,Bangalore,Groceries,312,150,Warehouse_South,634,2
2024-03-18,0,3,Bangalore,Clothing,105,800,Warehouse_South,768,2
2024-03-18,0,3,Bangalore,Furniture,25,12000,Warehouse_South,665,3
2024-03-18,0,3,Bangalore,Medicines,197,200,Warehouse_South,558,3
2024-03-18,0,3,Chennai,Electronics,55,8500,Warehouse_South,433,3
2024-03-18,0,3,Chennai,Groceries,229,150,Warehouse_West,468,2
2024-03-18,0,3,Chennai,Clothing,99,800,Warehouse_West,988,4
2024-03-18,0,3,Chennai,Furniture,20,12000,Warehouse_North,362,3
2024-03-18,0,3,Chennai,Medicines,167,200,Warehouse_South,709,1
2024-03-18,0,3,Pune,Electronics,43,8500,Warehouse_West,424,4
2024-03-18,0,3,Pune,Groceries,185,150,Warehouse_West,317,2
2024-03-18,0,3,Pune,Clothing,89,800,Warehouse_West,581,3
2024-03-18,0,3,Pune,Furniture,18,12000,Warehouse_South,443,1
2024-03-18,0,3,Pune,Medicines,185,200,Warehouse_South,409,4
2024-03-18,0,3,Hyderabad,Electronics,48,8500,Warehouse_North,272,4
2024-03-18,0,3,Hyderabad,Groceries,149,150,Warehouse_North,212,3
2024-03-18,0,3,Hyderabad,Clothing,76,800,Warehouse_West,986,1
2024-03-18,0,3,Hyderabad,Furniture,18,12000,Warehouse_South,884,4
2024-03-18,0,3,Hyderabad,Medicines,155,200,Warehouse_South,575,2
2024-03-19,1,3,Mumbai,Electronics,67,8500,Warehouse_North,779,4
2024-03-19,1,3,Mumbai,Groceries,255,150,Warehouse_North,772,3
2024-03-19,1,3,Mumbai,Clothing,111,800,Warehouse_West,522,3
2024-03-19,1,3,Mumbai,Furniture,32,12000,Warehouse_South,288,1
2024-03-19,1,3,Mumbai,Medicines,232,200,Warehouse_West,800,2
2024-03-19,1,3,Delhi,Electronics,61,8500,Warehouse_South,456,1
2024-03-19,1,3,Delhi,Groceries,284,150,Warehouse_North,876,3
2024-03-19,1,3,Delhi,Clothing,113,800,Warehouse_West,719,2
2024-03-19,1,3,Delhi,Furniture,27,12000,Warehouse_South,558,2
2024-03-19,1,3,Delhi,Medicines,221,200,Warehouse_South,533,1
2024-03-19,1,3,Bangalore,Electronics,54,8500,Warehouse_West,891,2
2024-03-19,1,3,Bangalore,Groceries,215,150,Warehouse_West,671,2
2024-03-19,1,3,Bangalore,Clothing,97,800,Warehouse_South,749,1
2024-03-19,1,3,Bangalore,Furniture,23,12000,Warehouse_West,402,1
2024-03-19,1,3,Bangalore,Medicines,201,200,Warehouse_West,246,1
2024-03-19,1,3,Chennai,Electronics,50,8500,Warehouse_West,821,1
2024-03-19,1,3,Chennai,Groceries,208,150,Warehouse_South,991,1
2024-03-19,1,3,Chennai,Clothing,79,800,Warehouse_North,945,4
2024-03-19,1,3,Chennai,Furniture,16,12000,Warehouse_West,407,1
2024-03-19,1,3,Chennai,Medicines,183,200,Warehouse_North,814,4
2024-03-19,1,3,Pune,Electronics,49,8500,Warehouse_North,981,2
2024-03-19,1,3,Pune,Groceries,189,150,Warehouse_North,201,4
2024-03-19,1,3,Pune,Clothing,99,800,Warehouse_North,933,3
2024-03-19,1,3,Pune,Furniture,22,12000,Warehouse_West,406,2
2024-03-19,1,3,Pune,Medicines,138,200,Warehouse_North,968,3
2024-03-19,1,3,Hyderabad,Electronics,38,8500,Warehouse_South,594,2
2024-03-19,1,3,Hyderabad,Groceries,156,150,Warehouse_West,929,4
2024-03-19,1,3,Hyderabad,Clothing,72,800,Warehouse_North,340,1
2024-03-19,1,3,Hyderabad,Furniture,17,12000,Warehouse_South,397,1
2024-03-19,1,3,Hyderabad,Medicines,136,200,Warehouse_South,767,3
2024-03-20,2,3,Mumbai,Electronics,65,8500,Warehouse_West,524,2
2024-03-20,2,3,Mumbai,Groceries,227,150,Warehouse_South,263,3
2024-03-20,2,3,Mumbai,Clothing,110,800,Warehouse_North,456,1
2024-03-20,2,3,Mumbai,Furniture,35,12000,Warehouse_West,237,1
2024-03-20,2,3,Mumbai,Medicines,196,200,Warehouse_South,768,1
2024-03-20,2,3,Delhi,Electronics,66,8500,Warehouse_North,630,4
2024-03-20,2,3,Delhi,Groceries,294,150,Warehouse_South,800,1
2024-03-20,2,3,Delhi,Clothing,121,800,Warehouse_North,456,4
2024-03-20,2,3,Delhi,Furniture,30,12000,Warehouse_West,515,3
2024-03-20,2,3,Delhi,Medicines,214,200,Warehouse_North,633,2
2024-03-20,2,3,Bangalore,Electronics,61,8500,Warehouse_South,619,1
2024-03-20,2,3,Bangalore,Groceries,295,150,Warehouse_North,760,4
2024-03-20,2,3,Bangalore,Clothing,102,800,Warehouse_West,256,2
2024-03-20,2,3,Bangalore,Furniture,25,12000,Warehouse_North,377,1
2024-03-20,2,3,Bangalore,Medicines,195,200,Warehouse_West,446,4
2024-03-20,2,3,Chennai,Electronics,52,8500,Warehouse_South,991,1
2024-03-20,2,3,Chennai,Groceries,222,150,Warehouse_South,264,4
2024-03-20,2,3,Chennai,Clothing,92,800,Warehouse_North,925,4
2024-03-20,2,3,Chennai,Furniture,17,12000,Warehouse_North,982,2
2024-03-20,2,3,Chennai,Medicines,228,200,Warehouse_West,738,2
2024-03-20,2,3,Pune,Electronics,49,8500,Warehouse_West,211,2
2024-03-20,2,3,Pune,Groceries,174,150,Warehouse_West,231,4
2024-03-20,2,3,Pune,Clothing,53,800,Warehouse_South,279,3
2024-03-20,2,3,Pune,Furniture,20,12000,Warehouse_West,958,1
2024-03-20,2,3,Pune,Medicines,165,200,Warehouse_South,830,3
2024-03-20,2,3,Hyderabad,Electronics,45,8500,Warehouse_North,692,3
2024-03-20,2,3,Hyderabad,Groceries,190,150,Warehouse_South,316,3
2024-03-20,2,3,Hyderabad,Clothing,59,800,Warehouse_West,994,1
2024-03-20,2,3,Hyderabad,Furniture,20,12000,Warehouse_North,884,2
2024-03-20,2,3,Hyderabad,Medicines,138,200,Warehouse_South,574,2
2024-03-21,3,3,Mumbai,Electronics,62,8500,Warehouse_West,620,2
2024-03-21,3,3,Mumbai,Groceries,273,150,Warehouse_North,879,2
2024-03-21,3,3,Mumbai,Clothing,121,800,Warehouse_West,388,4
2024-03-21,3,3,Mumbai,Furniture,29,12000,Warehouse_West,201,2
2024-03-21,3,3,Mumbai,Medicines,207,200,Warehouse_South,404,1
2024-03-21,3,3,Delhi,Electronics,64,8500,Warehouse_North,671,3
2024-03-21,3,3,Delhi,Groceries,240,150,Warehouse_West,765,4
2024-03-21,3,3,Delhi,Clothing,103,800,Warehouse_South,772,3
2024-03-21,3,3,Delhi,Furniture,33,12000,Warehouse_West,661,4
2024-03-21,3,3,Delhi,Medicines,238,200,Warehouse_West,616,2
2024-03-21,3,3,Bangalore,Electronics,71,8500,Warehouse_North,887,2
2024-03-21,3,3,Bangalore,Groceries,231,150,Warehouse_South,246,2
2024-03-21,3,3,Bangalore,Clothing,101,800,Warehouse_West,322,2
2024-03-21,3,3,Bangalore,Furniture,25,12000,Warehouse_South,818,1
2024-03-21,3,3,Bangalore,Medicines,215,200,Warehouse_West,765,2
2024-03-21,3,3,Chennai,Electronics,39,8500,Warehouse_South,434,4
2024-03-21,3,3,Chennai,Groceries,184,150,Warehouse_West,768,1
2024-03-21,3,3,Chennai,Clothing,131,800,Warehouse_West,289,4
2024-03-21,3,3,Chennai,Furniture,17,12000,Warehouse_North,732,4
2024-03-21,3,3,Chennai,Medicines,157,200,Warehouse_South,370,4
2024-03-21,3,3,Pune,Electronics,38,8500,Warehouse_South,431,3
2024-03-21,3,3,Pune,Groceries,181,150,Warehouse_North,267,2
2024-03-21,3,3,Pune,Clothing,68,800,Warehouse_North,459,3
2024-03-21,3,3,Pune,Furniture,21,12000,Warehouse_North,819,3
2024-03-21,3,3,Pune,Medicines,128,200,Warehouse_North,385,3
2024-03-21,3,3,Hyderabad,Electronics,49,8500,Warehouse_West,691,1
2024-03-21,3,3,Hyderabad,Groceries,195,150,Warehouse_North,800,1
2024-03-21,3,3,Hyderabad,Clothing,82,800,Warehouse_North,587,1
2024-03-21,3,3,Hyderabad,Furniture,21,12000,Warehouse_South,375,3
2024-03-21,3,3,Hyderabad,Medicines,129,200,Warehouse_West,432,3
2024-03-22,4,3,Mumbai,Electronics,69,8500,Warehouse_West,412,2
2024-03-22,4,3,Mumbai,Groceries,289,150,Warehouse_North,321,3
2024-03-22,4,3,Mumbai,Clothing,119,800,Warehouse_North,958,4
2024-03-22,4,3,Mumbai,Furniture,36,12000,Warehouse_West,648,4
2024-03-22,4,3,Mumbai,Medicines,208,200,Warehouse_North,989,2
2024-03-22,4,3,Delhi,Electronics,57,8500,Warehouse_North,341,4
2024-03-22,4,3,Delhi,Groceries,238,150,Warehouse_North,595,3
2024-03-22,4,3,Delhi,Clothing,93,800,Warehouse_West,622,1
2024-03-22,4,3,Delhi,Furniture,25,12000,Warehouse_West,279,3
2024-03-22,4,3,Delhi,Medicines,181,200,Warehouse_North,311,2
2024-03-22,4,3,Bangalore,Electronics,63,8500,Warehouse_South,752,3
2024-03-22,4,3,Bangalore,Groceries,273,150,Warehouse_North,586,3
2024-03-22,4,3,Bangalore,Clothing,93,800,Warehouse_West,798,1
2024-03-22,4,3,Bangalore,Furniture,24,12000,Warehouse_North,936,2
2024-03-22,4,3,Bangalore,Medicines,206,200,Warehouse_West,772,4
2024-03-22,4,3,Chennai,Electronics,48,8500,Warehouse_West,902,2
2024-03-22,4,3,Chennai,Groceries,193,150,Warehouse_South,807,4
2024-03-22,4,3,Chennai,Clothing,94,800,Warehouse_North,974,1
2024-03-22,4,3,Chennai,Furniture,20,12000,Warehouse_West,331,2
2024-03-22,4,3,Chennai,Medicines,175,200,Warehouse_North,320,1
2024-03-22,4,3,Pune,Electronics,40,8500,Warehouse_North,971,3
2024-03-22,4,3,Pune,Groceries,220,150,Warehouse_South,711,2
2024-03-22,4,3,Pune,Clothing,64,800,Warehouse_North,884,3
2024-03-22,4,3,Pune,Furniture,20,12000,Warehouse_West,417,3
2024-03-22,4,3,Pune,Medicines,102,200,Warehouse_South,211,1
2024-03-22,4,3,Hyderabad,Electronics,43,8500,Warehouse_South,842,4
2024-03-22,4,3,Hyderabad,Groceries,203,150,Warehouse_West,727,4
2024-03-22,4,3,Hyderabad,Clothing,52,800,Warehouse_South,586,2
2024-03-22,4,3,Hyderabad,Furniture,23,12000,Warehouse_North,910,4
2024-03-22,4,3,Hyderabad,Medicines,200,200,Warehouse_West,220,3
2024-03-23,5,3,Mumbai,Electronics,92,8500,Warehouse_North,615,4
2024-03-23,5,3,Mumbai,Groceries,426,150,Warehouse_North,366,4
2024-03-23,5,3,Mumbai,Clothing,154,800,Warehouse_North,992,1
2024-03-23,5,3,Mumbai,Furniture,36,12000,Warehouse_North,457,3
2024-03-23,5,3,Mumbai,Medicines,318,200,Warehouse_South,932,2
2024-03-23,5,3,Delhi,Electronics,88,8500,Warehouse_North,288,2
2024-03-23,5,3,Delhi,Groceries,396,150,Warehouse_West,506,2
2024-03-23,5,3,Delhi,Clothing,164,800,Warehouse_South,639,4
2024-03-23,5,3,Delhi,Furniture,39,12000,Warehouse_North,692,1
2024-03-23,5,3,Delhi,Medicines,320,200,Warehouse_North,610,1
2024-03-23,5,3,Bangalore,Electronics,84,8500,Warehouse_South,236,4
2024-03-23,5,3,Bangalore,Groceries,319,150,Warehouse_West,230,3
2024-03-23,5,3,Bangalore,Clothing,126,800,Warehouse_North,365,4
2024-03-23,5,3,Bangalore,Furniture,33,12000,Warehouse_South,681,3
2024-03-23,5,3,Bangalore,Medicines,276,200,Warehouse_North,209,4
2024-03-23,5,3,Chennai,Electronics,72,8500,Warehouse_South,779,3
2024-03-23,5,3,Chennai,Groceries,307,150,Warehouse_West,635,1
2024-03-23,5,3,Chennai,Clothing,132,800,Warehouse_West,860,2
2024-03-23,5,3,Chennai,Furniture,36,12000,Warehouse_South,836,3
2024-03-23,5,3,Chennai,Medicines,239,200,Warehouse_North,712,4
2024-03-23,5,3,Pune,Electronics,65,8500,Warehouse_West,791,2
2024-03-23,5,3,Pune,Groceries,268,150,Warehouse_North,538,2
2024-03-23,5,3,Pune,Clothing,100,800,Warehouse_North,294,1
2024-03-23,5,3,Pune,Furniture,29,12000,Warehouse_West,345,1
2024-03-23,5,3,Pune,Medicines,186,200,Warehouse_West,237,1
2024-03-23,5,3,Hyderabad,Electronics,66,8500,Warehouse_West,946,1
2024-03-23,5,3,Hyderabad,Groceries,236,150,Warehouse_North,343,4
2024-03-23,5,3,Hyderabad,Clothing,105,800,Warehouse_North,940,4
2024-03-23,5,3,Hyderabad,Furniture,26,12000,Warehouse_West,938,1
2024-03-23,5,3,Hyderabad,Medicines,216,200,Warehouse_North,413,2
2024-03-24,6,3,Mumbai,Electronics,87,8500,Warehouse_South,228,3
2024-03-24,6,3,Mumbai,Groceries,409,150,Warehouse_West,811,1
2024-03-24,6,3,Mumbai,Clothing,148,800,Warehouse_West,396,2
2024-03-24,6,3,Mumbai,Furniture,44,12000,Warehouse_West,222,3
2024-03-24,6,3,Mumbai,Medicines,339,200,Warehouse_West,765,2
2024-03-24,6,3,Delhi,Electronics,78,8500,Warehouse_North,983,1
2024-03-24,6,3,Delhi,Groceries,342,150,Warehouse_North,797,4
2024-03-24,6,3,Delhi,Clothing,151,800,Warehouse_North,926,2
2024-03-24,6,3,Delhi,Furniture,37,12000,Warehouse_South,679,4
2024-03-24,6,3,Delhi,Medicines,270,200,Warehouse_South,956,3
2024-03-24,6,3,Bangalore,Electronics,87,8500,Warehouse_North,294,1
2024-03-24,6,3,Bangalore,Groceries,388,150,Warehouse_North,453,3
2024-03-24,6,3,Bangalore,Clothing,154,800,Warehouse_North,280,2
2024-03-24,6,3,Bangalore,Furniture,37,12000,Warehouse_North,461,1
2024-03-24,6,3,Bangalore,Medicines,266,200,Warehouse_North,276,4
2024-03-24,6,3,Chennai,Electronics,77,8500,Warehouse_North,246,2
2024-03-24,6,3,Chennai,Groceries,330,150,Warehouse_North,356,1
2024-03-24,6,3,Chennai,Clothing,123,800,Warehouse_North,968,3
2024-03-24,6,3,Chennai,Furniture,35,12000,Warehouse_West,741,3
2024-03-24,6,3,Chennai,Medicines,278,200,Warehouse_South,530,3
2024-03-24,6,3,Pune,Electronics,55,8500,Warehouse_North,612,2
2024-03-24,6,3,Pune,Groceries,247,150,Warehouse_North,346,3
2024-03-24,6,3,Pune,Clothing,119,800,Warehouse_North,946,3
2024-03-24,6,3,Pune,Furniture,28,12000,Warehouse_North,289,4
2024-03-24,6,3,Pune,Medicines,181,200,Warehouse_North,716,1
2024-03-24,6,3,Hyderabad,Electronics,56,8500,Warehouse_South,802,3
2024-03-24,6,3,Hyderabad,Groceries,266,150,Warehouse_West,886,2
2024-03-24,6,3,Hyderabad,Clothing,110,800,Warehouse_South,922,3
2024-03-24,6,3,Hyderabad,Furniture,24,12000,Warehouse_South,823,3
2024-03-24,6,3,Hyderabad,Medicines,195,200,Warehouse_North,478,3
2024-03-25,0,3,Mumbai,Electronics,62,8500,Warehouse_North,505,4
2024-03-25,0,3,Mumbai,Groceries,312,150,Warehouse_West,456,4
2024-03-25,0,3,Mumbai,Clothing,121,800,Warehouse_South,751,2
2024-03-25,0,3,Mumbai,Furniture,27,12000,Warehouse_West,786,1
2024-03-25,0,3,Mumbai,Medicines,226,200,Warehouse_South,655,1
2024-03-25,0,3,Delhi,Electronics,67,8500,Warehouse_South,535,3
2024-03-25,0,3,Delhi,Groceries,301,150,Warehouse_West,602,4
2024-03-25,0,3,Delhi,Clothing,114,800,Warehouse_South,223,4
2024-03-25,0,3,Delhi,Furniture,25,12000,Warehouse_West,831,3
2024-03-25,0,3,Delhi,Medicines,218,200,Warehouse_South,649,1
2024-03-25,0,3,Bangalore,Electronics,67,8500,Warehouse_West,675,2
2024-03-25,0,3,Bangalore,Groceries,253,150,Warehouse_North,369,1
2024-03-25,0,3,Bangalore,Clothing,106,800,Warehouse_South,269,2
2024-03-25,0,3,Bangalore,Furniture,26,12000,Warehouse_West,887,4
2024-03-25,0,3,Bangalore,Medicines,210,200,Warehouse_North,768,3
2024-03-25,0,3,Chennai,Electronics,50,8500,Warehouse_North,633,4
2024-03-25,0,3,Chennai,Groceries,235,150,Warehouse_North,502,3
2024-03-25,0,3,Chennai,Clothing,93,800,Warehouse_South,637,1
2024-03-25,0,3,Chennai,Furniture,20,12000,Warehouse_North,961,3
2024-03-25,0,3,Chennai,Medicines,182,200,Warehouse_West,913,3
2024-03-25,0,3,Pune,Electronics,54,8500,Warehouse_North,340,2
2024-03-25,0,3,Pune,Groceries,221,150,Warehouse_South,909,4
2024-03-25,0,3,Pune,Clothing,90,800,Warehouse_West,239,3
2024-03-25,0,3,Pune,Furniture,15,12000,Warehouse_South,862,3
2024-03-25,0,3,Pune,Medicines,150,200,Warehouse_North,968,3
2024-03-25,0,3,Hyderabad,Electronics,52,8500,Warehouse_West,580,4
2024-03-25,0,3,Hyderabad,Groceries,203,150,Warehouse_West,507,1
2024-03-25,0,3,Hyderabad,Clothing,86,800,Warehouse_West,995,2
2024-03-25,0,3,Hyderabad,Furniture,21,12000,Warehouse_West,965,1
2024-03-25,0,3,Hyderabad,Medicines,169,200,Warehouse_West,223,1
2024-03-26,1,3,Mumbai,Electronics,72,8500,Warehouse_West,576,3
2024-03-26,1,3,Mumbai,Groceries,313,150,Warehouse_North,601,1
2024-03-26,1,3,Mumbai,Clothing,94,800,Warehouse_West,552,3
2024-03-26,1,3,Mumbai,Furniture,28,12000,Warehouse_North,434,3
2024-03-26,1,3,Mumbai,Medicines,235,200,Warehouse_South,878,3
2024-03-26,1,3,Delhi,Electronics,63,8500,Warehouse_South,765,1
2024-03-26,1,3,Delhi,Groceries,272,150,Warehouse_North,631,4
2024-03-26,1,3,Delhi,Clothing,96,800,Warehouse_South,934,4
2024-03-26,1,3,Delhi,Furniture,28,12000,Warehouse_West,200,3
2024-03-26,1,3,Delhi,Medicines,197,200,Warehouse_North,285,2
2024-03-26,1,3,Bangalore,Electronics,57,8500,Warehouse_North,517,3
2024-03-26,1,3,Bangalore,Groceries,297,150,Warehouse_South,724,3
2024-03-26,1,3,Bangalore,Clothing,108,800,Warehouse_North,455,3
2024-03-26,1,3,Bangalore,Furniture,23,12000,Warehouse_South,343,2
2024-03-26,1,3,Bangalore,Medicines,219,200,Warehouse_West,259,4
2024-03-26,1,3,Chennai,Electronics,42,8500,Warehouse_West,434,1
2024-03-26,1,3,Chennai,Groceries,166,150,Warehouse_North,431,1
2024-03-26,1,3,Chennai,Clothing,69,800,Warehouse_West,818,3
2024-03-26,1,3,Chennai,Furniture,20,12000,Warehouse_West,656,3
2024-03-26,1,3,Chennai,Medicines,140,200,Warehouse_South,463,4
2024-03-26,1,3,Pune,Electronics,45,8500,Warehouse_South,420,2
2024-03-26,1,3,Pune,Groceries,229,150,Warehouse_South,203,1
2024-03-26,1,3,Pune,Clothing,105,800,Warehouse_West,742,1
2024-03-26,1,3,Pune,Furniture,14,12000,Warehouse_South,599,3
2024-03-26,1,3,Pune,Medicines,113,200,Warehouse_South,440,1
2024-03-26,1,3,Hyderabad,Electronics,38,8500,Warehouse_West,958,3
2024-03-26,1,3,Hyderabad,Groceries,186,150,Warehouse_West,580,2
2024-03-26,1,3,Hyderabad,Clothing,45,800,Warehouse_North,732,4
2024-03-26,1,3,Hyderabad,Furniture,14,12000,Warehouse_West,254,3
2024-03-26,1,3,Hyderabad,Medicines,129,200,Warehouse_North,326,4
2024-03-27,2,3,Mumbai,Electronics,66,8500,Warehouse_North,702,3
2024-03-27,2,3,Mumbai,Groceries,293,150,Warehouse_West,663,3
2024-03-27,2,3,Mumbai,Clothing,134,800,Warehouse_West,968,3
2024-03-27,2,3,Mumbai,Furniture,32,12000,Warehouse_North,760,4
2024-03-27,2,3,Mumbai,Medicines,218,200,Warehouse_North,434,1
2024-03-27,2,3,Delhi,Electronics,73,8500,Warehouse_South,680,3
2024-03-27,2,3,Delhi,Groceries,254,150,Warehouse_West,250,1
2024-03-27,2,3,Delhi,Clothing,118,800,Warehouse_West,840,2
2024-03-27,2,3,Delhi,Furniture,29,12000,Warehouse_North,667,2
2024-03-27,2,3,Delhi,Medicines,221,200,Warehouse_North,670,1
2024-03-27,2,3,Bangalore,Electronics,51,8500,Warehouse_North,228,1
2024-03-27,2,3,Bangalore,Groceries,255,150,Warehouse_South,918,4
2024-03-27,2,3,Bangalore,Clothing,105,800,Warehouse_South,304,1
2024-03-27,2,3,Bangalore,Furniture,24,12000,Warehouse_North,696,4
2024-03-27,2,3,Bangalore,Medicines,202,200,Warehouse_South,510,3
2024-03-27,2,3,Chennai,Electronics,42,8500,Warehouse_North,969,4
2024-03-27,2,3,Chennai,Groceries,250,150,Warehouse_South,454,4
2024-03-27,2,3,Chennai,Clothing,96,800,Warehouse_South,294,4
2024-03-27,2,3,Chennai,Furniture,23,12000,Warehouse_West,839,1
2024-03-27,2,3,Chennai,Medicines,197,200,Warehouse_North,254,1
2024-03-27,2,3,Pune,Electronics,50,8500,Warehouse_West,865,1
2024-03-27,2,3,Pune,Groceries,248,150,Warehouse_West,933,3
2024-03-27,2,3,Pune,Clothing,67,800,Warehouse_North,561,1
2024-03-27,2,3,Pune,Furniture,14,12000,Warehouse_West,637,3
2024-03-27,2,3,Pune,Medicines,181,200,Warehouse_West,207,4
2024-03-27,2,3,Hyderabad,Electronics,49,8500,Warehouse_South,468,3
2024-03-27,2,3,Hyderabad,Groceries,185,150,Warehouse_North,294,1
2024-03-27,2,3,Hyderabad,Clothing,90,800,Warehouse_South,669,1
2024-03-27,2,3,Hyderabad,Furniture,17,12000,Warehouse_North,393,2
2024-03-27,2,3,Hyderabad,Medicines,124,200,Warehouse_West,535,3
2024-03-28,3,3,Mumbai,Electronics,73,8500,Warehouse_North,869,2
2024-03-28,3,3,Mumbai,Groceries,297,150,Warehouse_South,850,1
2024-03-28,3,3,Mumbai,Clothing,112,800,Warehouse_North,713,4
2024-03-28,3,3,Mumbai,Furniture,29,12000,Warehouse_West,841,1
2024-03-28,3,3,Mumbai,Medicines,245,200,Warehouse_West,435,2
2024-03-28,3,3,Delhi,Electronics,66,8500,Warehouse_West,399,2
2024-03-28,3,3,Delhi,Groceries,261,150,Warehouse_North,433,2
2024-03-28,3,3,Delhi,Clothing,122,800,Warehouse_West,842,4
2024-03-28,3,3,Delhi,Furniture,26,12000,Warehouse_West,361,1
2024-03-28,3,3,Delhi,Medicines,239,200,Warehouse_North,324,4
2024-03-28,3,3,Bangalore,Electronics,47,8500,Warehouse_North,420,1
2024-03-28,3,3,Bangalore,Groceries,302,150,Warehouse_West,732,2
2024-03-28,3,3,Bangalore,Clothing,95,800,Warehouse_South,721,3
2024-03-28,3,3,Bangalore,Furniture,28,12000,Warehouse_West,856,1
2024-03-28,3,3,Bangalore,Medicines,185,200,Warehouse_South,428,3
2024-03-28,3,3,Chennai,Electronics,61,8500,Warehouse_West,234,1
2024-03-28,3,3,Chennai,Groceries,215,150,Warehouse_West,211,3
2024-03-28,3,3,Chennai,Clothing,86,800,Warehouse_North,803,1
2024-03-28,3,3,Chennai,Furniture,18,12000,Warehouse_North,285,4
2024-03-28,3,3,Chennai,Medicines,153,200,Warehouse_West,990,4
2024-03-28,3,3,Pune,Electronics,44,8500,Warehouse_North,727,1
2024-03-28,3,3,Pune,Groceries,189,150,Warehouse_South,553,3
2024-03-28,3,3,Pune,Clothing,98,800,Warehouse_North,518,3
2024-03-28,3,3,Pune,Furniture,18,12000,Warehouse_North,897,2
2024-03-28,3,3,Pune,Medicines,155,200,Warehouse_South,292,1
2024-03-28,3,3,Hyderabad,Electronics,56,8500,Warehouse_West,706,1
2024-03-28,3,3,Hyderabad,Groceries,221,150,Warehouse_North,663,4
2024-03-28,3,3,Hyderabad,Clothing,90,800,Warehouse_West,296,3
2024-03-28,3,3,Hyderabad,Furniture,26,12000,Warehouse_South,609,3
2024-03-28,3,3,Hyderabad,Medicines,118,200,Warehouse_North,970,4
2024-03-29,4,3,Mumbai,Electronics,77,8500,Warehouse_West,946,2
2024-03-29,4,3,Mumbai,Groceries,283,150,Warehouse_South,531,2
2024-03-29,4,3,Mumbai,Clothing,125,800,Warehouse_West,314,1
2024-03-29,4,3,Mumbai,Furniture,29,12000,Warehouse_South,427,2
2024-03-29,4,3,Mumbai,Medicines,258,200,Warehouse_South,727,2
2024-03-29,4,3,Delhi,Electronics,69,8500,Warehouse_West,241,1
2024-03-29,4,3,Delhi,Groceries,217,150,Warehouse_South,366,1
2024-03-29,4,3,Delhi,Clothing,109,800,Warehouse_West,608,4
2024-03-29,4,3,Delhi,Furniture,30,12000,Warehouse_West,238,1
2024-03-29,4,3,Delhi,Medicines,177,200,Warehouse_North,613,1
2024-03-29,4,3,Bangalore,Electronics,63,8500,Warehouse_West,553,1
2024-03-29,4,3,Bangalore,Groceries,245,150,Warehouse_South,685,1
2024-03-29,4,3,Bangalore,Clothing,121,800,Warehouse_South,332,3
2024-03-29,4,3,Bangalore,Furniture,25,12000,Warehouse_North,464,1
2024-03-29,4,3,Bangalore,Medicines,154,200,Warehouse_South,836,2
2024-03-29,4,3,Chennai,Electronics,51,8500,Warehouse_North,506,2
2024-03-29,4,3,Chennai,Groceries,234,150,Warehouse_South,653,3
2024-03-29,4,3,Chennai,Clothing,86,800,Warehouse_West,639,3
2024-03-29,4,3,Chennai,Furniture,18,12000,Warehouse_West,331,4
2024-03-29,4,3,Chennai,Medicines,146,200,Warehouse_West,759,4
2024-03-29,4,3,Pune,Electronics,41,8500,Warehouse_South,233,4
2024-03-29,4,3,Pune,Groceries,215,150,Warehouse_South,370,2
2024-03-29,4,3,Pune,Clothing,77,800,Warehouse_North,792,3
2024-03-29,4,3,Pune,Furniture,16,12000,Warehouse_South,814,2
2024-03-29,4,3,Pune,Medicines,153,200,Warehouse_West,548,3
2024-03-29,4,3,Hyderabad,Electronics,42,8500,Warehouse_North,779,4
2024-03-29,4,3,Hyderabad,Groceries,198,150,Warehouse_West,830,4
2024-03-29,4,3,Hyderabad,Clothing,96,800,Warehouse_North,845,1
2024-03-29,4,3,Hyderabad,Furniture,22,12000,Warehouse_North,671,1
2024-03-29,4,3,Hyderabad,Medicines,129,200,Warehouse_West,894,4
2024-03-30,5,3,Mumbai,Electronics,91,8500,Warehouse_North,321,4
2024-03-30,5,3,Mumbai,Groceries,402,150,Warehouse_South,998,4
2024-03-30,5,3,Mumbai,Clothing,172,800,Warehouse_South,929,1
2024-03-30,5,3,Mumbai,Furniture,39,12000,Warehouse_South,663,4
2024-03-30,5,3,Mumbai,Medicines,288,200,Warehouse_West,679,2
2024-03-30,5,3,Delhi,Electronics,94,8500,Warehouse_West,746,1
2024-03-30,5,3,Delhi,Groceries,386,150,Warehouse_North,545,2
2024-03-30,5,3,Delhi,Clothing,163,800,Warehouse_North,647,1
2024-03-30,5,3,Delhi,Furniture,38,12000,Warehouse_South,839,4
2024-03-30,5,3,Delhi,Medicines,286,200,Warehouse_West,279,1
2024-03-30,5,3,Bangalore,Electronics,83,8500,Warehouse_South,311,3
2024-03-30,5,3,Bangalore,Groceries,378,150,Warehouse_South,950,4
2024-03-30,5,3,Bangalore,Clothing,149,800,Warehouse_North,745,3
2024-03-30,5,3,Bangalore,Furniture,36,12000,Warehouse_North,746,3
2024-03-30,5,3,Bangalore,Medicines,288,200,Warehouse_South,258,3
2024-03-30,5,3,Chennai,Electronics,55,8500,Warehouse_West,285,3
2024-03-30,5,3,Chennai,Groceries,265,150,Warehouse_North,782,1
2024-03-30,5,3,Chennai,Clothing,124,800,Warehouse_North,804,4
2024-03-30,5,3,Chennai,Furniture,31,12000,Warehouse_West,268,2
2024-03-30,5,3,Chennai,Medicines,210,200,Warehouse_South,985,3
2024-03-30,5,3,Pune,Electronics,69,8500,Warehouse_South,517,2
2024-03-30,5,3,Pune,Groceries,315,150,Warehouse_West,908,3
2024-03-30,5,3,Pune,Clothing,117,800,Warehouse_West,891,3
2024-03-30,5,3,Pune,Furniture,23,12000,Warehouse_South,985,2
2024-03-30,5,3,Pune,Medicines,181,200,Warehouse_South,623,1
2024-03-30,5,3,Hyderabad,Electronics,75,8500,Warehouse_West,719,4
2024-03-30,5,3,Hyderabad,Groceries,279,150,Warehouse_West,769,4
2024-03-30,5,3,Hyderabad,Clothing,94,800,Warehouse_West,819,3
2024-03-30,5,3,Hyderabad,Furniture,31,12000,Warehouse_West,381,2
2024-03-30,5,3,Hyderabad,Medicines,174,200,Warehouse_South,914,3
2024-03-31,6,3,Mumbai,Electronics,87,8500,Warehouse_West,984,1
2024-03-31,6,3,Mumbai,Groceries,433,150,Warehouse_North,552,2
2024-03-31,6,3,Mumbai,Clothing,163,800,Warehouse_South,698,3
2024-03-31,6,3,Mumbai,Furniture,44,12000,Warehouse_North,915,1
2024-03-31,6,3,Mumbai,Medicines,326,200,Warehouse_South,875,4
2024-03-31,6,3,Delhi,Electronics,88,8500,Warehouse_North,236,1
2024-03-31,6,3,Delhi,Groceries,402,150,Warehouse_North,879,2
2024-03-31,6,3,Delhi,Clothing,160,800,Warehouse_South,377,1
2024-03-31,6,3,Delhi,Furniture,39,12000,Warehouse_South,839,2
2024-03-31,6,3,Delhi,Medicines,284,200,Warehouse_West,204,4
2024-03-31,6,3,Bangalore,Electronics,91,8500,Warehouse_West,986,4
2024-03-31,6,3,Bangalore,Groceries,378,150,Warehouse_West,826,3
2024-03-31,6,3,Bangalore,Clothing,146,800,Warehouse_South,852,2
2024-03-31,6,3,Bangalore,Furniture,36,12000,Warehouse_South,522,2
2024-03-31,6,3,Bangalore,Medicines,268,200,Warehouse_North,674,2
2024-03-31,6,3,Chennai,Electronics,73,8500,Warehouse_West,546,4
2024-03-31,6,3,Chennai,Groceries,319,150,Warehouse_North,565,1
2024-03-31,6,3,Chennai,Clothing,114,800,Warehouse_South,572,3
2024-03-31,6,3,Chennai,Furniture,34,12000,Warehouse_North,239,3
2024-03-31,6,3,Chennai,Medicines,253,200,Warehouse_West,773,2
2024-03-31,6,3,Pune,Electronics,71,8500,Warehouse_North,369,2
2024-03-31,6,3,Pune,Groceries,294,150,Warehouse_North,710,4
2024-03-31,6,3,Pune,Clothing,111,800,Warehouse_South,540,1
2024-03-31,6,3,Pune,Furniture,30,12000,Warehouse_South,818,4
2024-03-31,6,3,Pune,Medicines,180,200,Warehouse_West,929,1
2024-03-31,6,3,Hyderabad,Electronics,64,8500,Warehouse_North,230,4
2024-03-31,6,3,Hyderabad,Groceries,344,150,Warehouse_South,471,3
2024-03-31,6,3,Hyderabad,Clothing,106,800,Warehouse_North,785,4
2024-03-31,6,3,Hyderabad,Furniture,29,12000,Warehouse_West,434,1
2024-03-31,6,3,Hyderabad,Medicines,221,200,Warehouse_North,356,2
2024-04-01,0,4,Mumbai,Electronics,78,8500,Warehouse_South,620,1
2024-04-01,0,4,Mumbai,Groceries,390,150,Warehouse_South,547,2
2024-04-01,0,4,Mumbai,Clothing,135,800,Warehouse_North,507,3
2024-04-01,0,4,Mumbai,Furniture,35,12000,Warehouse_South,896,3
2024-04-01,0,4,Mumbai,Medicines,226,200,Warehouse_South,753,3
2024-04-01,0,4,Delhi,Electronics,91,8500,Warehouse_West,426,3
2024-04-01,0,4,Delhi,Groceries,351,150,Warehouse_North,671,3
2024-04-01,0,4,Delhi,Clothing,102,800,Warehouse_West,851,1
2024-04-01,0,4,Delhi,Furniture,33,12000,Warehouse_North,480,4
2024-04-01,0,4,Delhi,Medicines,213,200,Warehouse_West,437,3
2024-04-01,0,4,Bangalore,Electronics,65,8500,Warehouse_West,875,2
2024-04-01,0,4,Bangalore,Groceries,328,150,Warehouse_West,420,4
2024-04-01,0,4,Bangalore,Clothing,118,800,Warehouse_South,369,3
2024-04-01,0,4,Bangalore,Furniture,34,12000,Warehouse_North,580,2
2024-04-01,0,4,Bangalore,Medicines,257,200,Warehouse_South,590,1
2024-04-01,0,4,Chennai,Electronics,56,8500,Warehouse_North,729,3
2024-04-01,0,4,Chennai,Groceries,264,150,Warehouse_West,499,3
2024-04-01,0,4,Chennai,Clothing,104,800,Warehouse_West,926,3
2024-04-01,0,4,Chennai,Furniture,27,12000,Warehouse_North,330,4
2024-04-01,0,4,Chennai,Medicines,230,200,Warehouse_North,853,4
2024-04-01,0,4,Pune,Electronics,51,8500,Warehouse_West,204,1
2024-04-01,0,4,Pune,Groceries,217,150,Warehouse_North,404,3
2024-04-01,0,4,Pune,Clothing,95,800,Warehouse_South,586,4
2024-04-01,0,4,Pune,Furniture,18,12000,Warehouse_West,674,4
2024-04-01,0,4,Pune,Medicines,144,200,Warehouse_North,756,1
2024-04-01,0,4,Hyderabad,Electronics,50,8500,Warehouse_North,433,1
2024-04-01,0,4,Hyderabad,Groceries,193,150,Warehouse_South,847,4
2024-04-01,0,4,Hyderabad,Clothing,102,800,Warehouse_South,648,4
2024-04-01,0,4,Hyderabad,Furniture,25,12000,Warehouse_North,582,3
2024-04-01,0,4,Hyderabad,Medicines,173,200,Warehouse_West,340,1
2024-04-02,1,4,Mumbai,Electronics,82,8500,Warehouse_South,618,4
2024-04-02,1,4,Mumbai,Groceries,371,150,Warehouse_North,855,4
2024-04-02,1,4,Mumbai,Clothing,154,800,Warehouse_North,893,3
2024-04-02,1,4,Mumbai,Furniture,39,12000,Warehouse_South,898,1
2024-04-02,1,4,Mumbai,Medicines,260,200,Warehouse_West,374,4
2024-04-02,1,4,Delhi,Electronics,64,8500,Warehouse_West,589,3
2024-04-02,1,4,Delhi,Groceries,314,150,Warehouse_North,903,4
2024-04-02,1,4,Delhi,Clothing,123,800,Warehouse_West,804,2
2024-04-02,1,4,Delhi,Furniture,34,12000,Warehouse_North,502,1
2024-04-02,1,4,Delhi,Medicines,237,200,Warehouse_South,276,4
2024-04-02,1,4,Bangalore,Electronics,76,8500,Warehouse_West,911,1
2024-04-02,1,4,Bangalore,Groceries,335,150,Warehouse_North,661,2
2024-04-02,1,4,Bangalore,Clothing,130,800,Warehouse_North,623,1
2024-04-02,1,4,Bangalore,Furniture,29,12000,Warehouse_North,581,3
2024-04-02,1,4,Bangalore,Medicines,212,200,Warehouse_North,872,3
2024-04-02,1,4,Chennai,Electronics,51,8500,Warehouse_North,458,4
2024-04-02,1,4,Chennai,Groceries,327,150,Warehouse_South,445,1
2024-04-02,1,4,Chennai,Clothing,118,800,Warehouse_West,386,2
2024-04-02,1,4,Chennai,Furniture,25,12000,Warehouse_North,762,2
2024-04-02,1,4,Chennai,Medicines,208,200,Warehouse_West,369,3
2024-04-02,1,4,Pune,Electronics,46,8500,Warehouse_North,476,2
2024-04-02,1,4,Pune,Groceries,215,150,Warehouse_West,726,1
2024-04-02,1,4,Pune,Clothing,95,800,Warehouse_West,668,1
2024-04-02,1,4,Pune,Furniture,20,12000,Warehouse_South,654,2
2024-04-02,1,4,Pune,Medicines,223,200,Warehouse_West,715,1
2024-04-02,1,4,Hyderabad,Electronics,53,8500,Warehouse_West,348,4
2024-04-02,1,4,Hyderabad,Groceries,196,150,Warehouse_North,384,2
2024-04-02,1,4,Hyderabad,Clothing,75,800,Warehouse_West,803,1
2024-04-02,1,4,Hyderabad,Furniture,26,12000,Warehouse_North,685,2
2024-04-02,1,4,Hyderabad,Medicines,207,200,Warehouse_West,431,3
2024-04-03,2,4,Mumbai,Electronics,87,8500,Warehouse_West,595,1
2024-04-03,2,4,Mumbai,Groceries,343,150,Warehouse_West,562,2
2024-04-03,2,4,Mumbai,Clothing,144,800,Warehouse_South,774,4
2024-04-03,2,4,Mumbai,Furniture,36,12000,Warehouse_West,670,1
2024-04-03,2,4,Mumbai,Medicines,250,200,Warehouse_North,380,1
2024-04-03,2,4,Delhi,Electronics,87,8500,Warehouse_West,242,3
2024-04-03,2,4,Delhi,Groceries,335,150,Warehouse_North,454,1
2024-04-03,2,4,Delhi,Clothing,124,800,Warehouse_North,701,2
2024-04-03,2,4,Delhi,Furniture,30,12000,Warehouse_West,441,1
2024-04-03,2,4,Delhi,Medicines,231,200,Warehouse_South,498,1
2024-04-03,2,4,Bangalore,Electronics,66,8500,Warehouse_South,793,3
2024-04-03,2,4,Bangalore,Groceries,281,150,Warehouse_West,528,4
2024-04-03,2,4,Bangalore,Clothing,122,800,Warehouse_West,510,3
2024-04-03,2,4,Bangalore,Furniture,26,12000,Warehouse_South,304,1
2024-04-03,2,4,Bangalore,Medicines,280,200,Warehouse_West,611,3
2024-04-03,2,4,Chennai,Electronics,60,8500,Warehouse_South,459,4
2024-04-03,2,4,Chennai,Groceries,271,150,Warehouse_West,530,1
2024-04-03,2,4,Chennai,Clothing,110,800,Warehouse_North,720,1
2024-04-03,2,4,Chennai,Furniture,32,12000,Warehouse_South,892,3
2024-04-03,2,4,Chennai,Medicines,204,200,Warehouse_South,990,2
2024-04-03,2,4,Pune,Electronics,52,8500,Warehouse_South,598,3
2024-04-03,2,4,Pune,Groceries,204,150,Warehouse_North,895,1
2024-04-03,2,4,Pune,Clothing,91,800,Warehouse_West,840,2
2024-04-03,2,4,Pune,Furniture,20,12000,Warehouse_South,346,2
2024-04-03,2,4,Pune,Medicines,185,200,Warehouse_South,226,1
2024-04-03,2,4,Hyderabad,Electronics,53,8500,Warehouse_West,885,1
2024-04-03,2,4,Hyderabad,Groceries,247,150,Warehouse_South,763,4
2024-04-03,2,4,Hyderabad,Clothing,96,800,Warehouse_South,295,1
2024-04-03,2,4,Hyderabad,Furniture,20,12000,Warehouse_West,445,3
2024-04-03,2,4,Hyderabad,Medicines,161,200,Warehouse_South,477,1
2024-04-04,3,4,Mumbai,Electronics,80,8500,Warehouse_South,818,4
2024-04-04,3,4,Mumbai,Groceries,346,150,Warehouse_West,593,3
2024-04-04,3,4,Mumbai,Clothing,162,800,Warehouse_West,479,1
2024-04-04,3,4,Mumbai,Furniture,40,12000,Warehouse_North,331,1
2024-04-04,3,4,Mumbai,Medicines,265,200,Warehouse_North,910,1
2024-04-04,3,4,Delhi,Electronics,95,8500,Warehouse_South,851,1
2024-04-04,3,4,Delhi,Groceries,324,150,Warehouse_South,425,2
2024-04-04,3,4,Delhi,Clothing,118,800,Warehouse_North,452,4
2024-04-04,3,4,Delhi,Furniture,29,12000,Warehouse_South,308,2
2024-04-04,3,4,Delhi,Medicines,256,200,Warehouse_West,666,2
2024-04-04,3,4,Bangalore,Electronics,69,8500,Warehouse_West,739,2
2024-04-04,3,4,Bangalore,Groceries,312,150,Warehouse_South,374,4
2024-04-04,3,4,Bangalore,Clothing,118,800,Warehouse_West,742,2
2024-04-04,3,4,Bangalore,Furniture,31,12000,Warehouse_West,355,1
2024-04-04,3,4,Bangalore,Medicines,208,200,Warehouse_North,532,3
2024-04-04,3,4,Chennai,Electronics,60,8500,Warehouse_West,600,2
2024-04-04,3,4,Chennai,Groceries,240,150,Warehouse_South,300,3
2024-04-04,3,4,Chennai,Clothing,126,800,Warehouse_South,552,4
2024-04-04,3,4,Chennai,Furniture,23,12000,Warehouse_North,977,2
2024-04-04,3,4,Chennai,Medicines,145,200,Warehouse_South,680,2
2024-04-04,3,4,Pune,Electronics,56,8500,Warehouse_West,285,2
2024-04-04,3,4,Pune,Groceries,246,150,Warehouse_West,623,1
2024-04-04,3,4,Pune,Clothing,88,800,Warehouse_South,759,1
2024-04-04,3,4,Pune,Furniture,26,12000,Warehouse_West,744,4
2024-04-04,3,4,Pune,Medicines,195,200,Warehouse_North,491,1
2024-04-04,3,4,Hyderabad,Electronics,56,8500,Warehouse_North,998,4
2024-04-04,3,4,Hyderabad,Groceries,269,150,Warehouse_West,320,1
2024-04-04,3,4,Hyderabad,Clothing,92,800,Warehouse_South,387,3
2024-04-04,3,4,Hyderabad,Furniture,25,12000,Warehouse_North,270,2
2024-04-04,3,4,Hyderabad,Medicines,163,200,Warehouse_South,242,4
2024-04-05,4,4,Mumbai,Electronics,69,8500,Warehouse_West,734,2
2024-04-05,4,4,Mumbai,Groceries,342,150,Warehouse_South,726,2
2024-04-05,4,4,Mumbai,Clothing,160,800,Warehouse_North,778,1
2024-04-05,4,4,Mumbai,Furniture,37,12000,Warehouse_West,713,4
2024-04-05,4,4,Mumbai,Medicines,255,200,Warehouse_South,483,3
2024-04-05,4,4,Delhi,Electronics,70,8500,Warehouse_South,657,3
2024-04-05,4,4,Delhi,Groceries,314,150,Warehouse_North,503,3
2024-04-05,4,4,Delhi,Clothing,120,800,Warehouse_West,421,1
2024-04-05,4,4,Delhi,Furniture,31,12000,Warehouse_South,434,2
2024-04-05,4,4,Delhi,Medicines,269,200,Warehouse_North,456,1
2024-04-05,4,4,Bangalore,Electronics,68,8500,Warehouse_North,246,1
2024-04-05,4,4,Bangalore,Groceries,282,150,Warehouse_West,686,3
2024-04-05,4,4,Bangalore,Clothing,99,800,Warehouse_West,205,1
2024-04-05,4,4,Bangalore,Furniture,35,12000,Warehouse_South,460,1
2024-04-05,4,4,Bangalore,Medicines,254,200,Warehouse_West,421,4
2024-04-05,4,4,Chennai,Electronics,54,8500,Warehouse_South,764,1
2024-04-05,4,4,Chennai,Groceries,215,150,Warehouse_West,828,2
2024-04-05,4,4,Chennai,Clothing,79,800,Warehouse_West,508,3
2024-04-05,4,4,Chennai,Furniture,28,12000,Warehouse_North,359,2
2024-04-05,4,4,Chennai,Medicines,204,200,Warehouse_South,423,4
2024-04-05,4,4,Pune,Electronics,40,8500,Warehouse_South,667,3
2024-04-05,4,4,Pune,Groceries,200,150,Warehouse_South,712,2
2024-04-05,4,4,Pune,Clothing,115,800,Warehouse_South,563,3
2024-04-05,4,4,Pune,Furniture,23,12000,Warehouse_South,573,2
2024-04-05,4,4,Pune,Medicines,161,200,Warehouse_South,332,1
2024-04-05,4,4,Hyderabad,Electronics,60,8500,Warehouse_South,407,1
2024-04-05,4,4,Hyderabad,Groceries,216,150,Warehouse_South,277,4
2024-04-05,4,4,Hyderabad,Clothing,98,800,Warehouse_North,744,4
2024-04-05,4,4,Hyderabad,Furniture,24,12000,Warehouse_West,359,4
2024-04-05,4,4,Hyderabad,Medicines,174,200,Warehouse_West,622,1
2024-04-06,5,4,Mumbai,Electronics,103,8500,Warehouse_West,253,2
2024-04-06,5,4,Mumbai,Groceries,532,150,Warehouse_South,402,4
2024-04-06,5,4,Mumbai,Clothing,189,800,Warehouse_North,508,4
2024-04-06,5,4,Mumbai,Furniture,45,12000,Warehouse_West,531,4
2024-04-06,5,4,Mumbai,Medicines,380,200,Warehouse_West,564,3
2024-04-06,5,4,Delhi,Electronics,118,8500,Warehouse_West,572,4
2024-04-06,5,4,Delhi,Groceries,503,150,Warehouse_South,324,1
2024-04-06,5,4,Delhi,Clothing,190,800,Warehouse_South,811,2
2024-04-06,5,4,Delhi,Furniture,47,12000,Warehouse_South,320,4
2024-04-06,5,4,Delhi,Medicines,322,200,Warehouse_North,977,1
2024-04-06,5,4,Bangalore,Electronics,95,8500,Warehouse_North,464,4
2024-04-06,5,4,Bangalore,Groceries,539,150,Warehouse_South,245,4
2024-04-06,5,4,Bangalore,Clothing,197,800,Warehouse_West,962,2
2024-04-06,5,4,Bangalore,Furniture,47,12000,Warehouse_South,943,2
2024-04-06,5,4,Bangalore,Medicines,311,200,Warehouse_West,227,1
2024-04-06,5,4,Chennai,Electronics,94,8500,Warehouse_North,710,1
2024-04-06,5,4,Chennai,Groceries,361,150,Warehouse_West,449,3
2024-04-06,5,4,Chennai,Clothing,145,800,Warehouse_West,514,3
2024-04-06,5,4,Chennai,Furniture,33,12000,Warehouse_North,533,1
2024-04-06,5,4,Chennai,Medicines,243,200,Warehouse_North,561,1
2024-04-06,5,4,Pune,Electronics,75,8500,Warehouse_South,575,2
2024-04-06,5,4,Pune,Groceries,334,150,Warehouse_South,819,1
2024-04-06,5,4,Pune,Clothing,126,800,Warehouse_South,617,3
2024-04-06,5,4,Pune,Furniture,32,12000,Warehouse_West,767,4
2024-04-06,5,4,Pune,Medicines,269,200,Warehouse_West,399,2
2024-04-06,5,4,Hyderabad,Electronics,64,8500,Warehouse_North,798,1
2024-04-06,5,4,Hyderabad,Groceries,331,150,Warehouse_North,837,3
2024-04-06,5,4,Hyderabad,Clothing,140,800,Warehouse_South,570,4
2024-04-06,5,4,Hyderabad,Furniture,37,12000,Warehouse_North,481,2
2024-04-06,5,4,Hyderabad,Medicines,282,200,Warehouse_South,559,4
2024-04-07,6,4,Mumbai,Electronics,111,8500,Warehouse_South,294,1
2024-04-07,6,4,Mumbai,Groceries,516,150,Warehouse_North,772,4
2024-04-07,6,4,Mumbai,Clothing,219,800,Warehouse_North,294,3
2024-04-07,6,4,Mumbai,Furniture,52,12000,Warehouse_North,224,4
2024-04-07,6,4,Mumbai,Medicines,418,200,Warehouse_South,286,2
2024-04-07,6,4,Delhi,Electronics,105,8500,Warehouse_South,990,2
2024-04-07,6,4,Delhi,Groceries,468,150,Warehouse_West,425,2
2024-04-07,6,4,Delhi,Clothing,191,800,Warehouse_West,493,4
2024-04-07,6,4,Delhi,Furniture,48,12000,Warehouse_North,719,4
2024-04-07,6,4,Delhi,Medicines,342,200,Warehouse_North,745,4
2024-04-07,6,4,Bangalore,Electronics,82,8500,Warehouse_West,629,2
2024-04-07,6,4,Bangalore,Groceries,413,150,Warehouse_West,239,1
2024-04-07,6,4,Bangalore,Clothing,178,800,Warehouse_West,724,4
2024-04-07,6,4,Bangalore,Furniture,45,12000,Warehouse_South,283,1
2024-04-07,6,4,Bangalore,Medicines,345,200,Warehouse_South,462,2
2024-04-07,6,4,Chennai,Electronics,79,8500,Warehouse_North,708,4
2024-04-07,6,4,Chennai,Groceries,371,150,Warehouse_South,701,4
2024-04-07,6,4,Chennai,Clothing,142,800,Warehouse_West,934,3
2024-04-07,6,4,Chennai,Furniture,36,12000,Warehouse_North,800,1
2024-04-07,6,4,Chennai,Medicines,276,200,Warehouse_North,336,3
2024-04-07,6,4,Pune,Electronics,73,8500,Warehouse_West,779,1
2024-04-07,6,4,Pune,Groceries,297,150,Warehouse_West,520,2
2024-04-07,6,4,Pune,Clothing,132,800,Warehouse_North,691,4
2024-04-07,6,4,Pune,Furniture,31,12000,Warehouse_South,276,3
2024-04-07,6,4,Pune,Medicines,220,200,Warehouse_North,416,4
2024-04-07,6,4,Hyderabad,Electronics,70,8500,Warehouse_South,210,3
2024-04-07,6,4,Hyderabad,Groceries,352,150,Warehouse_South,572,1
2024-04-07,6,4,Hyderabad,Clothing,132,800,Warehouse_West,890,4
2024-04-07,6,4,Hyderabad,Furniture,32,12000,Warehouse_West,820,1
2024-04-07,6,4,Hyderabad,Medicines,204,200,Warehouse_North,379,2
2024-04-08,0,4,Mumbai,Electronics,86,8500,Warehouse_West,745,2
2024-04-08,0,4,Mumbai,Groceries,327,150,Warehouse_North,695,1
2024-04-08,0,4,Mumbai,Clothing,130,800,Warehouse_North,926,1
2024-04-08,0,4,Mumbai,Furniture,35,12000,Warehouse_South,917,1
2024-04-08,0,4,Mumbai,Medicines,265,200,Warehouse_West,717,1
2024-04-08,0,4,Delhi,Electronics,74,8500,Warehouse_South,309,3
2024-04-08,0,4,Delhi,Groceries,298,150,Warehouse_West,675,3
2024-04-08,0,4,Delhi,Clothing,144,800,Warehouse_West,241,3
2024-04-08,0,4,Delhi,Furniture,36,12000,Warehouse_South,261,3
2024-04-08,0,4,Delhi,Medicines,206,200,Warehouse_North,910,2
2024-04-08,0,4,Bangalore,Electronics,63,8500,Warehouse_West,976,1
2024-04-08,0,4,Bangalore,Groceries,287,150,Warehouse_South,948,2
2024-04-08,0,4,Bangalore,Clothing,114,800,Warehouse_South,463,1
2024-04-08,0,4,Bangalore,Furniture,33,12000,Warehouse_South,473,2
2024-04-08,0,4,Bangalore,Medicines,274,200,Warehouse_South,225,1
2024-04-08,0,4,Chennai,Electronics,53,8500,Warehouse_South,675,4
2024-04-08,0,4,Chennai,Groceries,243,150,Warehouse_South,661,4
2024-04-08,0,4,Chennai,Clothing,101,800,Warehouse_West,854,1
2024-04-08,0,4,Chennai,Furniture,27,12000,Warehouse_West,773,2
2024-04-08,0,4,Chennai,Medicines,194,200,Warehouse_West,810,3
2024-04-08,0,4,Pune,Electronics,59,8500,Warehouse_West,905,2
2024-04-08,0,4,Pune,Groceries,266,150,Warehouse_North,819,3
2024-04-08,0,4,Pune,Clothing,107,800,Warehouse_North,674,1
2024-04-08,0,4,Pune,Furniture,22,12000,Warehouse_North,626,2
2024-04-08,0,4,Pune,Medicines,202,200,Warehouse_South,631,4
2024-04-08,0,4,Hyderabad,Electronics,57,8500,Warehouse_West,918,3
2024-04-08,0,4,Hyderabad,Groceries,245,150,Warehouse_South,807,1
2024-04-08,0,4,Hyderabad,Clothing,100,800,Warehouse_South,426,1
2024-04-08,0,4,Hyderabad,Furniture,28,12000,Warehouse_North,317,1
2024-04-08,0,4,Hyderabad,Medicines,170,200,Warehouse_West,732,4
2024-04-09,1,4,Mumbai,Electronics,75,8500,Warehouse_South,593,4
2024-04-09,1,4,Mumbai,Groceries,356,150,Warehouse_West,668,1
2024-04-09,1,4,Mumbai,Clothing,154,800,Warehouse_West,349,4
2024-04-09,1,4,Mumbai,Furniture,35,12000,Warehouse_South,319,2
2024-04-09,1,4,Mumbai,Medicines,255,200,Warehouse_South,862,2
2024-04-09,1,4,Delhi,Electronics,82,8500,Warehouse_South,863,1
2024-04-09,1,4,Delhi,Groceries,326,150,Warehouse_North,820,4
2024-04-09,1,4,Delhi,Clothing,150,800,Warehouse_West,633,1
2024-04-09,1,4,Delhi,Furniture,31,12000,Warehouse_North,261,4
2024-04-09,1,4,Delhi,Medicines,268,200,Warehouse_West,847,3
2024-04-09,1,4,Bangalore,Electronics,84,8500,Warehouse_North,359,1
2024-04-09,1,4,Bangalore,Groceries,299,150,Warehouse_South,404,3
2024-04-09,1,4,Bangalore,Clothing,146,800,Warehouse_West,920,1
2024-04-09,1,4,Bangalore,Furniture,26,12000,Warehouse_North,899,3
2024-04-09,1,4,Bangalore,Medicines,208,200,Warehouse_North,882,2
2024-04-09,1,4,Chennai,Electronics,64,8500,Warehouse_West,441,4
2024-04-09,1,4,Chennai,Groceries,335,150,Warehouse_South,961,2
2024-04-09,1,4,Chennai,Clothing,101,800,Warehouse_North,569,1
2024-04-09,1,4,Chennai,Furniture,24,12000,Warehouse_West,645,1
2024-04-09,1,4,Chennai,Medicines,232,200,Warehouse_North,324,2
2024-04-09,1,4,Pune,Electronics,67,8500,Warehouse_South,753,4
2024-04-09,1,4,Pune,Groceries,301,150,Warehouse_North,267,1
2024-04-09,1,4,Pune,Clothing,108,800,Warehouse_West,460,1
2024-04-09,1,4,Pune,Furniture,20,12000,Warehouse_North,323,1
2024-04-09,1,4,Pune,Medicines,158,200,Warehouse_South,474,2
2024-04-09,1,4,Hyderabad,Electronics,54,8500,Warehouse_North,899,3
2024-04-09,1,4,Hyderabad,Groceries,249,150,Warehouse_West,527,1
2024-04-09,1,4,Hyderabad,Clothing,99,800,Warehouse_North,683,3
2024-04-09,1,4,Hyderabad,Furniture,22,12000,Warehouse_South,690,1
2024-04-09,1,4,Hyderabad,Medicines,178,200,Warehouse_North,219,3
2024-04-10,2,4,Mumbai,Electronics,96,8500,Warehouse_North,714,1
2024-04-10,2,4,Mumbai,Groceries,394,150,Warehouse_North,614,1
2024-04-10,2,4,Mumbai,Clothing,148,800,Warehouse_South,848,2
2024-04-10,2,4,Mumbai,Furniture,33,12000,Warehouse_West,724,1
2024-04-10,2,4,Mumbai,Medicines,267,200,Warehouse_West,891,2
2024-04-10,2,4,Delhi,Electronics,84,8500,Warehouse_North,837,2
2024-04-10,2,4,Delhi,Groceries,343,150,Warehouse_West,885,1
2024-04-10,2,4,Delhi,Clothing,129,800,Warehouse_South,550,3
2024-04-10,2,4,Delhi,Furniture,39,12000,Warehouse_South,842,1
2024-04-10,2,4,Delhi,Medicines,224,200,Warehouse_North,821,2
2024-04-10,2,4,Bangalore,Electronics,73,8500,Warehouse_West,659,2
2024-04-10,2,4,Bangalore,Groceries,318,150,Warehouse_North,721,1
2024-04-10,2,4,Bangalore,Clothing,139,800,Warehouse_South,735,3
2024-04-10,2,4,Bangalore,Furniture,36,12000,Warehouse_West,367,2
2024-04-10,2,4,Bangalore,Medicines,253,200,Warehouse_South,858,3
2024-04-10,2,4,Chennai,Electronics,75,8500,Warehouse_West,781,4
2024-04-10,2,4,Chennai,Groceries,307,150,Warehouse_South,458,3
2024-04-10,2,4,Chennai,Clothing,97,800,Warehouse_West,375,3
2024-04-10,2,4,Chennai,Furniture,24,12000,Warehouse_South,987,3
2024-04-10,2,4,Chennai,Medicines,228,200,Warehouse_West,476,4
2024-04-10,2,4,Pune,Electronics,62,8500,Warehouse_West,758,2
2024-04-10,2,4,Pune,Groceries,208,150,Warehouse_North,693,2
2024-04-10,2,4,Pune,Clothing,79,800,Warehouse_North,988,2
2024-04-10,2,4,Pune,Furniture,23,12000,Warehouse_North,546,4
2024-04-10,2,4,Pune,Medicines,215,200,Warehouse_West,835,1
2024-04-10,2,4,Hyderabad,Electronics,49,8500,Warehouse_West,741,3
2024-04-10,2,4,Hyderabad,Groceries,218,150,Warehouse_West,928,4
2024-04-10,2,4,Hyderabad,Clothing,111,800,Warehouse_South,571,3
2024-04-10,2,4,Hyderabad,Furniture,22,12000,Warehouse_South,662,4
2024-04-10,2,4,Hyderabad,Medicines,213,200,Warehouse_North,327,3
2024-04-11,3,4,Mumbai,Electronics,73,8500,Warehouse_South,725,2
2024-04-11,3,4,Mumbai,Groceries,330,150,Warehouse_South,783,1
2024-04-11,3,4,Mumbai,Clothing,134,800,Warehouse_South,767,1
2024-04-11,3,4,Mumbai,Furniture,38,12000,Warehouse_North,822,4
2024-04-11,3,4,Mumbai,Medicines,266,200,Warehouse_South,556,4
2024-04-11,3,4,Delhi,Electronics,70,8500,Warehouse_South,832,4
2024-04-11,3,4,Delhi,Groceries,350,150,Warehouse_South,203,4
2024-04-11,3,4,Delhi,Clothing,142,800,Warehouse_South,454,4
2024-04-11,3,4,Delhi,Furniture,41,12000,Warehouse_West,701,1
2024-04-11,3,4,Delhi,Medicines,227,200,Warehouse_North,708,2
2024-04-11,3,4,Bangalore,Electronics,68,8500,Warehouse_West,348,3
2024-04-11,3,4,Bangalore,Groceries,298,150,Warehouse_West,783,4
2024-04-11,3,4,Bangalore,Clothing,117,800,Warehouse_South,521,4
2024-04-11,3,4,Bangalore,Furniture,32,12000,Warehouse_South,728,3
2024-04-11,3,4,Bangalore,Medicines,204,200,Warehouse_South,807,3
2024-04-11,3,4,Chennai,Electronics,53,8500,Warehouse_North,379,4
2024-04-11,3,4,Chennai,Groceries,307,150,Warehouse_West,857,3
2024-04-11,3,4,Chennai,Clothing,90,800,Warehouse_South,471,2
2024-04-11,3,4,Chennai,Furniture,26,12000,Warehouse_South,792,4
2024-04-11,3,4,Chennai,Medicines,204,200,Warehouse_South,314,3
2024-04-11,3,4,Pune,Electronics,46,8500,Warehouse_North,754,3
2024-04-11,3,4,Pune,Groceries,194,150,Warehouse_North,839,1
2024-04-11,3,4,Pune,Clothing,112,800,Warehouse_North,269,2
2024-04-11,3,4,Pune,Furniture,21,12000,Warehouse_South,821,3
2024-04-11,3,4,Pune,Medicines,190,200,Warehouse_North,336,4
2024-04-11,3,4,Hyderabad,Electronics,67,8500,Warehouse_West,417,4
2024-04-11,3,4,Hyderabad,Groceries,251,150,Warehouse_West,567,3
2024-04-11,3,4,Hyderabad,Clothing,106,800,Warehouse_South,815,3
2024-04-11,3,4,Hyderabad,Furniture,22,12000,Warehouse_North,641,1
2024-04-11,3,4,Hyderabad,Medicines,199,200,Warehouse_West,861,4
2024-04-12,4,4,Mumbai,Electronics,75,8500,Warehouse_West,922,1
2024-04-12,4,4,Mumbai,Groceries,378,150,Warehouse_South,863,4
2024-04-12,4,4,Mumbai,Clothing,144,800,Warehouse_West,265,2
2024-04-12,4,4,Mumbai,Furniture,30,12000,Warehouse_North,305,4
2024-04-12,4,4,Mumbai,Medicines,316,200,Warehouse_South,303,1
2024-04-12,4,4,Delhi,Electronics,69,8500,Warehouse_West,481,4
2024-04-12,4,4,Delhi,Groceries,312,150,Warehouse_South,948,4
2024-04-12,4,4,Delhi,Clothing,154,800,Warehouse_West,248,3
2024-04-12,4,4,Delhi,Furniture,35,12000,Warehouse_North,910,2
2024-04-12,4,4,Delhi,Medicines,213,200,Warehouse_West,718,4
2024-04-12,4,4,Bangalore,Electronics,73,8500,Warehouse_South,412,1
2024-04-12,4,4,Bangalore,Groceries,343,150,Warehouse_South,812,3
2024-04-12,4,4,Bangalore,Clothing,134,800,Warehouse_South,558,1
2024-04-12,4,4,Bangalore,Furniture,28,12000,Warehouse_South,715,4
2024-04-12,4,4,Bangalore,Medicines,179,200,Warehouse_West,802,3
2024-04-12,4,4,Chennai,Electronics,63,8500,Warehouse_West,280,3
2024-04-12,4,4,Chennai,Groceries,254,150,Warehouse_South,508,3
2024-04-12,4,4,Chennai,Clothing,91,800,Warehouse_South,659,1
2024-04-12,4,4,Chennai,Furniture,25,12000,Warehouse_North,846,1
2024-04-12,4,4,Chennai,Medicines,200,200,Warehouse_North,468,3
2024-04-12,4,4,Pune,Electronics,50,8500,Warehouse_South,332,4
2024-04-12,4,4,Pune,Groceries,251,150,Warehouse_West,681,3
2024-04-12,4,4,Pune,Clothing,107,800,Warehouse_South,588,2
2024-04-12,4,4,Pune,Furniture,30,12000,Warehouse_West,626,1
2024-04-12,4,4,Pune,Medicines,191,200,Warehouse_South,311,2
2024-04-12,4,4,Hyderabad,Electronics,43,8500,Warehouse_South,902,2
2024-04-12,4,4,Hyderabad,Groceries,241,150,Warehouse_South,953,1
2024-04-12,4,4,Hyderabad,Clothing,93,800,Warehouse_South,379,1
2024-04-12,4,4,Hyderabad,Furniture,30,12000,Warehouse_South,215,3
2024-04-12,4,4,Hyderabad,Medicines,160,200,Warehouse_North,259,2
2024-04-13,5,4,Mumbai,Electronics,119,8500,Warehouse_North,488,3
2024-04-13,5,4,Mumbai,Groceries,494,150,Warehouse_South,945,2
2024-04-13,5,4,Mumbai,Clothing,217,800,Warehouse_North,229,3
2024-04-13,5,4,Mumbai,Furniture,50,12000,Warehouse_North,203,1
2024-04-13,5,4,Mumbai,Medicines,327,200,Warehouse_South,783,4
2024-04-13,5,4,Delhi,Electronics,107,8500,Warehouse_South,702,4
2024-04-13,5,4,Delhi,Groceries,453,150,Warehouse_West,351,4
2024-04-13,5,4,Delhi,Clothing,184,800,Warehouse_South,528,1
2024-04-13,5,4,Delhi,Furniture,45,12000,Warehouse_West,664,2
2024-04-13,5,4,Delhi,Medicines,359,200,Warehouse_West,699,4
2024-04-13,5,4,Bangalore,Electronics,113,8500,Warehouse_West,780,1
2024-04-13,5,4,Bangalore,Groceries,438,150,Warehouse_South,419,3
2024-04-13,5,4,Bangalore,Clothing,197,800,Warehouse_South,585,3
2024-04-13,5,4,Bangalore,Furniture,48,12000,Warehouse_West,317,1
2024-04-13,5,4,Bangalore,Medicines,309,200,Warehouse_South,951,2
2024-04-13,5,4,Chennai,Electronics,84,8500,Warehouse_North,364,2
2024-04-13,5,4,Chennai,Groceries,343,150,Warehouse_South,776,2
2024-04-13,5,4,Chennai,Clothing,146,800,Warehouse_West,998,3
2024-04-13,5,4,Chennai,Furniture,34,12000,Warehouse_West,920,1
2024-04-13,5,4,Chennai,Medicines,278,200,Warehouse_North,795,2
2024-04-13,5,4,Pune,Electronics,66,8500,Warehouse_South,645,4
2024-04-13,5,4,Pune,Groceries,361,150,Warehouse_South,980,4
2024-04-13,5,4,Pune,Clothing,123,800,Warehouse_North,403,4
2024-04-13,5,4,Pune,Furniture,29,12000,Warehouse_South,556,1
2024-04-13,5,4,Pune,Medicines,247,200,Warehouse_West,274,4
2024-04-13,5,4,Hyderabad,Electronics,79,8500,Warehouse_North,570,3
2024-04-13,5,4,Hyderabad,Groceries,373,150,Warehouse_West,503,3
2024-04-13,5,4,Hyderabad,Clothing,141,800,Warehouse_North,363,4
2024-04-13,5,4,Hyderabad,Furniture,36,12000,Warehouse_South,921,4
2024-04-13,5,4,Hyderabad,Medicines,236,200,Warehouse_West,588,3
2024-04-14,6,4,Mumbai,Electronics,104,8500,Warehouse_West,246,1
2024-04-14,6,4,Mumbai,Groceries,437,150,Warehouse_West,674,2
2024-04-14,6,4,Mumbai,Clothing,206,800,Warehouse_North,292,1
2024-04-14,6,4,Mumbai,Furniture,49,12000,Warehouse_South,667,2
2024-04-14,6,4,Mumbai,Medicines,411,200,Warehouse_South,790,4
2024-04-14,6,4,Delhi,Electronics,106,8500,Warehouse_North,358,4
2024-04-14,6,4,Delhi,Groceries,402,150,Warehouse_South,609,2
2024-04-14,6,4,Delhi,Clothing,195,800,Warehouse_North,898,3
2024-04-14,6,4,Delhi,Furniture,44,12000,Warehouse_South,264,3
2024-04-14,6,4,Delhi,Medicines,347,200,Warehouse_South,861,2
2024-04-14,6,4,Bangalore,Electronics,104,8500,Warehouse_South,938,2
2024-04-14,6,4,Bangalore,Groceries,462,150,Warehouse_South,796,4
2024-04-14,6,4,Bangalore,Clothing,161,800,Warehouse_North,729,2
2024-04-14,6,4,Bangalore,Furniture,44,12000,Warehouse_South,771,4
2024-04-14,6,4,Bangalore,Medicines,260,200,Warehouse_North,273,2
2024-04-14,6,4,Chennai,Electronics,87,8500,Warehouse_South,567,2
2024-04-14,6,4,Chennai,Groceries,324,150,Warehouse_South,485,2
2024-04-14,6,4,Chennai,Clothing,140,800,Warehouse_North,575,3
2024-04-14,6,4,Chennai,Furniture,36,12000,Warehouse_West,991,1
2024-04-14,6,4,Chennai,Medicines,275,200,Warehouse_South,489,3
2024-04-14,6,4,Pune,Electronics,83,8500,Warehouse_South,762,4
2024-04-14,6,4,Pune,Groceries,356,150,Warehouse_South,878,2
2024-04-14,6,4,Pune,Clothing,133,800,Warehouse_North,995,3
2024-04-14,6,4,Pune,Furniture,37,12000,Warehouse_West,226,1
2024-04-14,6,4,Pune,Medicines,262,200,Warehouse_South,621,2
2024-04-14,6,4,Hyderabad,Electronics,80,8500,Warehouse_North,991,3
2024-04-14,6,4,Hyderabad,Groceries,286,150,Warehouse_West,887,1
2024-04-14,6,4,Hyderabad,Clothing,127,800,Warehouse_North,615,3
2024-04-14,6,4,Hyderabad,Furniture,32,12000,Warehouse_North,578,4
2024-04-14,6,4,Hyderabad,Medicines,282,200,Warehouse_North,986,4
2024-04-15,0,4,Mumbai,Electronics,76,8500,Warehouse_West,756,3
2024-04-15,0,4,Mumbai,Groceries,369,150,Warehouse_South,778,1
2024-04-15,0,4,Mumbai,Clothing,139,800,Warehouse_North,495,2
2024-04-15,0,4,Mumbai,Furniture,35,12000,Warehouse_South,883,3
2024-04-15,0,4,Mumbai,Medicines,303,200,Warehouse_West,568,1
2024-04-15,0,4,Delhi,Electronics,68,8500,Warehouse_West,420,1
2024-04-15,0,4,Delhi,Groceries,368,150,Warehouse_South,887,2
2024-04-15,0,4,Delhi,Clothing,171,800,Warehouse_West,316,4
2024-04-15,0,4,Delhi,Furniture,35,12000,Warehouse_West,650,2
2024-04-15,0,4,Delhi,Medicines,254,200,Warehouse_South,220,1
2024-04-15,0,4,Bangalore,Electronics,64,8500,Warehouse_North,927,2
2024-04-15,0,4,Bangalore,Groceries,285,150,Warehouse_North,405,2
2024-04-15,0,4,Bangalore,Clothing,136,800,Warehouse_West,653,1
2024-04-15,0,4,Bangalore,Furniture,33,12000,Warehouse_West,532,3
2024-04-15,0,4,Bangalore,Medicines,226,200,Warehouse_South,886,4
2024-04-15,0,4,Chennai,Electronics,51,8500,Warehouse_South,994,3
2024-04-15,0,4,Chennai,Groceries,203,150,Warehouse_North,536,4
2024-04-15,0,4,Chennai,Clothing,102,800,Warehouse_North,475,4
2024-04-15,0,4,Chennai,Furniture,20,12000,Warehouse_South,423,2
2024-04-15,0,4,Chennai,Medicines,244,200,Warehouse_West,584,2
2024-04-15,0,4,Pune,Electronics,50,8500,Warehouse_West,596,3
2024-04-15,0,4,Pune,Groceries,230,150,Warehouse_South,533,1
2024-04-15,0,4,Pune,Clothing,97,800,Warehouse_West,946,1
2024-04-15,0,4,Pune,Furniture,23,12000,Warehouse_West,616,3
2024-04-15,0,4,Pune,Medicines,195,200,Warehouse_West,341,2
2024-04-15,0,4,Hyderabad,Electronics,47,8500,Warehouse_South,437,2
2024-04-15,0,4,Hyderabad,Groceries,205,150,Warehouse_South,848,1
2024-04-15,0,4,Hyderabad,Clothing,95,800,Warehouse_South,839,4
2024-04-15,0,4,Hyderabad,Furniture,23,12000,Warehouse_South,506,4
2024-04-15,0,4,Hyderabad,Medicines,153,200,Warehouse_West,555,1
2024-04-16,1,4,Mumbai,Electronics,87,8500,Warehouse_North,529,2
2024-04-16,1,4,Mumbai,Groceries,382,150,Warehouse_North,821,1
2024-04-16,1,4,Mumbai,Clothing,137,800,Warehouse_West,202,3
2024-04-16,1,4,Mumbai,Furniture,34,12000,Warehouse_South,940,2
2024-04-16,1,4,Mumbai,Medicines,307,200,Warehouse_West,684,1
2024-04-16,1,4,Delhi,Electronics,72,8500,Warehouse_West,586,2
2024-04-16,1,4,Delhi,Groceries,323,150,Warehouse_West,416,1
2024-04-16,1,4,Delhi,Clothing,152,800,Warehouse_West,497,4
2024-04-16,1,4,Delhi,Furniture,31,12000,Warehouse_North,398,4
2024-04-16,1,4,Delhi,Medicines,274,200,Warehouse_North,441,4
2024-04-16,1,4,Bangalore,Electronics,78,8500,Warehouse_West,395,2
2024-04-16,1,4,Bangalore,Groceries,292,150,Warehouse_West,657,2
2024-04-16,1,4,Bangalore,Clothing,133,800,Warehouse_West,592,4
2024-04-16,1,4,Bangalore,Furniture,31,12000,Warehouse_West,752,3
2024-04-16,1,4,Bangalore,Medicines,228,200,Warehouse_West,679,2
2024-04-16,1,4,Chennai,Electronics,61,8500,Warehouse_North,554,4
2024-04-16,1,4,Chennai,Groceries,242,150,Warehouse_North,828,3
2024-04-16,1,4,Chennai,Clothing,119,800,Warehouse_West,526,3
2024-04-16,1,4,Chennai,Furniture,21,12000,Warehouse_North,707,3
2024-04-16,1,4,Chennai,Medicines,200,200,Warehouse_North,627,1
2024-04-16,1,4,Pune,Electronics,56,8500,Warehouse_South,304,4
2024-04-16,1,4,Pune,Groceries,244,150,Warehouse_North,226,4
2024-04-16,1,4,Pune,Clothing,91,800,Warehouse_North,539,1
2024-04-16,1,4,Pune,Furniture,24,12000,Warehouse_South,743,1
2024-04-16,1,4,Pune,Medicines,221,200,Warehouse_North,960,1
2024-04-16,1,4,Hyderabad,Electronics,53,8500,Warehouse_West,682,4
2024-04-16,1,4,Hyderabad,Groceries,262,150,Warehouse_South,661,1
2024-04-16,1,4,Hyderabad,Clothing,87,800,Warehouse_North,401,3
2024-04-16,1,4,Hyderabad,Furniture,26,12000,Warehouse_South,754,1
2024-04-16,1,4,Hyderabad,Medicines,211,200,Warehouse_South,921,4
2024-04-17,2,4,Mumbai,Electronics,79,8500,Warehouse_North,414,3
2024-04-17,2,4,Mumbai,Groceries,345,150,Warehouse_North,778,2
2024-04-17,2,4,Mumbai,Clothing,127,800,Warehouse_North,445,4
2024-04-17,2,4,Mumbai,Furniture,32,12000,Warehouse_West,602,1
2024-04-17,2,4,Mumbai,Medicines,267,200,Warehouse_North,215,1
2024-04-17,2,4,Delhi,Electronics,85,8500,Warehouse_South,255,3
2024-04-17,2,4,Delhi,Groceries,360,150,Warehouse_West,278,2
2024-04-17,2,4,Delhi,Clothing,123,800,Warehouse_South,817,1
2024-04-17,2,4,Delhi,Furniture,36,12000,Warehouse_North,280,1
2024-04-17,2,4,Delhi,Medicines,266,200,Warehouse_West,954,1
2024-04-17,2,4,Bangalore,Electronics,85,8500,Warehouse_South,865,1
2024-04-17,2,4,Bangalore,Groceries,313,150,Warehouse_West,245,3
2024-04-17,2,4,Bangalore,Clothing,99,800,Warehouse_West,704,1
2024-04-17,2,4,Bangalore,Furniture,30,12000,Warehouse_North,973,4
2024-04-17,2,4,Bangalore,Medicines,203,200,Warehouse_West,532,1
2024-04-17,2,4,Chennai,Electronics,67,8500,Warehouse_West,729,1
2024-04-17,2,4,Chennai,Groceries,238,150,Warehouse_South,660,3
2024-04-17,2,4,Chennai,Clothing,97,800,Warehouse_North,931,2
2024-04-17,2,4,Chennai,Furniture,28,12000,Warehouse_South,664,4
2024-04-17,2,4,Chennai,Medicines,217,200,Warehouse_South,301,3
2024-04-17,2,4,Pune,Electronics,48,8500,Warehouse_West,262,4
2024-04-17,2,4,Pune,Groceries,282,150,Warehouse_West,503,1
2024-04-17,2,4,Pune,Clothing,103,800,Warehouse_North,932,1
2024-04-17,2,4,Pune,Furniture,26,12000,Warehouse_South,739,1
2024-04-17,2,4,Pune,Medicines,157,200,Warehouse_North,321,1
2024-04-17,2,4,Hyderabad,Electronics,51,8500,Warehouse_South,961,1
2024-04-17,2,4,Hyderabad,Groceries,210,150,Warehouse_South,277,2
2024-04-17,2,4,Hyderabad,Clothing,122,800,Warehouse_North,963,3
2024-04-17,2,4,Hyderabad,Furniture,23,12000,Warehouse_North,312,4
2024-04-17,2,4,Hyderabad,Medicines,192,200,Warehouse_North,452,1
2024-04-18,3,4,Mumbai,Electronics,74,8500,Warehouse_South,822,1
2024-04-18,3,4,Mumbai,Groceries,362,150,Warehouse_North,759,3
2024-04-18,3,4,Mumbai,Clothing,151,800,Warehouse_West,327,2
2024-04-18,3,4,Mumbai,Furniture,30,12000,Warehouse_West,643,3
2024-04-18,3,4,Mumbai,Medicines,299,200,Warehouse_North,756,4
2024-04-18,3,4,Delhi,Electronics,72,8500,Warehouse_West,439,1
2024-04-18,3,4,Delhi,Groceries,305,150,Warehouse_North,534,4
2024-04-18,3,4,Delhi,Clothing,141,800,Warehouse_North,267,2
2024-04-18,3,4,Delhi,Furniture,33,12000,Warehouse_North,310,2
2024-04-18,3,4,Delhi,Medicines,271,200,Warehouse_South,378,3
2024-04-18,3,4,Bangalore,Electronics,77,8500,Warehouse_West,401,1
2024-04-18,3,4,Bangalore,Groceries,294,150,Warehouse_West,496,4
2024-04-18,3,4,Bangalore,Clothing,131,800,Warehouse_South,739,4
2024-04-18,3,4,Bangalore,Furniture,32,12000,Warehouse_North,692,2
2024-04-18,3,4,Bangalore,Medicines,240,200,Warehouse_North,825,3
2024-04-18,3,4,Chennai,Electronics,56,8500,Warehouse_South,258,2
2024-04-18,3,4,Chennai,Groceries,264,150,Warehouse_West,553,3
2024-04-18,3,4,Chennai,Clothing,106,800,Warehouse_South,956,2
2024-04-18,3,4,Chennai,Furniture,26,12000,Warehouse_West,547,2
2024-04-18,3,4,Chennai,Medicines,208,200,Warehouse_West,346,2
2024-04-18,3,4,Pune,Electronics,41,8500,Warehouse_South,758,4
2024-04-18,3,4,Pune,Groceries,258,150,Warehouse_South,302,1
2024-04-18,3,4,Pune,Clothing,103,800,Warehouse_West,228,2
2024-04-18,3,4,Pune,Furniture,24,12000,Warehouse_North,213,4
2024-04-18,3,4,Pune,Medicines,167,200,Warehouse_North,494,3
2024-04-18,3,4,Hyderabad,Electronics,65,8500,Warehouse_South,236,4
2024-04-18,3,4,Hyderabad,Groceries,224,150,Warehouse_West,693,1
2024-04-18,3,4,Hyderabad,Clothing,124,800,Warehouse_South,282,4
2024-04-18,3,4,Hyderabad,Furniture,26,12000,Warehouse_South,466,3
2024-04-18,3,4,Hyderabad,Medicines,216,200,Warehouse_West,319,2
2024-04-19,4,4,Mumbai,Electronics,67,8500,Warehouse_South,805,2
2024-04-19,4,4,Mumbai,Groceries,410,150,Warehouse_South,847,3
2024-04-19,4,4,Mumbai,Clothing,135,800,Warehouse_North,798,4
2024-04-19,4,4,Mumbai,Furniture,37,12000,Warehouse_West,605,4
2024-04-19,4,4,Mumbai,Medicines,241,200,Warehouse_West,780,1
2024-04-19,4,4,Delhi,Electronics,84,8500,Warehouse_South,948,4
2024-04-19,4,4,Delhi,Groceries,342,150,Warehouse_North,778,2
2024-04-19,4,4,Delhi,Clothing,134,800,Warehouse_South,527,3
2024-04-19,4,4,Delhi,Furniture,29,12000,Warehouse_West,238,4
2024-04-19,4,4,Delhi,Medicines,265,200,Warehouse_West,203,1
2024-04-19,4,4,Bangalore,Electronics,69,8500,Warehouse_North,940,4
2024-04-19,4,4,Bangalore,Groceries,352,150,Warehouse_South,577,1
2024-04-19,4,4,Bangalore,Clothing,130,800,Warehouse_West,588,1
2024-04-19,4,4,Bangalore,Furniture,29,12000,Warehouse_South,963,3
2024-04-19,4,4,Bangalore,Medicines,201,200,Warehouse_West,372,1
2024-04-19,4,4,Chennai,Electronics,62,8500,Warehouse_South,667,1
2024-04-19,4,4,Chennai,Groceries,277,150,Warehouse_West,346,1
2024-04-19,4,4,Chennai,Clothing,108,800,Warehouse_North,509,2
2024-04-19,4,4,Chennai,Furniture,23,12000,Warehouse_West,462,3
2024-04-19,4,4,Chennai,Medicines,183,200,Warehouse_West,424,2
2024-04-19,4,4,Pune,Electronics,63,8500,Warehouse_West,223,3
2024-04-19,4,4,Pune,Groceries,302,150,Warehouse_West,341,2
2024-04-19,4,4,Pune,Clothing,114,800,Warehouse_South,475,3
2024-04-19,4,4,Pune,Furniture,26,12000,Warehouse_South,664,4
2024-04-19,4,4,Pune,Medicines,167,200,Warehouse_North,482,2
2024-04-19,4,4,Hyderabad,Electronics,50,8500,Warehouse_North,390,2
2024-04-19,4,4,Hyderabad,Groceries,212,150,Warehouse_North,921,4
2024-04-19,4,4,Hyderabad,Clothing,83,800,Warehouse_West,297,4
2024-04-19,4,4,Hyderabad,Furniture,21,12000,Warehouse_West,304,3
2024-04-19,4,4,Hyderabad,Medicines,196,200,Warehouse_West,757,1
2024-04-20,5,4,Mumbai,Electronics,101,8500,Warehouse_West,832,2
2024-04-20,5,4,Mumbai,Groceries,517,150,Warehouse_South,440,2
2024-04-20,5,4,Mumbai,Clothing,205,800,Warehouse_North,623,4
2024-04-20,5,4,Mumbai,Furniture,50,12000,Warehouse_West,713,1
2024-04-20,5,4,Mumbai,Medicines,402,200,Warehouse_West,582,3
2024-04-20,5,4,Delhi,Electronics,115,8500,Warehouse_North,581,4
2024-04-20,5,4,Delhi,Groceries,444,150,Warehouse_South,383,1
2024-04-20,5,4,Delhi,Clothing,211,800,Warehouse_West,240,4
2024-04-20,5,4,Delhi,Furniture,54,12000,Warehouse_South,639,3
2024-04-20,5,4,Delhi,Medicines,347,200,Warehouse_West,637,4
2024-04-20,5,4,Bangalore,Electronics,97,8500,Warehouse_North,987,2
2024-04-20,5,4,Bangalore,Groceries,458,150,Warehouse_South,738,4
2024-04-20,5,4,Bangalore,Clothing,170,800,Warehouse_South,494,3
2024-04-20,5,4,Bangalore,Furniture,46,12000,Warehouse_North,631,4
2024-04-20,5,4,Bangalore,Medicines,396,200,Warehouse_South,746,1
2024-04-20,5,4,Chennai,Electronics,77,8500,Warehouse_North,960,3
2024-04-20,5,4,Chennai,Groceries,433,150,Warehouse_West,759,2
2024-04-20,5,4,Chennai,Clothing,159,800,Warehouse_West,959,3
2024-04-20,5,4,Chennai,Furniture,34,12000,Warehouse_South,775,4
2024-04-20,5,4,Chennai,Medicines,315,200,Warehouse_South,224,2
2024-04-20,5,4,Pune,Electronics,58,8500,Warehouse_West,636,3
2024-04-20,5,4,Pune,Groceries,311,150,Warehouse_South,577,3
2024-04-20,5,4,Pune,Clothing,151,800,Warehouse_West,238,2
2024-04-20,5,4,Pune,Furniture,35,12000,Warehouse_North,334,2
2024-04-20,5,4,Pune,Medicines,250,200,Warehouse_West,246,4
2024-04-20,5,4,Hyderabad,Electronics,90,8500,Warehouse_West,560,1
2024-04-20,5,4,Hyderabad,Groceries,292,150,Warehouse_South,719,4
2024-04-20,5,4,Hyderabad,Clothing,145,800,Warehouse_North,754,4
2024-04-20,5,4,Hyderabad,Furniture,36,12000,Warehouse_West,734,3
2024-04-20,5,4,Hyderabad,Medicines,269,200,Warehouse_South,634,3
2024-04-21,6,4,Mumbai,Electronics,109,8500,Warehouse_South,311,1
2024-04-21,6,4,Mumbai,Groceries,477,150,Warehouse_North,783,3
2024-04-21,6,4,Mumbai,Clothing,217,800,Warehouse_North,635,3
2024-04-21,6,4,Mumbai,Furniture,52,12000,Warehouse_North,621,3
2024-04-21,6,4,Mumbai,Medicines,382,200,Warehouse_North,261,3
2024-04-21,6,4,Delhi,Electronics,99,8500,Warehouse_North,324,1
2024-04-21,6,4,Delhi,Groceries,485,150,Warehouse_West,734,2
2024-04-21,6,4,Delhi,Clothing,178,800,Warehouse_West,556,4
2024-04-21,6,4,Delhi,Furniture,45,12000,Warehouse_North,450,2
2024-04-21,6,4,Delhi,Medicines,403,200,Warehouse_North,307,4
2024-04-21,6,4,Bangalore,Electronics,84,8500,Warehouse_West,374,3
2024-04-21,6,4,Bangalore,Groceries,441,150,Warehouse_West,643,1
2024-04-21,6,4,Bangalore,Clothing,171,800,Warehouse_North,480,3
2024-04-21,6,4,Bangalore,Furniture,41,12000,Warehouse_West,627,2
2024-04-21,6,4,Bangalore,Medicines,324,200,Warehouse_West,461,1
2024-04-21,6,4,Chennai,Electronics,73,8500,Warehouse_West,464,4
2024-04-21,6,4,Chennai,Groceries,357,150,Warehouse_North,697,1
2024-04-21,6,4,Chennai,Clothing,150,800,Warehouse_North,991,1
2024-04-21,6,4,Chennai,Furniture,33,12000,Warehouse_South,477,2
2024-04-21,6,4,Chennai,Medicines,293,200,Warehouse_West,958,3
2024-04-21,6,4,Pune,Electronics,69,8500,Warehouse_North,244,1
2024-04-21,6,4,Pune,Groceries,303,150,Warehouse_West,525,4
2024-04-21,6,4,Pune,Clothing,133,800,Warehouse_North,673,2
2024-04-21,6,4,Pune,Furniture,31,12000,Warehouse_South,805,4
2024-04-21,6,4,Pune,Medicines,281,200,Warehouse_South,844,1
2024-04-21,6,4,Hyderabad,Electronics,79,8500,Warehouse_West,227,2
2024-04-21,6,4,Hyderabad,Groceries,318,150,Warehouse_North,712,2
2024-04-21,6,4,Hyderabad,Clothing,135,800,Warehouse_South,769,3
2024-04-21,6,4,Hyderabad,Furniture,38,12000,Warehouse_North,276,1
2024-04-21,6,4,Hyderabad,Medicines,245,200,Warehouse_North,527,1
2024-04-22,0,4,Mumbai,Electronics,77,8500,Warehouse_West,845,3
2024-04-22,0,4,Mumbai,Groceries,365,150,Warehouse_North,979,2
2024-04-22,0,4,Mumbai,Clothing,149,800,Warehouse_North,227,4
2024-04-22,0,4,Mumbai,Furniture,35,12000,Warehouse_South,813,3
2024-04-22,0,4,Mumbai,Medicines,287,200,Warehouse_West,485,2
2024-04-22,0,4,Delhi,Electronics,79,8500,Warehouse_South,516,2
2024-04-22,0,4,Delhi,Groceries,285,150,Warehouse_North,924,4
2024-04-22,0,4,Delhi,Clothing,126,800,Warehouse_North,639,4
2024-04-22,0,4,Delhi,Furniture,28,12000,Warehouse_North,454,1
2024-04-22,0,4,Delhi,Medicines,311,200,Warehouse_West,765,1
2024-04-22,0,4,Bangalore,Electronics,66,8500,Warehouse_North,662,4
2024-04-22,0,4,Bangalore,Groceries,267,150,Warehouse_North,345,2
2024-04-22,0,4,Bangalore,Clothing,105,800,Warehouse_South,310,4
2024-04-22,0,4,Bangalore,Furniture,34,12000,Warehouse_West,992,2
2024-04-22,0,4,Bangalore,Medicines,217,200,Warehouse_South,805,1
2024-04-22,0,4,Chennai,Electronics,48,8500,Warehouse_South,768,2
2024-04-22,0,4,Chennai,Groceries,254,150,Warehouse_South,486,2
2024-04-22,0,4,Chennai,Clothing,111,800,Warehouse_North,254,4
2024-04-22,0,4,Chennai,Furniture,24,12000,Warehouse_South,993,4
2024-04-22,0,4,Chennai,Medicines,195,200,Warehouse_South,621,4
2024-04-22,0,4,Pune,Electronics,58,8500,Warehouse_West,942,3
2024-04-22,0,4,Pune,Groceries,284,150,Warehouse_North,872,2
2024-04-22,0,4,Pune,Clothing,109,800,Warehouse_South,811,2
2024-04-22,0,4,Pune,Furniture,22,12000,Warehouse_North,291,3
2024-04-22,0,4,Pune,Medicines,180,200,Warehouse_West,819,3
2024-04-22,0,4,Hyderabad,Electronics,60,8500,Warehouse_West,758,3
2024-04-22,0,4,Hyderabad,Groceries,241,150,Warehouse_South,314,4
2024-04-22,0,4,Hyderabad,Clothing,80,800,Warehouse_South,856,3
2024-04-22,0,4,Hyderabad,Furniture,20,12000,Warehouse_North,882,1
2024-04-22,0,4,Hyderabad,Medicines,199,200,Warehouse_West,618,4
2024-04-23,1,4,Mumbai,Electronics,81,8500,Warehouse_South,348,4
2024-04-23,1,4,Mumbai,Groceries,389,150,Warehouse_South,785,3
2024-04-23,1,4,Mumbai,Clothing,170,800,Warehouse_North,749,4
2024-04-23,1,4,Mumbai,Furniture,36,12000,Warehouse_North,703,3
2024-04-23,1,4,Mumbai,Medicines,259,200,Warehouse_South,242,2
2024-04-23,1,4,Delhi,Electronics,70,8500,Warehouse_West,880,3
2024-04-23,1,4,Delhi,Groceries,354,150,Warehouse_North,443,4
2024-04-23,1,4,Delhi,Clothing,135,800,Warehouse_North,739,2
2024-04-23,1,4,Delhi,Furniture,34,12000,Warehouse_South,558,2
2024-04-23,1,4,Delhi,Medicines,229,200,Warehouse_West,427,2
2024-04-23,1,4,Bangalore,Electronics,77,8500,Warehouse_South,932,4
2024-04-23,1,4,Bangalore,Groceries,291,150,Warehouse_West,242,3
2024-04-23,1,4,Bangalore,Clothing,119,800,Warehouse_South,413,2
2024-04-23,1,4,Bangalore,Furniture,37,12000,Warehouse_West,622,2
2024-04-23,1,4,Bangalore,Medicines,187,200,Warehouse_South,429,3
2024-04-23,1,4,Chennai,Electronics,55,8500,Warehouse_South,553,4
2024-04-23,1,4,Chennai,Groceries,291,150,Warehouse_West,672,4
2024-04-23,1,4,Chennai,Clothing,93,800,Warehouse_South,736,2
2024-04-23,1,4,Chennai,Furniture,25,12000,Warehouse_North,612,2
2024-04-23,1,4,Chennai,Medicines,228,200,Warehouse_North,848,3
2024-04-23,1,4,Pune,Electronics,76,8500,Warehouse_North,366,4
2024-04-23,1,4,Pune,Groceries,260,150,Warehouse_South,458,3
2024-04-23,1,4,Pune,Clothing,120,800,Warehouse_South,895,1
2024-04-23,1,4,Pune,Furniture,20,12000,Warehouse_West,709,3
2024-04-23,1,4,Pune,Medicines,199,200,Warehouse_South,355,3
2024-04-23,1,4,Hyderabad,Electronics,53,8500,Warehouse_West,631,4
2024-04-23,1,4,Hyderabad,Groceries,266,150,Warehouse_West,868,3
2024-04-23,1,4,Hyderabad,Clothing,106,800,Warehouse_West,268,2
2024-04-23,1,4,Hyderabad,Furniture,21,12000,Warehouse_South,403,2
2024-04-23,1,4,Hyderabad,Medicines,185,200,Warehouse_North,865,2
2024-04-24,2,4,Mumbai,Electronics,77,8500,Warehouse_South,674,3
2024-04-24,2,4,Mumbai,Groceries,348,150,Warehouse_South,455,2
2024-04-24,2,4,Mumbai,Clothing,124,800,Warehouse_West,645,1
2024-04-24,2,4,Mumbai,Furniture,38,12000,Warehouse_West,768,1
2024-04-24,2,4,Mumbai,Medicines,293,200,Warehouse_North,944,2
2024-04-24,2,4,Delhi,Electronics,71,8500,Warehouse_West,919,3
2024-04-24,2,4,Delhi,Groceries,317,150,Warehouse_South,376,3
2024-04-24,2,4,Delhi,Clothing,130,800,Warehouse_North,272,3
2024-04-24,2,4,Delhi,Furniture,33,12000,Warehouse_North,435,2
2024-04-24,2,4,Delhi,Medicines,301,200,Warehouse_North,993,4
2024-04-24,2,4,Bangalore,Electronics,83,8500,Warehouse_South,395,3
2024-04-24,2,4,Bangalore,Groceries,323,150,Warehouse_North,229,2
2024-04-24,2,4,Bangalore,Clothing,122,800,Warehouse_West,229,1
2024-04-24,2,4,Bangalore,Furniture,34,12000,Warehouse_South,771,2
2024-04-24,2,4,Bangalore,Medicines,227,200,Warehouse_North,311,2
2024-04-24,2,4,Chennai,Electronics,66,8500,Warehouse_North,344,1
2024-04-24,2,4,Chennai,Groceries,267,150,Warehouse_North,515,2
2024-04-24,2,4,Chennai,Clothing,95,800,Warehouse_West,695,4
2024-04-24,2,4,Chennai,Furniture,24,12000,Warehouse_South,970,3
2024-04-24,2,4,Chennai,Medicines,177,200,Warehouse_West,222,1
2024-04-24,2,4,Pune,Electronics,48,8500,Warehouse_West,565,4
2024-04-24,2,4,Pune,Groceries,225,150,Warehouse_West,798,3
2024-04-24,2,4,Pune,Clothing,88,800,Warehouse_West,226,2
2024-04-24,2,4,Pune,Furniture,24,12000,Warehouse_South,422,4
2024-04-24,2,4,Pune,Medicines,183,200,Warehouse_North,902,3
2024-04-24,2,4,Hyderabad,Electronics,54,8500,Warehouse_North,989,4
2024-04-24,2,4,Hyderabad,Groceries,216,150,Warehouse_West,493,2
2024-04-24,2,4,Hyderabad,Clothing,81,800,Warehouse_North,511,2
2024-04-24,2,4,Hyderabad,Furniture,30,12000,Warehouse_South,283,3
2024-04-24,2,4,Hyderabad,Medicines,164,200,Warehouse_North,627,3
2024-04-25,3,4,Mumbai,Electronics,79,8500,Warehouse_North,749,3
2024-04-25,3,4,Mumbai,Groceries,420,150,Warehouse_West,942,2
2024-04-25,3,4,Mumbai,Clothing,151,800,Warehouse_West,897,1
2024-04-25,3,4,Mumbai,Furniture,39,12000,Warehouse_North,212,3
2024-04-25,3,4,Mumbai,Medicines,246,200,Warehouse_South,769,4
2024-04-25,3,4,Delhi,Electronics,71,8500,Warehouse_North,689,2
2024-04-25,3,4,Delhi,Groceries,331,150,Warehouse_South,231,2
2024-04-25,3,4,Delhi,Clothing,139,800,Warehouse_West,550,2
2024-04-25,3,4,Delhi,Furniture,35,12000,Warehouse_West,546,1
2024-04-25,3,4,Delhi,Medicines,259,200,Warehouse_North,236,3
2024-04-25,3,4,Bangalore,Electronics,67,8500,Warehouse_South,544,3
2024-04-25,3,4,Bangalore,Groceries,350,150,Warehouse_South,366,2
2024-04-25,3,4,Bangalore,Clothing,134,800,Warehouse_West,462,2
2024-04-25,3,4,Bangalore,Furniture,31,12000,Warehouse_North,711,2
2024-04-25,3,4,Bangalore,Medicines,201,200,Warehouse_South,511,2
2024-04-25,3,4,Chennai,Electronics,60,8500,Warehouse_West,967,3
2024-04-25,3,4,Chennai,Groceries,246,150,Warehouse_North,304,2
2024-04-25,3,4,Chennai,Clothing,90,800,Warehouse_West,486,1
2024-04-25,3,4,Chennai,Furniture,24,12000,Warehouse_South,420,1
2024-04-25,3,4,Chennai,Medicines,209,200,Warehouse_North,343,2
2024-04-25,3,4,Pune,Electronics,55,8500,Warehouse_North,310,4
2024-04-25,3,4,Pune,Groceries,274,150,Warehouse_West,433,4
2024-04-25,3,4,Pune,Clothing,120,800,Warehouse_South,577,2
2024-04-25,3,4,Pune,Furniture,18,12000,Warehouse_North,444,2
2024-04-25,3,4,Pune,Medicines,227,200,Warehouse_North,782,4
2024-04-25,3,4,Hyderabad,Electronics,45,8500,Warehouse_South,447,2
2024-04-25,3,4,Hyderabad,Groceries,222,150,Warehouse_North,226,4
2024-04-25,3,4,Hyderabad,Clothing,99,800,Warehouse_North,280,4
2024-04-25,3,4,Hyderabad,Furniture,26,12000,Warehouse_West,283,4
2024-04-25,3,4,Hyderabad,Medicines,161,200,Warehouse_West,495,3
2024-04-26,4,4,Mumbai,Electronics,79,8500,Warehouse_North,541,1
2024-04-26,4,4,Mumbai,Groceries,361,150,Warehouse_North,541,2
2024-04-26,4,4,Mumbai,Clothing,134,800,Warehouse_South,927,4
2024-04-26,4,4,Mumbai,Furniture,35,12000,Warehouse_South,969,2
2024-04-26,4,4,Mumbai,Medicines,284,200,Warehouse_North,956,4
2024-04-26,4,4,Delhi,Electronics,71,8500,Warehouse_West,611,2
2024-04-26,4,4,Delhi,Groceries,301,150,Warehouse_South,586,1
2024-04-26,4,4,Delhi,Clothing,128,800,Warehouse_North,910,2
2024-04-26,4,4,Delhi,Furniture,34,12000,Warehouse_West,565,2
2024-04-26,4,4,Delhi,Medicines,232,200,Warehouse_West,687,2
2024-04-26,4,4,Bangalore,Electronics,58,8500,Warehouse_South,569,2
2024-04-26,4,4,Bangalore,Groceries,325,150,Warehouse_North,609,4
2024-04-26,4,4,Bangalore,Clothing,134,800,Warehouse_North,817,1
2024-04-26,4,4,Bangalore,Furniture,27,12000,Warehouse_South,209,3
2024-04-26,4,4,Bangalore,Medicines,228,200,Warehouse_West,751,1
2024-04-26,4,4,Chennai,Electronics,61,8500,Warehouse_West,488,4
2024-04-26,4,4,Chennai,Groceries,251,150,Warehouse_South,606,3
2024-04-26,4,4,Chennai,Clothing,106,800,Warehouse_South,640,3
2024-04-26,4,4,Chennai,Furniture,30,12000,Warehouse_West,728,1
2024-04-26,4,4,Chennai,Medicines,195,200,Warehouse_North,901,3
2024-04-26,4,4,Pune,Electronics,49,8500,Warehouse_North,303,3
2024-04-26,4,4,Pune,Groceries,261,150,Warehouse_South,499,4
2024-04-26,4,4,Pune,Clothing,94,800,Warehouse_North,967,2
2024-04-26,4,4,Pune,Furniture,27,12000,Warehouse_South,401,2
2024-04-26,4,4,Pune,Medicines,158,200,Warehouse_North,997,2
2024-04-26,4,4,Hyderabad,Electronics,60,8500,Warehouse_North,949,3
2024-04-26,4,4,Hyderabad,Groceries,277,150,Warehouse_North,303,4
2024-04-26,4,4,Hyderabad,Clothing,84,800,Warehouse_North,888,3
2024-04-26,4,4,Hyderabad,Furniture,26,12000,Warehouse_North,576,2
2024-04-26,4,4,Hyderabad,Medicines,150,200,Warehouse_South,841,3
2024-04-27,5,4,Mumbai,Electronics,113,8500,Warehouse_North,998,4
2024-04-27,5,4,Mumbai,Groceries,505,150,Warehouse_West,549,4
2024-04-27,5,4,Mumbai,Clothing,210,800,Warehouse_South,245,3
2024-04-27,5,4,Mumbai,Furniture,52,12000,Warehouse_South,263,1
2024-04-27,5,4,Mumbai,Medicines,383,200,Warehouse_North,669,2
2024-04-27,5,4,Delhi,Electronics,109,8500,Warehouse_South,885,1
2024-04-27,5,4,Delhi,Groceries,504,150,Warehouse_North,775,1
2024-04-27,5,4,Delhi,Clothing,180,800,Warehouse_West,840,1
2024-04-27,5,4,Delhi,Furniture,48,12000,Warehouse_South,814,4
2024-04-27,5,4,Delhi,Medicines,329,200,Warehouse_South,972,1
2024-04-27,5,4,Bangalore,Electronics,90,8500,Warehouse_West,337,3
2024-04-27,5,4,Bangalore,Groceries,489,150,Warehouse_West,446,2
2024-04-27,5,4,Bangalore,Clothing,179,800,Warehouse_North,705,1
2024-04-27,5,4,Bangalore,Furniture,38,12000,Warehouse_West,874,2
2024-04-27,5,4,Bangalore,Medicines,304,200,Warehouse_North,391,4
2024-04-27,5,4,Chennai,Electronics,85,8500,Warehouse_South,715,2
2024-04-27,5,4,Chennai,Groceries,342,150,Warehouse_North,791,2
2024-04-27,5,4,Chennai,Clothing,145,800,Warehouse_South,736,4
2024-04-27,5,4,Chennai,Furniture,33,12000,Warehouse_South,316,3
2024-04-27,5,4,Chennai,Medicines,265,200,Warehouse_South,326,1
2024-04-27,5,4,Pune,Electronics,85,8500,Warehouse_North,950,3
2024-04-27,5,4,Pune,Groceries,342,150,Warehouse_South,845,1
2024-04-27,5,4,Pune,Clothing,149,800,Warehouse_North,826,1
2024-04-27,5,4,Pune,Furniture,32,12000,Warehouse_South,413,4
2024-04-27,5,4,Pune,Medicines,260,200,Warehouse_South,585,3
2024-04-27,5,4,Hyderabad,Electronics,70,8500,Warehouse_South,486,2
2024-04-27,5,4,Hyderabad,Groceries,370,150,Warehouse_West,943,1
2024-04-27,5,4,Hyderabad,Clothing,134,800,Warehouse_North,914,1
2024-04-27,5,4,Hyderabad,Furniture,31,12000,Warehouse_West,474,4
2024-04-27,5,4,Hyderabad,Medicines,261,200,Warehouse_South,873,4
2024-04-28,6,4,Mumbai,Electronics,108,8500,Warehouse_North,913,4
2024-04-28,6,4,Mumbai,Groceries,494,150,Warehouse_West,409,3
2024-04-28,6,4,Mumbai,Clothing,208,800,Warehouse_South,257,2
2024-04-28,6,4,Mumbai,Furniture,46,12000,Warehouse_West,334,4
2024-04-28,6,4,Mumbai,Medicines,397,200,Warehouse_West,282,1
2024-04-28,6,4,Delhi,Electronics,111,8500,Warehouse_West,843,1
2024-04-28,6,4,Delhi,Groceries,449,150,Warehouse_South,347,4
2024-04-28,6,4,Delhi,Clothing,185,800,Warehouse_West,371,3
2024-04-28,6,4,Delhi,Furniture,46,12000,Warehouse_South,340,2
2024-04-28,6,4,Delhi,Medicines,348,200,Warehouse_South,388,1
2024-04-28,6,4,Bangalore,Electronics,106,8500,Warehouse_North,560,1
2024-04-28,6,4,Bangalore,Groceries,389,150,Warehouse_South,711,2
2024-04-28,6,4,Bangalore,Clothing,170,800,Warehouse_West,368,2
2024-04-28,6,4,Bangalore,Furniture,41,12000,Warehouse_West,379,4
2024-04-28,6,4,Bangalore,Medicines,284,200,Warehouse_North,819,3
2024-04-28,6,4,Chennai,Electronics,82,8500,Warehouse_North,556,1
2024-04-28,6,4,Chennai,Groceries,335,150,Warehouse_West,665,3
2024-04-28,6,4,Chennai,Clothing,154,800,Warehouse_South,721,3
2024-04-28,6,4,Chennai,Furniture,37,12000,Warehouse_West,727,2
2024-04-28,6,4,Chennai,Medicines,262,200,Warehouse_South,229,2
2024-04-28,6,4,Pune,Electronics,75,8500,Warehouse_North,569,3
2024-04-28,6,4,Pune,Groceries,327,150,Warehouse_West,305,1
2024-04-28,6,4,Pune,Clothing,146,800,Warehouse_North,667,3
2024-04-28,6,4,Pune,Furniture,34,12000,Warehouse_West,719,4
2024-04-28,6,4,Pune,Medicines,243,200,Warehouse_West,457,1
2024-04-28,6,4,Hyderabad,Electronics,85,8500,Warehouse_South,419,4
2024-04-28,6,4,Hyderabad,Groceries,381,150,Warehouse_West,798,2
2024-04-28,6,4,Hyderabad,Clothing,148,800,Warehouse_West,888,2
2024-04-28,6,4,Hyderabad,Furniture,32,12000,Warehouse_West,321,3
2024-04-28,6,4,Hyderabad,Medicines,255,200,Warehouse_West,530,3
2024-04-29,0,4,Mumbai,Electronics,84,8500,Warehouse_North,411,4
2024-04-29,0,4,Mumbai,Groceries,341,150,Warehouse_North,530,3
2024-04-29,0,4,Mumbai,Clothing,140,800,Warehouse_South,753,2
2024-04-29,0,4,Mumbai,Furniture,39,12000,Warehouse_South,427,2
2024-04-29,0,4,Mumbai,Medicines,275,200,Warehouse_South,838,3
2024-04-29,0,4,Delhi,Electronics,62,8500,Warehouse_South,677,4
2024-04-29,0,4,Delhi,Groceries,343,150,Warehouse_South,958,1
2024-04-29,0,4,Delhi,Clothing,128,800,Warehouse_South,666,1
2024-04-29,0,4,Delhi,Furniture,37,12000,Warehouse_South,507,4
2024-04-29,0,4,Delhi,Medicines,270,200,Warehouse_South,619,2
2024-04-29,0,4,Bangalore,Electronics,72,8500,Warehouse_North,449,2
2024-04-29,0,4,Bangalore,Groceries,358,150,Warehouse_West,495,4
2024-04-29,0,4,Bangalore,Clothing,129,800,Warehouse_North,826,3
2024-04-29,0,4,Bangalore,Furniture,33,12000,Warehouse_North,982,4
2024-04-29,0,4,Bangalore,Medicines,259,200,Warehouse_West,570,3
2024-04-29,0,4,Chennai,Electronics,61,8500,Warehouse_North,282,3
2024-04-29,0,4,Chennai,Groceries,302,150,Warehouse_North,689,3
2024-04-29,0,4,Chennai,Clothing,135,800,Warehouse_West,390,3
2024-04-29,0,4,Chennai,Furniture,23,12000,Warehouse_West,778,2
2024-04-29,0,4,Chennai,Medicines,201,200,Warehouse_West,345,1
2024-04-29,0,4,Pune,Electronics,52,8500,Warehouse_South,377,1
2024-04-29,0,4,Pune,Groceries,230,150,Warehouse_West,686,2
2024-04-29,0,4,Pune,Clothing,96,800,Warehouse_North,551,4
2024-04-29,0,4,Pune,Furniture,27,12000,Warehouse_South,212,3
2024-04-29,0,4,Pune,Medicines,167,200,Warehouse_West,540,1
2024-04-29,0,4,Hyderabad,Electronics,55,8500,Warehouse_South,392,3
2024-04-29,0,4,Hyderabad,Groceries,278,150,Warehouse_West,883,3
2024-04-29,0,4,Hyderabad,Clothing,94,800,Warehouse_North,494,3
2024-04-29,0,4,Hyderabad,Furniture,28,12000,Warehouse_South,532,4
2024-04-29,0,4,Hyderabad,Medicines,166,200,Warehouse_South,541,2
2024-04-30,1,4,Mumbai,Electronics,82,8500,Warehouse_West,365,3
2024-04-30,1,4,Mumbai,Groceries,355,150,Warehouse_South,763,4
2024-04-30,1,4,Mumbai,Clothing,146,800,Warehouse_South,240,1
2024-04-30,1,4,Mumbai,Furniture,37,12000,Warehouse_North,520,2
2024-04-30,1,4,Mumbai,Medicines,243,200,Warehouse_South,884,1
2024-04-30,1,4,Delhi,Electronics,73,8500,Warehouse_North,972,2
2024-04-30,1,4,Delhi,Groceries,343,150,Warehouse_South,875,1
2024-04-30,1,4,Delhi,Clothing,122,800,Warehouse_West,204,2
2024-04-30,1,4,Delhi,Furniture,36,12000,Warehouse_North,547,2
2024-04-30,1,4,Delhi,Medicines,270,200,Warehouse_North,989,3
2024-04-30,1,4,Bangalore,Electronics,69,8500,Warehouse_South,649,3
2024-04-30,1,4,Bangalore,Groceries,300,150,Warehouse_North,999,1
2024-04-30,1,4,Bangalore,Clothing,122,800,Warehouse_South,937,2
2024-04-30,1,4,Bangalore,Furniture,33,12000,Warehouse_West,603,2
2024-04-30,1,4,Bangalore,Medicines,198,200,Warehouse_South,618,1
2024-04-30,1,4,Chennai,Electronics,55,8500,Warehouse_West,885,4
2024-04-30,1,4,Chennai,Groceries,308,150,Warehouse_North,687,3
2024-04-30,1,4,Chennai,Clothing,115,800,Warehouse_South,730,4
2024-04-30,1,4,Chennai,Furniture,28,12000,Warehouse_West,915,1
2024-04-30,1,4,Chennai,Medicines,221,200,Warehouse_South,854,3
2024-04-30,1,4,Pune,Electronics,57,8500,Warehouse_South,207,1
2024-04-30,1,4,Pune,Groceries,241,150,Warehouse_South,890,3
2024-04-30,1,4,Pune,Clothing,94,800,Warehouse_West,717,3
2024-04-30,1,4,Pune,Furniture,22,12000,Warehouse_West,868,3
2024-04-30,1,4,Pune,Medicines,175,200,Warehouse_South,552,4
2024-04-30,1,4,Hyderabad,Electronics,54,8500,Warehouse_West,488,4
2024-04-30,1,4,Hyderabad,Groceries,237,150,Warehouse_North,863,4
2024-04-30,1,4,Hyderabad,Clothing,102,800,Warehouse_North,599,4
2024-04-30,1,4,Hyderabad,Furniture,23,12000,Warehouse_North,259,3
2024-04-30,1,4,Hyderabad,Medicines,189,200,Warehouse_North,581,1
2024-05-01,2,5,Mumbai,Electronics,78,8500,Warehouse_South,789,2
2024-05-01,2,5,Mumbai,Groceries,394,150,Warehouse_North,541,2
2024-05-01,2,5,Mumbai,Clothing,132,800,Warehouse_South,205,2
2024-05-01,2,5,Mumbai,Furniture,32,12000,Warehouse_West,347,1
2024-05-01,2,5,Mumbai,Medicines,284,200,Warehouse_South,286,2
2024-05-01,2,5,Delhi,Electronics,73,8500,Warehouse_South,350,4
2024-05-01,2,5,Delhi,Groceries,356,150,Warehouse_North,254,4
2024-05-01,2,5,Delhi,Clothing,125,800,Warehouse_North,745,1
2024-05-01,2,5,Delhi,Furniture,36,12000,Warehouse_West,816,1
2024-05-01,2,5,Delhi,Medicines,243,200,Warehouse_West,371,3
2024-05-01,2,5,Bangalore,Electronics,78,8500,Warehouse_West,652,3
2024-05-01,2,5,Bangalore,Groceries,302,150,Warehouse_West,953,1
2024-05-01,2,5,Bangalore,Clothing,135,800,Warehouse_West,401,4
2024-05-01,2,5,Bangalore,Furniture,31,12000,Warehouse_South,285,2
2024-05-01,2,5,Bangalore,Medicines,214,200,Warehouse_West,776,4
2024-05-01,2,5,Chennai,Electronics,59,8500,Warehouse_West,702,4
2024-05-01,2,5,Chennai,Groceries,274,150,Warehouse_North,550,3
2024-05-01,2,5,Chennai,Clothing,107,800,Warehouse_South,855,1
2024-05-01,2,5,Chennai,Furniture,24,12000,Warehouse_West,683,1
2024-05-01,2,5,Chennai,Medicines,176,200,Warehouse_West,445,2
2024-05-01,2,5,Pune,Electronics,55,8500,Warehouse_South,254,1
2024-05-01,2,5,Pune,Groceries,220,150,Warehouse_South,645,4
2024-05-01,2,5,Pune,Clothing,89,800,Warehouse_North,397,3
2024-05-01,2,5,Pune,Furniture,23,12000,Warehouse_North,402,1
2024-05-01,2,5,Pune,Medicines,195,200,Warehouse_North,460,2
2024-05-01,2,5,Hyderabad,Electronics,53,8500,Warehouse_North,285,2
2024-05-01,2,5,Hyderabad,Groceries,218,150,Warehouse_West,611,4
2024-05-01,2,5,Hyderabad,Clothing,104,800,Warehouse_South,595,4
2024-05-01,2,5,Hyderabad,Furniture,22,12000,Warehouse_North,984,4
2024-05-01,2,5,Hyderabad,Medicines,198,200,Warehouse_North,377,4
2024-05-02,3,5,Mumbai,Electronics,79,8500,Warehouse_North,505,2
2024-05-02,3,5,Mumbai,Groceries,370,150,Warehouse_South,542,2
2024-05-02,3,5,Mumbai,Clothing,131,800,Warehouse_South,884,4
2024-05-02,3,5,Mumbai,Furniture,38,12000,Warehouse_West,813,1
2024-05-02,3,5,Mumbai,Medicines,241,200,Warehouse_West,376,1
2024-05-02,3,5,Delhi,Electronics,86,8500,Warehouse_West,740,3
2024-05-02,3,5,Delhi,Groceries,321,150,Warehouse_North,466,2
2024-05-02,3,5,Delhi,Clothing,135,800,Warehouse_South,839,3
2024-05-02,3,5,Delhi,Furniture,33,12000,Warehouse_North,739,4
2024-05-02,3,5,Delhi,Medicines,243,200,Warehouse_West,916,1
2024-05-02,3,5,Bangalore,Electronics,71,8500,Warehouse_West,901,2
2024-05-02,3,5,Bangalore,Groceries,310,150,Warehouse_South,877,1
2024-05-02,3,5,Bangalore,Clothing,126,800,Warehouse_North,706,1
2024-05-02,3,5,Bangalore,Furniture,33,12000,Warehouse_North,229,3
2024-05-02,3,5,Bangalore,Medicines,238,200,Warehouse_West,235,3
2024-05-02,3,5,Chennai,Electronics,68,8500,Warehouse_West,276,2
2024-05-02,3,5,Chennai,Groceries,289,150,Warehouse_West,438,1
2024-05-02,3,5,Chennai,Clothing,109,800,Warehouse_South,343,4
2024-05-02,3,5,Chennai,Furniture,22,12000,Warehouse_West,244,1
2024-05-02,3,5,Chennai,Medicines,215,200,Warehouse_West,490,3
2024-05-02,3,5,Pune,Electronics,59,8500,Warehouse_South,821,2
2024-05-02,3,5,Pune,Groceries,217,150,Warehouse_West,501,4
2024-05-02,3,5,Pune,Clothing,99,800,Warehouse_South,769,3
2024-05-02,3,5,Pune,Furniture,26,12000,Warehouse_South,249,3
2024-05-02,3,5,Pune,Medicines,149,200,Warehouse_North,412,2
2024-05-02,3,5,Hyderabad,Electronics,57,8500,Warehouse_North,862,1
2024-05-02,3,5,Hyderabad,Groceries,239,150,Warehouse_North,846,1
2024-05-02,3,5,Hyderabad,Clothing,92,800,Warehouse_South,264,2
2024-05-02,3,5,Hyderabad,Furniture,19,12000,Warehouse_South,697,3
2024-05-02,3,5,Hyderabad,Medicines,173,200,Warehouse_South,859,1
2024-05-03,4,5,Mumbai,Electronics,78,8500,Warehouse_West,215,4
2024-05-03,4,5,Mumbai,Groceries,365,150,Warehouse_South,482,4
2024-05-03,4,5,Mumbai,Clothing,150,800,Warehouse_West,252,3
2024-05-03,4,5,Mumbai,Furniture,38,12000,Warehouse_North,815,2
2024-05-03,4,5,Mumbai,Medicines,290,200,Warehouse_West,970,1
2024-05-03,4,5,Delhi,Electronics,85,8500,Warehouse_South,917,2
2024-05-03,4,5,Delhi,Groceries,319,150,Warehouse_North,516,1
2024-05-03,4,5,Delhi,Clothing,143,800,Warehouse_North,867,2
2024-05-03,4,5,Delhi,Furniture,29,12000,Warehouse_South,550,3
2024-05-03,4,5,Delhi,Medicines,249,200,Warehouse_West,983,2
2024-05-03,4,5,Bangalore,Electronics,70,8500,Warehouse_West,411,3
2024-05-03,4,5,Bangalore,Groceries,347,150,Warehouse_North,482,3
2024-05-03,4,5,Bangalore,Clothing,139,800,Warehouse_North,509,1
2024-05-03,4,5,Bangalore,Furniture,30,12000,Warehouse_North,625,1
2024-05-03,4,5,Bangalore,Medicines,231,200,Warehouse_West,655,4
2024-05-03,4,5,Chennai,Electronics,62,8500,Warehouse_West,278,3
2024-05-03,4,5,Chennai,Groceries,268,150,Warehouse_South,513,3
2024-05-03,4,5,Chennai,Clothing,108,800,Warehouse_South,793,4
2024-05-03,4,5,Chennai,Furniture,24,12000,Warehouse_West,810,3
2024-05-03,4,5,Chennai,Medicines,227,200,Warehouse_South,360,2
2024-05-03,4,5,Pune,Electronics,58,8500,Warehouse_South,931,4
2024-05-03,4,5,Pune,Groceries,220,150,Warehouse_North,853,2
2024-05-03,4,5,Pune,Clothing,100,800,Warehouse_South,243,2
2024-05-03,4,5,Pune,Furniture,25,12000,Warehouse_South,472,2
2024-05-03,4,5,Pune,Medicines,216,200,Warehouse_North,200,4
2024-05-03,4,5,Hyderabad,Electronics,60,8500,Warehouse_North,427,1
2024-05-03,4,5,Hyderabad,Groceries,236,150,Warehouse_South,294,1
2024-05-03,4,5,Hyderabad,Clothing,95,800,Warehouse_North,349,3
2024-05-03,4,5,Hyderabad,Furniture,26,12000,Warehouse_West,347,1
2024-05-03,4,5,Hyderabad,Medicines,162,200,Warehouse_North,751,1
2024-05-04,5,5,Mumbai,Electronics,112,8500,Warehouse_North,909,3
2024-05-04,5,5,Mumbai,Groceries,516,150,Warehouse_West,236,2
2024-05-04,5,5,Mumbai,Clothing,205,800,Warehouse_West,496,4
2024-05-04,5,5,Mumbai,Furniture,46,12000,Warehouse_South,645,2
2024-05-04,5,5,Mumbai,Medicines,361,200,Warehouse_North,392,1
2024-05-04,5,5,Delhi,Electronics,104,8500,Warehouse_North,991,3
2024-05-04,5,5,Delhi,Groceries,464,150,Warehouse_South,979,1
2024-05-04,5,5,Delhi,Clothing,196,800,Warehouse_West,534,1
2024-05-04,5,5,Delhi,Furniture,50,12000,Warehouse_West,879,1
2024-05-04,5,5,Delhi,Medicines,355,200,Warehouse_North,651,3
2024-05-04,5,5,Bangalore,Electronics,98,8500,Warehouse_North,926,1
2024-05-04,5,5,Bangalore,Groceries,429,150,Warehouse_South,824,1
2024-05-04,5,5,Bangalore,Clothing,184,800,Warehouse_West,631,4
2024-05-04,5,5,Bangalore,Furniture,44,12000,Warehouse_South,236,4
2024-05-04,5,5,Bangalore,Medicines,336,200,Warehouse_South,238,3
2024-05-04,5,5,Chennai,Electronics,70,8500,Warehouse_North,351,3
2024-05-04,5,5,Chennai,Groceries,363,150,Warehouse_West,278,1
2024-05-04,5,5,Chennai,Clothing,158,800,Warehouse_South,996,2
2024-05-04,5,5,Chennai,Furniture,36,12000,Warehouse_North,443,4
2024-05-04,5,5,Chennai,Medicines,278,200,Warehouse_South,779,4
2024-05-04,5,5,Pune,Electronics,63,8500,Warehouse_South,276,3
2024-05-04,5,5,Pune,Groceries,315,150,Warehouse_North,366,4
2024-05-04,5,5,Pune,Clothing,122,800,Warehouse_South,294,1
2024-05-04,5,5,Pune,Furniture,28,12000,Warehouse_North,532,3
2024-05-04,5,5,Pune,Medicines,274,200,Warehouse_West,315,3
2024-05-04,5,5,Hyderabad,Electronics,78,8500,Warehouse_North,368,3
2024-05-04,5,5,Hyderabad,Groceries,290,150,Warehouse_North,782,4
2024-05-04,5,5,Hyderabad,Clothing,137,800,Warehouse_South,212,4
2024-05-04,5,5,Hyderabad,Furniture,32,12000,Warehouse_West,949,1
2024-05-04,5,5,Hyderabad,Medicines,230,200,Warehouse_West,255,3
2024-05-05,6,5,Mumbai,Electronics,115,8500,Warehouse_West,421,1
2024-05-05,6,5,Mumbai,Groceries,525,150,Warehouse_North,705,1
2024-05-05,6,5,Mumbai,Clothing,197,800,Warehouse_North,531,2
2024-05-05,6,5,Mumbai,Furniture,51,12000,Warehouse_North,506,1
2024-05-05,6,5,Mumbai,Medicines,375,200,Warehouse_North,696,3
2024-05-05,6,5,Delhi,Electronics,99,8500,Warehouse_West,235,3
2024-05-05,6,5,Delhi,Groceries,506,150,Warehouse_South,765,1
2024-05-05,6,5,Delhi,Clothing,190,800,Warehouse_South,962,3
2024-05-05,6,5,Delhi,Furniture,46,12000,Warehouse_North,955,2
2024-05-05,6,5,Delhi,Medicines,366,200,Warehouse_West,782,4
2024-05-05,6,5,Bangalore,Electronics,109,8500,Warehouse_West,361,2
2024-05-05,6,5,Bangalore,Groceries,414,150,Warehouse_North,921,2
2024-05-05,6,5,Bangalore,Clothing,160,800,Warehouse_West,920,4
2024-05-05,6,5,Bangalore,Furniture,41,12000,Warehouse_South,731,2
2024-05-05,6,5,Bangalore,Medicines,351,200,Warehouse_South,622,4
2024-05-05,6,5,Chennai,Electronics,80,8500,Warehouse_West,225,1
2024-05-05,6,5,Chennai,Groceries,375,150,Warehouse_West,211,1
2024-05-05,6,5,Chennai,Clothing,145,800,Warehouse_South,407,1
2024-05-05,6,5,Chennai,Furniture,37,12000,Warehouse_North,302,4
2024-05-05,6,5,Chennai,Medicines,292,200,Warehouse_West,622,1
2024-05-05,6,5,Pune,Electronics,79,8500,Warehouse_West,592,3
2024-05-05,6,5,Pune,Groceries,365,150,Warehouse_North,377,3
2024-05-05,6,5,Pune,Clothing,132,800,Warehouse_West,348,1
2024-05-05,6,5,Pune,Furniture,33,12000,Warehouse_North,858,1
2024-05-05,6,5,Pune,Medicines,247,200,Warehouse_West,241,3
2024-05-05,6,5,Hyderabad,Electronics,82,8500,Warehouse_North,691,3
2024-05-05,6,5,Hyderabad,Groceries,343,150,Warehouse_South,910,1
2024-05-05,6,5,Hyderabad,Clothing,129,800,Warehouse_West,238,4
2024-05-05,6,5,Hyderabad,Furniture,32,12000,Warehouse_North,612,2
2024-05-05,6,5,Hyderabad,Medicines,261,200,Warehouse_South,251,2
2024-05-06,0,5,Mumbai,Electronics,80,8500,Warehouse_South,289,3
2024-05-06,0,5,Mumbai,Groceries,361,150,Warehouse_West,550,1
2024-05-06,0,5,Mumbai,Clothing,160,800,Warehouse_South,262,1
2024-05-06,0,5,Mumbai,Furniture,39,12000,Warehouse_West,863,4
2024-05-06,0,5,Mumbai,Medicines,291,200,Warehouse_West,780,4
2024-05-06,0,5,Delhi,Electronics,75,8500,Warehouse_West,440,2
2024-05-06,0,5,Delhi,Groceries,354,150,Warehouse_West,912,3
2024-05-06,0,5,Delhi,Clothing,120,800,Warehouse_West,361,3
2024-05-06,0,5,Delhi,Furniture,37,12000,Warehouse_North,442,2
2024-05-06,0,5,Delhi,Medicines,239,200,Warehouse_West,458,2
2024-05-06,0,5,Bangalore,Electronics,75,8500,Warehouse_South,901,1
2024-05-06,0,5,Bangalore,Groceries,305,150,Warehouse_West,285,4
2024-05-06,0,5,Bangalore,Clothing,122,800,Warehouse_West,614,3
2024-05-06,0,5,Bangalore,Furniture,32,12000,Warehouse_North,902,1
2024-05-06,0,5,Bangalore,Medicines,231,200,Warehouse_South,335,2
2024-05-06,0,5,Chennai,Electronics,70,8500,Warehouse_West,447,3
2024-05-06,0,5,Chennai,Groceries,277,150,Warehouse_North,231,4
2024-05-06,0,5,Chennai,Clothing,115,800,Warehouse_South,383,3
2024-05-06,0,5,Chennai,Furniture,23,12000,Warehouse_West,302,3
2024-05-06,0,5,Chennai,Medicines,218,200,Warehouse_South,619,1
2024-05-06,0,5,Pune,Electronics,61,8500,Warehouse_West,663,2
2024-05-06,0,5,Pune,Groceries,184,150,Warehouse_North,700,2
2024-05-06,0,5,Pune,Clothing,112,800,Warehouse_West,962,2
2024-05-06,0,5,Pune,Furniture,23,12000,Warehouse_North,579,2
2024-05-06,0,5,Pune,Medicines,204,200,Warehouse_North,842,1
2024-05-06,0,5,Hyderabad,Electronics,46,8500,Warehouse_South,404,1
2024-05-06,0,5,Hyderabad,Groceries,196,150,Warehouse_South,386,1
2024-05-06,0,5,Hyderabad,Clothing,74,800,Warehouse_West,239,1
2024-05-06,0,5,Hyderabad,Furniture,25,12000,Warehouse_North,992,2
2024-05-06,0,5,Hyderabad,Medicines,162,200,Warehouse_South,371,1
2024-05-07,1,5,Mumbai,Electronics,80,8500,Warehouse_South,748,4
2024-05-07,1,5,Mumbai,Groceries,332,150,Warehouse_North,531,4
2024-05-07,1,5,Mumbai,Clothing,142,800,Warehouse_West,228,3
2024-05-07,1,5,Mumbai,Furniture,36,12000,Warehouse_West,347,3
2024-05-07,1,5,Mumbai,Medicines,269,200,Warehouse_South,529,3
2024-05-07,1,5,Delhi,Electronics,68,8500,Warehouse_West,598,2
2024-05-07,1,5,Delhi,Groceries,350,150,Warehouse_South,606,1
2024-05-07,1,5,Delhi,Clothing,136,800,Warehouse_South,489,4
2024-05-07,1,5,Delhi,Furniture,33,12000,Warehouse_South,823,3
2024-05-07,1,5,Delhi,Medicines,244,200,Warehouse_North,916,1
2024-05-07,1,5,Bangalore,Electronics,64,8500,Warehouse_North,804,1
2024-05-07,1,5,Bangalore,Groceries,323,150,Warehouse_South,705,1
2024-05-07,1,5,Bangalore,Clothing,130,800,Warehouse_West,817,1
2024-05-07,1,5,Bangalore,Furniture,29,12000,Warehouse_South,722,2
2024-05-07,1,5,Bangalore,Medicines,175,200,Warehouse_North,668,2
2024-05-07,1,5,Chennai,Electronics,58,8500,Warehouse_North,474,4
2024-05-07,1,5,Chennai,Groceries,282,150,Warehouse_North,965,3
2024-05-07,1,5,Chennai,Clothing,101,800,Warehouse_West,922,1
2024-05-07,1,5,Chennai,Furniture,25,12000,Warehouse_South,214,2
2024-05-07,1,5,Chennai,Medicines,206,200,Warehouse_West,503,3
2024-05-07,1,5,Pune,Electronics,54,8500,Warehouse_North,999,4
2024-05-07,1,5,Pune,Groceries,209,150,Warehouse_North,654,1
2024-05-07,1,5,Pune,Clothing,112,800,Warehouse_West,374,2
2024-05-07,1,5,Pune,Furniture,24,12000,Warehouse_South,592,4
2024-05-07,1,5,Pune,Medicines,164,200,Warehouse_North,370,3
2024-05-07,1,5,Hyderabad,Electronics,56,8500,Warehouse_West,864,4
2024-05-07,1,5,Hyderabad,Groceries,277,150,Warehouse_West,707,1
2024-05-07,1,5,Hyderabad,Clothing,107,800,Warehouse_West,524,4
2024-05-07,1,5,Hyderabad,Furniture,23,12000,Warehouse_West,438,2
2024-05-07,1,5,Hyderabad,Medicines,170,200,Warehouse_South,716,4
2024-05-08,2,5,Mumbai,Electronics,88,8500,Warehouse_West,517,1
2024-05-08,2,5,Mumbai,Groceries,364,150,Warehouse_North,952,4
2024-05-08,2,5,Mumbai,Clothing,156,800,Warehouse_North,863,4
2024-05-08,2,5,Mumbai,Furniture,39,12000,Warehouse_North,375,4
2024-05-08,2,5,Mumbai,Medicines,260,200,Warehouse_North,856,4
2024-05-08,2,5,Delhi,Electronics,65,8500,Warehouse_South,474,3
2024-05-08,2,5,Delhi,Groceries,298,150,Warehouse_West,722,2
2024-05-08,2,5,Delhi,Clothing,160,800,Warehouse_South,395,1
2024-05-08,2,5,Delhi,Furniture,32,12000,Warehouse_West,885,4
2024-05-08,2,5,Delhi,Medicines,227,200,Warehouse_North,459,2
2024-05-08,2,5,Bangalore,Electronics,72,8500,Warehouse_North,683,3
2024-05-08,2,5,Bangalore,Groceries,294,150,Warehouse_South,578,3
2024-05-08,2,5,Bangalore,Clothing,118,800,Warehouse_South,916,4
2024-05-08,2,5,Bangalore,Furniture,29,12000,Warehouse_North,412,3
2024-05-08,2,5,Bangalore,Medicines,216,200,Warehouse_South,674,4
2024-05-08,2,5,Chennai,Electronics,66,8500,Warehouse_West,382,1
2024-05-08,2,5,Chennai,Groceries,254,150,Warehouse_West,437,3
2024-05-08,2,5,Chennai,Clothing,108,800,Warehouse_South,878,3
2024-05-08,2,5,Chennai,Furniture,30,12000,Warehouse_South,601,2
2024-05-08,2,5,Chennai,Medicines,193,200,Warehouse_South,878,2
2024-05-08,2,5,Pune,Electronics,55,8500,Warehouse_North,245,2
2024-05-08,2,5,Pune,Groceries,213,150,Warehouse_North,864,4
2024-05-08,2,5,Pune,Clothing,96,800,Warehouse_South,534,3
2024-05-08,2,5,Pune,Furniture,23,12000,Warehouse_North,887,3
2024-05-08,2,5,Pune,Medicines,167,200,Warehouse_West,591,3
2024-05-08,2,5,Hyderabad,Electronics,60,8500,Warehouse_West,487,1
2024-05-08,2,5,Hyderabad,Groceries,251,150,Warehouse_North,735,4
2024-05-08,2,5,Hyderabad,Clothing,114,800,Warehouse_South,269,2
2024-05-08,2,5,Hyderabad,Furniture,24,12000,Warehouse_North,649,2
2024-05-08,2,5,Hyderabad,Medicines,184,200,Warehouse_North,360,4
2024-05-09,3,5,Mumbai,Electronics,81,8500,Warehouse_West,484,2
2024-05-09,3,5,Mumbai,Groceries,362,150,Warehouse_North,741,2
2024-05-09,3,5,Mumbai,Clothing,143,800,Warehouse_North,769,4
2024-05-09,3,5,Mumbai,Furniture,36,12000,Warehouse_North,478,4
2024-05-09,3,5,Mumbai,Medicines,254,200,Warehouse_South,368,4
2024-05-09,3,5,Delhi,Electronics,72,8500,Warehouse_North,846,2
2024-05-09,3,5,Delhi,Groceries,318,150,Warehouse_North,539,4
2024-05-09,3,5,Delhi,Clothing,138,800,Warehouse_North,701,2
2024-05-09,3,5,Delhi,Furniture,38,12000,Warehouse_West,682,4
2024-05-09,3,5,Delhi,Medicines,230,200,Warehouse_North,848,1
2024-05-09,3,5,Bangalore,Electronics,68,8500,Warehouse_West,675,3
2024-05-09,3,5,Bangalore,Groceries,264,150,Warehouse_South,658,4
2024-05-09,3,5,Bangalore,Clothing,128,800,Warehouse_North,883,2
2024-05-09,3,5,Bangalore,Furniture,37,12000,Warehouse_West,634,3
2024-05-09,3,5,Bangalore,Medicines,231,200,Warehouse_North,575,2
2024-05-09,3,5,Chennai,Electronics,69,8500,Warehouse_South,403,1
2024-05-09,3,5,Chennai,Groceries,225,150,Warehouse_South,769,2
2024-05-09,3,5,Chennai,Clothing,110,800,Warehouse_West,428,4
2024-05-09,3,5,Chennai,Furniture,21,12000,Warehouse_South,286,1
2024-05-09,3,5,Chennai,Medicines,207,200,Warehouse_North,587,2
2024-05-09,3,5,Pune,Electronics,58,8500,Warehouse_North,639,3
2024-05-09,3,5,Pune,Groceries,228,150,Warehouse_West,473,3
2024-05-09,3,5,Pune,Clothing,105,800,Warehouse_West,468,2
2024-05-09,3,5,Pune,Furniture,25,12000,Warehouse_West,524,4
2024-05-09,3,5,Pune,Medicines,222,200,Warehouse_South,565,2
2024-05-09,3,5,Hyderabad,Electronics,55,8500,Warehouse_South,487,3
2024-05-09,3,5,Hyderabad,Groceries,256,150,Warehouse_West,560,4
2024-05-09,3,5,Hyderabad,Clothing,91,800,Warehouse_West,404,2
2024-05-09,3,5,Hyderabad,Furniture,29,12000,Warehouse_South,503,1
2024-05-09,3,5,Hyderabad,Medicines,188,200,Warehouse_West,855,2
2024-05-10,4,5,Mumbai,Electronics,86,8500,Warehouse_South,588,2
2024-05-10,4,5,Mumbai,Groceries,375,150,Warehouse_North,551,3
2024-05-10,4,5,Mumbai,Clothing,138,800,Warehouse_West,391,1
2024-05-10,4,5,Mumbai,Furniture,38,12000,Warehouse_West,307,4
2024-05-10,4,5,Mumbai,Medicines,247,200,Warehouse_North,825,2
2024-05-10,4,5,Delhi,Electronics,89,8500,Warehouse_West,646,1
2024-05-10,4,5,Delhi,Groceries,304,150,Warehouse_South,397,1
2024-05-10,4,5,Delhi,Clothing,138,800,Warehouse_North,283,1
2024-05-10,4,5,Delhi,Furniture,35,12000,Warehouse_West,271,3
2024-05-10,4,5,Delhi,Medicines,275,200,Warehouse_West,975,2
2024-05-10,4,5,Bangalore,Electronics,79,8500,Warehouse_South,970,1
2024-05-10,4,5,Bangalore,Groceries,259,150,Warehouse_North,206,4
2024-05-10,4,5,Bangalore,Clothing,129,800,Warehouse_North,355,2
2024-05-10,4,5,Bangalore,Furniture,30,12000,Warehouse_West,904,3
2024-05-10,4,5,Bangalore,Medicines,266,200,Warehouse_North,370,1
2024-05-10,4,5,Chennai,Electronics,60,8500,Warehouse_South,773,3
2024-05-10,4,5,Chennai,Groceries,277,150,Warehouse_North,946,1
2024-05-10,4,5,Chennai,Clothing,101,800,Warehouse_West,306,1
2024-05-10,4,5,Chennai,Furniture,30,12000,Warehouse_West,548,4
2024-05-10,4,5,Chennai,Medicines,156,200,Warehouse_West,333,3
2024-05-10,4,5,Pune,Electronics,64,8500,Warehouse_South,358,1
2024-05-10,4,5,Pune,Groceries,211,150,Warehouse_South,726,1
2024-05-10,4,5,Pune,Clothing,97,800,Warehouse_West,741,4
2024-05-10,4,5,Pune,Furniture,27,12000,Warehouse_West,393,3
2024-05-10,4,5,Pune,Medicines,146,200,Warehouse_West,405,3
2024-05-10,4,5,Hyderabad,Electronics,62,8500,Warehouse_South,754,4
2024-05-10,4,5,Hyderabad,Groceries,228,150,Warehouse_South,901,2
2024-05-10,4,5,Hyderabad,Clothing,92,800,Warehouse_North,643,1
2024-05-10,4,5,Hyderabad,Furniture,19,12000,Warehouse_West,649,3
2024-05-10,4,5,Hyderabad,Medicines,188,200,Warehouse_North,314,3
2024-05-11,5,5,Mumbai,Electronics,113,8500,Warehouse_West,409,4
2024-05-11,5,5,Mumbai,Groceries,502,150,Warehouse_South,826,3
2024-05-11,5,5,Mumbai,Clothing,200,800,Warehouse_South,953,4
2024-05-11,5,5,Mumbai,Furniture,51,12000,Warehouse_North,239,2
2024-05-11,5,5,Mumbai,Medicines,419,200,Warehouse_West,581,2
2024-05-11,5,5,Delhi,Electronics,113,8500,Warehouse_South,682,1
2024-05-11,5,5,Delhi,Groceries,422,150,Warehouse_North,976,2
2024-05-11,5,5,Delhi,Clothing,183,800,Warehouse_South,433,3
2024-05-11,5,5,Delhi,Furniture,48,12000,Warehouse_North,224,3
2024-05-11,5,5,Delhi,Medicines,362,200,Warehouse_South,984,4
2024-05-11,5,5,Bangalore,Electronics,97,8500,Warehouse_South,387,2
2024-05-11,5,5,Bangalore,Groceries,423,150,Warehouse_North,853,4
2024-05-11,5,5,Bangalore,Clothing,196,800,Warehouse_South,491,2
2024-05-11,5,5,Bangalore,Furniture,41,12000,Warehouse_North,540,2
2024-05-11,5,5,Bangalore,Medicines,327,200,Warehouse_West,299,3
2024-05-11,5,5,Chennai,Electronics,83,8500,Warehouse_South,462,2
2024-05-11,5,5,Chennai,Groceries,411,150,Warehouse_South,322,4
2024-05-11,5,5,Chennai,Clothing,146,800,Warehouse_South,786,2
2024-05-11,5,5,Chennai,Furniture,35,12000,Warehouse_West,665,3
2024-05-11,5,5,Chennai,Medicines,284,200,Warehouse_South,562,1
2024-05-11,5,5,Pune,Electronics,66,8500,Warehouse_South,221,4
2024-05-11,5,5,Pune,Groceries,346,150,Warehouse_North,721,2
2024-05-11,5,5,Pune,Clothing,149,800,Warehouse_South,500,1
2024-05-11,5,5,Pune,Furniture,31,12000,Warehouse_South,266,1
2024-05-11,5,5,Pune,Medicines,262,200,Warehouse_South,769,1
2024-05-11,5,5,Hyderabad,Electronics,76,8500,Warehouse_North,648,3
2024-05-11,5,5,Hyderabad,Groceries,330,150,Warehouse_North,783,1
2024-05-11,5,5,Hyderabad,Clothing,135,800,Warehouse_North,359,2
2024-05-11,5,5,Hyderabad,Furniture,32,12000,Warehouse_West,310,3
2024-05-11,5,5,Hyderabad,Medicines,190,200,Warehouse_South,482,4
2024-05-12,6,5,Mumbai,Electronics,112,8500,Warehouse_South,721,2
2024-05-12,6,5,Mumbai,Groceries,482,150,Warehouse_South,330,2
2024-05-12,6,5,Mumbai,Clothing,193,800,Warehouse_North,471,4
2024-05-12,6,5,Mumbai,Furniture,46,12000,Warehouse_South,332,4
2024-05-12,6,5,Mumbai,Medicines,331,200,Warehouse_South,767,3
2024-05-12,6,5,Delhi,Electronics,111,8500,Warehouse_South,575,4
2024-05-12,6,5,Delhi,Groceries,458,150,Warehouse_West,417,3
2024-05-12,6,5,Delhi,Clothing,193,800,Warehouse_West,766,1
2024-05-12,6,5,Delhi,Furniture,46,12000,Warehouse_South,925,3
2024-05-12,6,5,Delhi,Medicines,340,200,Warehouse_North,492,1
2024-05-12,6,5,Bangalore,Electronics,105,8500,Warehouse_North,862,1
2024-05-12,6,5,Bangalore,Groceries,451,150,Warehouse_West,384,2
2024-05-12,6,5,Bangalore,Clothing,184,800,Warehouse_West,847,4
2024-05-12,6,5,Bangalore,Furniture,43,12000,Warehouse_North,948,1
2024-05-12,6,5,Bangalore,Medicines,344,200,Warehouse_West,714,3
2024-05-12,6,5,Chennai,Electronics,89,8500,Warehouse_West,767,1
2024-05-12,6,5,Chennai,Groceries,337,150,Warehouse_South,886,2
2024-05-12,6,5,Chennai,Clothing,147,800,Warehouse_North,640,2
2024-05-12,6,5,Chennai,Furniture,36,12000,Warehouse_West,216,3
2024-05-12,6,5,Chennai,Medicines,245,200,Warehouse_North,920,1
2024-05-12,6,5,Pune,Electronics,80,8500,Warehouse_North,314,4
2024-05-12,6,5,Pune,Groceries,292,150,Warehouse_North,637,1
2024-05-12,6,5,Pune,Clothing,140,800,Warehouse_South,501,2
2024-05-12,6,5,Pune,Furniture,33,12000,Warehouse_North,728,2
2024-05-12,6,5,Pune,Medicines,248,200,Warehouse_West,394,1
2024-05-12,6,5,Hyderabad,Electronics,74,8500,Warehouse_North,814,1
2024-05-12,6,5,Hyderabad,Groceries,378,150,Warehouse_South,893,2
2024-05-12,6,5,Hyderabad,Clothing,136,800,Warehouse_West,638,4
2024-05-12,6,5,Hyderabad,Furniture,32,12000,Warehouse_North,659,1
2024-05-12,6,5,Hyderabad,Medicines,217,200,Warehouse_North,209,2
2024-05-13,0,5,Mumbai,Electronics,84,8500,Warehouse_South,797,2
2024-05-13,0,5,Mumbai,Groceries,394,150,Warehouse_South,592,1
2024-05-13,0,5,Mumbai,Clothing,149,800,Warehouse_West,567,3
2024-05-13,0,5,Mumbai,Furniture,39,12000,Warehouse_South,342,3
2024-05-13,0,5,Mumbai,Medicines,261,200,Warehouse_West,947,4
2024-05-13,0,5,Delhi,Electronics,66,8500,Warehouse_South,973,1
2024-05-13,0,5,Delhi,Groceries,301,150,Warehouse_North,690,2
2024-05-13,0,5,Delhi,Clothing,116,800,Warehouse_South,708,1
2024-05-13,0,5,Delhi,Furniture,32,12000,Warehouse_South,726,1
2024-05-13,0,5,Delhi,Medicines,258,200,Warehouse_West,985,3
2024-05-13,0,5,Bangalore,Electronics,68,8500,Warehouse_West,613,3
2024-05-13,0,5,Bangalore,Groceries,288,150,Warehouse_West,578,2
2024-05-13,0,5,Bangalore,Clothing,121,800,Warehouse_North,972,1
2024-05-13,0,5,Bangalore,Furniture,32,12000,Warehouse_South,335,2
2024-05-13,0,5,Bangalore,Medicines,208,200,Warehouse_South,325,1
2024-05-13,0,5,Chennai,Electronics,68,8500,Warehouse_West,588,3
2024-05-13,0,5,Chennai,Groceries,236,150,Warehouse_West,662,2
2024-05-13,0,5,Chennai,Clothing,77,800,Warehouse_North,975,3
2024-05-13,0,5,Chennai,Furniture,24,12000,Warehouse_South,218,4
2024-05-13,0,5,Chennai,Medicines,202,200,Warehouse_West,793,2
2024-05-13,0,5,Pune,Electronics,57,8500,Warehouse_West,537,2
2024-05-13,0,5,Pune,Groceries,203,150,Warehouse_North,590,3
2024-05-13,0,5,Pune,Clothing,113,800,Warehouse_West,832,4
2024-05-13,0,5,Pune,Furniture,24,12000,Warehouse_North,410,1
2024-05-13,0,5,Pune,Medicines,170,200,Warehouse_North,871,3
2024-05-13,0,5,Hyderabad,Electronics,67,8500,Warehouse_North,368,4
2024-05-13,0,5,Hyderabad,Groceries,256,150,Warehouse_North,346,2
2024-05-13,0,5,Hyderabad,Clothing,82,800,Warehouse_North,241,2
2024-05-13,0,5,Hyderabad,Furniture,19,12000,Warehouse_West,487,2
2024-05-13,0,5,Hyderabad,Medicines,184,200,Warehouse_North,711,4
2024-05-14,1,5,Mumbai,Electronics,78,8500,Warehouse_West,464,4
2024-05-14,1,5,Mumbai,Groceries,402,150,Warehouse_West,425,4
2024-05-14,1,5,Mumbai,Clothing,140,800,Warehouse_West,418,1
2024-05-14,1,5,Mumbai,Furniture,39,12000,Warehouse_North,540,4
2024-05-14,1,5,Mumbai,Medicines,280,200,Warehouse_West,673,2
2024-05-14,1,5,Delhi,Electronics,73,8500,Warehouse_West,909,1
2024-05-14,1,5,Delhi,Groceries,325,150,Warehouse_West,461,2
2024-05-14,1,5,Delhi,Clothing,137,800,Warehouse_North,803,1
2024-05-14,1,5,Delhi,Furniture,33,12000,Warehouse_North,417,3
2024-05-14,1,5,Delhi,Medicines,253,200,Warehouse_West,273,4
2024-05-14,1,5,Bangalore,Electronics,68,8500,Warehouse_West,792,1
2024-05-14,1,5,Bangalore,Groceries,283,150,Warehouse_West,981,2
2024-05-14,1,5,Bangalore,Clothing,148,800,Warehouse_West,776,3
2024-05-14,1,5,Bangalore,Furniture,38,12000,Warehouse_South,235,3
2024-05-14,1,5,Bangalore,Medicines,227,200,Warehouse_West,281,1
2024-05-14,1,5,Chennai,Electronics,61,8500,Warehouse_West,498,2
2024-05-14,1,5,Chennai,Groceries,306,150,Warehouse_North,900,1
2024-05-14,1,5,Chennai,Clothing,110,800,Warehouse_North,308,1
2024-05-14,1,5,Chennai,Furniture,26,12000,Warehouse_West,493,1
2024-05-14,1,5,Chennai,Medicines,171,200,Warehouse_South,876,4
2024-05-14,1,5,Pune,Electronics,43,8500,Warehouse_West,991,4
2024-05-14,1,5,Pune,Groceries,258,150,Warehouse_West,825,1
2024-05-14,1,5,Pune,Clothing,97,800,Warehouse_West,951,3
2024-05-14,1,5,Pune,Furniture,26,12000,Warehouse_West,943,4
2024-05-14,1,5,Pune,Medicines,167,200,Warehouse_South,577,4
2024-05-14,1,5,Hyderabad,Electronics,49,8500,Warehouse_West,980,1
2024-05-14,1,5,Hyderabad,Groceries,207,150,Warehouse_North,566,4
2024-05-14,1,5,Hyderabad,Clothing,100,800,Warehouse_North,830,4
2024-05-14,1,5,Hyderabad,Furniture,26,12000,Warehouse_West,621,2
2024-05-14,1,5,Hyderabad,Medicines,171,200,Warehouse_North,377,4
2024-05-15,2,5,Mumbai,Electronics,67,8500,Warehouse_North,342,2
2024-05-15,2,5,Mumbai,Groceries,385,150,Warehouse_South,437,3
2024-05-15,2,5,Mumbai,Clothing,150,800,Warehouse_West,829,3
2024-05-15,2,5,Mumbai,Furniture,39,12000,Warehouse_South,481,2
2024-05-15,2,5,Mumbai,Medicines,240,200,Warehouse_West,864,2
2024-05-15,2,5,Delhi,Electronics,67,8500,Warehouse_West,260,1
2024-05-15,2,5,Delhi,Groceries,348,150,Warehouse_South,843,1
2024-05-15,2,5,Delhi,Clothing,144,800,Warehouse_North,322,3
2024-05-15,2,5,Delhi,Furniture,33,12000,Warehouse_West,430,2
2024-05-15,2,5,Delhi,Medicines,236,200,Warehouse_South,791,2
2024-05-15,2,5,Bangalore,Electronics,70,8500,Warehouse_South,254,2
2024-05-15,2,5,Bangalore,Groceries,307,150,Warehouse_West,225,1
2024-05-15,2,5,Bangalore,Clothing,103,800,Warehouse_South,937,2
2024-05-15,2,5,Bangalore,Furniture,33,12000,Warehouse_West,475,2
2024-05-15,2,5,Bangalore,Medicines,254,200,Warehouse_South,643,3
2024-05-15,2,5,Chennai,Electronics,49,8500,Warehouse_West,686,4
2024-05-15,2,5,Chennai,Groceries,279,150,Warehouse_South,727,3
2024-05-15,2,5,Chennai,Clothing,92,800,Warehouse_South,877,1
2024-05-15,2,5,Chennai,Furniture,25,12000,Warehouse_West,869,1
2024-05-15,2,5,Chennai,Medicines,181,200,Warehouse_North,380,3
2024-05-15,2,5,Pune,Electronics,51,8500,Warehouse_North,535,2
2024-05-15,2,5,Pune,Groceries,281,150,Warehouse_North,894,3
2024-05-15,2,5,Pune,Clothing,89,800,Warehouse_West,533,3
2024-05-15,2,5,Pune,Furniture,24,12000,Warehouse_West,332,4
2024-05-15,2,5,Pune,Medicines,181,200,Warehouse_West,318,2
2024-05-15,2,5,Hyderabad,Electronics,52,8500,Warehouse_North,886,2
2024-05-15,2,5,Hyderabad,Groceries,224,150,Warehouse_North,884,2
2024-05-15,2,5,Hyderabad,Clothing,89,800,Warehouse_West,407,2
2024-05-15,2,5,Hyderabad,Furniture,24,12000,Warehouse_North,884,3
2024-05-15,2,5,Hyderabad,Medicines,154,200,Warehouse_North,382,3
2024-05-16,3,5,Mumbai,Electronics,85,8500,Warehouse_South,549,2
2024-05-16,3,5,Mumbai,Groceries,356,150,Warehouse_North,468,1
2024-05-16,3,5,Mumbai,Clothing,140,800,Warehouse_West,219,3
2024-05-16,3,5,Mumbai,Furniture,30,12000,Warehouse_North,604,3
2024-05-16,3,5,Mumbai,Medicines,291,200,Warehouse_North,580,3
2024-05-16,3,5,Delhi,Electronics,66,8500,Warehouse_West,282,2
2024-05-16,3,5,Delhi,Groceries,295,150,Warehouse_North,586,3
2024-05-16,3,5,Delhi,Clothing,113,800,Warehouse_South,485,2
2024-05-16,3,5,Delhi,Furniture,35,12000,Warehouse_South,917,2
2024-05-16,3,5,Delhi,Medicines,245,200,Warehouse_North,642,1
2024-05-16,3,5,Bangalore,Electronics,56,8500,Warehouse_West,868,1
2024-05-16,3,5,Bangalore,Groceries,310,150,Warehouse_West,980,3
2024-05-16,3,5,Bangalore,Clothing,114,800,Warehouse_West,951,1
2024-05-16,3,5,Bangalore,Furniture,31,12000,Warehouse_West,935,4
2024-05-16,3,5,Bangalore,Medicines,266,200,Warehouse_West,607,1
2024-05-16,3,5,Chennai,Electronics,66,8500,Warehouse_West,783,3
2024-05-16,3,5,Chennai,Groceries,225,150,Warehouse_South,281,1
2024-05-16,3,5,Chennai,Clothing,124,800,Warehouse_West,311,2
2024-05-16,3,5,Chennai,Furniture,31,12000,Warehouse_North,703,3
2024-05-16,3,5,Chennai,Medicines,151,200,Warehouse_West,685,4
2024-05-16,3,5,Pune,Electronics,61,8500,Warehouse_West,856,1
2024-05-16,3,5,Pune,Groceries,227,150,Warehouse_North,987,2
2024-05-16,3,5,Pune,Clothing,89,800,Warehouse_West,415,2
2024-05-16,3,5,Pune,Furniture,25,12000,Warehouse_South,544,4
2024-05-16,3,5,Pune,Medicines,185,200,Warehouse_South,648,4
2024-05-16,3,5,Hyderabad,Electronics,58,8500,Warehouse_North,607,1
2024-05-16,3,5,Hyderabad,Groceries,266,150,Warehouse_North,859,4
2024-05-16,3,5,Hyderabad,Clothing,112,800,Warehouse_West,747,2
2024-05-16,3,5,Hyderabad,Furniture,23,12000,Warehouse_North,429,3
2024-05-16,3,5,Hyderabad,Medicines,167,200,Warehouse_South,807,1
2024-05-17,4,5,Mumbai,Electronics,77,8500,Warehouse_North,933,2
2024-05-17,4,5,Mumbai,Groceries,351,150,Warehouse_West,992,1
2024-05-17,4,5,Mumbai,Clothing,155,800,Warehouse_North,625,2
2024-05-17,4,5,Mumbai,Furniture,33,12000,Warehouse_South,395,4
2024-05-17,4,5,Mumbai,Medicines,287,200,Warehouse_South,665,1
2024-05-17,4,5,Delhi,Electronics,68,8500,Warehouse_South,359,4
2024-05-17,4,5,Delhi,Groceries,318,150,Warehouse_North,507,3
2024-05-17,4,5,Delhi,Clothing,124,800,Warehouse_South,874,4
2024-05-17,4,5,Delhi,Furniture,37,12000,Warehouse_West,650,2
2024-05-17,4,5,Delhi,Medicines,256,200,Warehouse_West,591,1
2024-05-17,4,5,Bangalore,Electronics,65,8500,Warehouse_South,900,3
2024-05-17,4,5,Bangalore,Groceries,371,150,Warehouse_North,228,2
2024-05-17,4,5,Bangalore,Clothing,106,800,Warehouse_South,327,3
2024-05-17,4,5,Bangalore,Furniture,30,12000,Warehouse_South,640,1
2024-05-17,4,5,Bangalore,Medicines,242,200,Warehouse_West,909,4
2024-05-17,4,5,Chennai,Electronics,65,8500,Warehouse_South,527,1
2024-05-17,4,5,Chennai,Groceries,249,150,Warehouse_West,759,3
2024-05-17,4,5,Chennai,Clothing,98,800,Warehouse_West,598,1
2024-05-17,4,5,Chennai,Furniture,24,12000,Warehouse_South,231,3
2024-05-17,4,5,Chennai,Medicines,167,200,Warehouse_South,866,2
2024-05-17,4,5,Pune,Electronics,58,8500,Warehouse_South,931,2
2024-05-17,4,5,Pune,Groceries,212,150,Warehouse_South,963,1
2024-05-17,4,5,Pune,Clothing,87,800,Warehouse_West,923,4
2024-05-17,4,5,Pune,Furniture,25,12000,Warehouse_South,419,3
2024-05-17,4,5,Pune,Medicines,168,200,Warehouse_South,335,1
2024-05-17,4,5,Hyderabad,Electronics,56,8500,Warehouse_South,453,2
2024-05-17,4,5,Hyderabad,Groceries,260,150,Warehouse_West,943,3
2024-05-17,4,5,Hyderabad,Clothing,105,800,Warehouse_West,995,2
2024-05-17,4,5,Hyderabad,Furniture,18,12000,Warehouse_West,401,3
2024-05-17,4,5,Hyderabad,Medicines,160,200,Warehouse_West,420,2
2024-05-18,5,5,Mumbai,Electronics,113,8500,Warehouse_South,403,1
2024-05-18,5,5,Mumbai,Groceries,483,150,Warehouse_North,752,1
2024-05-18,5,5,Mumbai,Clothing,207,800,Warehouse_West,801,2
2024-05-18,5,5,Mumbai,Furniture,51,12000,Warehouse_North,913,2
2024-05-18,5,5,Mumbai,Medicines,366,200,Warehouse_West,304,3
2024-05-18,5,5,Delhi,Electronics,96,8500,Warehouse_South,771,3
2024-05-18,5,5,Delhi,Groceries,484,150,Warehouse_West,908,3
2024-05-18,5,5,Delhi,Clothing,170,800,Warehouse_West,462,2
2024-05-18,5,5,Delhi,Furniture,51,12000,Warehouse_North,856,2
2024-05-18,5,5,Delhi,Medicines,361,200,Warehouse_South,549,4
2024-05-18,5,5,Bangalore,Electronics,96,8500,Warehouse_North,534,3
2024-05-18,5,5,Bangalore,Groceries,417,150,Warehouse_North,822,1
2024-05-18,5,5,Bangalore,Clothing,186,800,Warehouse_South,833,1
2024-05-18,5,5,Bangalore,Furniture,45,12000,Warehouse_South,559,1
2024-05-18,5,5,Bangalore,Medicines,335,200,Warehouse_North,780,1
2024-05-18,5,5,Chennai,Electronics,76,8500,Warehouse_West,723,4
2024-05-18,5,5,Chennai,Groceries,364,150,Warehouse_South,270,1
2024-05-18,5,5,Chennai,Clothing,152,800,Warehouse_West,202,1
2024-05-18,5,5,Chennai,Furniture,35,12000,Warehouse_North,697,2
2024-05-18,5,5,Chennai,Medicines,300,200,Warehouse_South,433,1
2024-05-18,5,5,Pune,Electronics,67,8500,Warehouse_South,445,3
2024-05-18,5,5,Pune,Groceries,350,150,Warehouse_North,987,3
2024-05-18,5,5,Pune,Clothing,137,800,Warehouse_West,728,3
2024-05-18,5,5,Pune,Furniture,28,12000,Warehouse_West,469,3
2024-05-18,5,5,Pune,Medicines,204,200,Warehouse_South,564,1
2024-05-18,5,5,Hyderabad,Electronics,71,8500,Warehouse_South,828,2
2024-05-18,5,5,Hyderabad,Groceries,332,150,Warehouse_West,840,1
2024-05-18,5,5,Hyderabad,Clothing,140,800,Warehouse_West,226,3
2024-05-18,5,5,Hyderabad,Furniture,29,12000,Warehouse_North,728,1
2024-05-18,5,5,Hyderabad,Medicines,237,200,Warehouse_South,812,2
2024-05-19,6,5,Mumbai,Electronics,116,8500,Warehouse_North,301,3
2024-05-19,6,5,Mumbai,Groceries,517,150,Warehouse_South,482,2
2024-05-19,6,5,Mumbai,Clothing,209,800,Warehouse_West,742,4
2024-05-19,6,5,Mumbai,Furniture,54,12000,Warehouse_North,900,1
2024-05-19,6,5,Mumbai,Medicines,377,200,Warehouse_South,578,2
2024-05-19,6,5,Delhi,Electronics,106,8500,Warehouse_South,423,3
2024-05-19,6,5,Delhi,Groceries,449,150,Warehouse_North,598,4
2024-05-19,6,5,Delhi,Clothing,176,800,Warehouse_South,897,2
2024-05-19,6,5,Delhi,Furniture,46,12000,Warehouse_West,350,4
2024-05-19,6,5,Delhi,Medicines,347,200,Warehouse_North,666,2
2024-05-19,6,5,Bangalore,Electronics,90,8500,Warehouse_West,355,3
2024-05-19,6,5,Bangalore,Groceries,493,150,Warehouse_South,985,3
2024-05-19,6,5,Bangalore,Clothing,167,800,Warehouse_South,248,3
2024-05-19,6,5,Bangalore,Furniture,41,12000,Warehouse_West,784,4
2024-05-19,6,5,Bangalore,Medicines,323,200,Warehouse_North,956,1
2024-05-19,6,5,Chennai,Electronics,75,8500,Warehouse_West,358,2
2024-05-19,6,5,Chennai,Groceries,349,150,Warehouse_West,718,4
2024-05-19,6,5,Chennai,Clothing,185,800,Warehouse_North,458,3
2024-05-19,6,5,Chennai,Furniture,33,12000,Warehouse_West,398,3
2024-05-19,6,5,Chennai,Medicines,263,200,Warehouse_South,702,2
2024-05-19,6,5,Pune,Electronics,77,8500,Warehouse_North,737,3
2024-05-19,6,5,Pune,Groceries,332,150,Warehouse_West,751,4
2024-05-19,6,5,Pune,Clothing,126,800,Warehouse_West,732,3
2024-05-19,6,5,Pune,Furniture,37,12000,Warehouse_West,446,3
2024-05-19,6,5,Pune,Medicines,266,200,Warehouse_North,872,2
2024-05-19,6,5,Hyderabad,Electronics,78,8500,Warehouse_West,486,1
2024-05-19,6,5,Hyderabad,Groceries,381,150,Warehouse_West,233,2
2024-05-19,6,5,Hyderabad,Clothing,147,800,Warehouse_South,565,1
2024-05-19,6,5,Hyderabad,Furniture,33,12000,Warehouse_North,486,2
2024-05-19,6,5,Hyderabad,Medicines,245,200,Warehouse_South,218,1
2024-05-20,0,5,Mumbai,Electronics,82,8500,Warehouse_West,611,2
2024-05-20,0,5,Mumbai,Groceries,423,150,Warehouse_West,697,4
2024-05-20,0,5,Mumbai,Clothing,156,800,Warehouse_West,593,1
2024-05-20,0,5,Mumbai,Furniture,35,12000,Warehouse_North,726,3
2024-05-20,0,5,Mumbai,Medicines,264,200,Warehouse_North,433,1
2024-05-20,0,5,Delhi,Electronics,78,8500,Warehouse_South,519,4
2024-05-20,0,5,Delhi,Groceries,339,150,Warehouse_North,849,4
2024-05-20,0,5,Delhi,Clothing,146,800,Warehouse_South,400,2
2024-05-20,0,5,Delhi,Furniture,35,12000,Warehouse_West,858,3
2024-05-20,0,5,Delhi,Medicines,241,200,Warehouse_South,845,3
2024-05-20,0,5,Bangalore,Electronics,77,8500,Warehouse_North,252,2
2024-05-20,0,5,Bangalore,Groceries,352,150,Warehouse_South,222,4
2024-05-20,0,5,Bangalore,Clothing,114,800,Warehouse_West,223,1
2024-05-20,0,5,Bangalore,Furniture,25,12000,Warehouse_North,373,4
2024-05-20,0,5,Bangalore,Medicines,239,200,Warehouse_West,541,4
2024-05-20,0,5,Chennai,Electronics,69,8500,Warehouse_West,637,4
2024-05-20,0,5,Chennai,Groceries,248,150,Warehouse_North,758,4
2024-05-20,0,5,Chennai,Clothing,95,800,Warehouse_North,301,4
2024-05-20,0,5,Chennai,Furniture,23,12000,Warehouse_North,233,4
2024-05-20,0,5,Chennai,Medicines,173,200,Warehouse_North,788,4
2024-05-20,0,5,Pune,Electronics,53,8500,Warehouse_South,679,1
2024-05-20,0,5,Pune,Groceries,214,150,Warehouse_North,450,3
2024-05-20,0,5,Pune,Clothing,92,800,Warehouse_North,823,1
2024-05-20,0,5,Pune,Furniture,26,12000,Warehouse_North,345,4
2024-05-20,0,5,Pune,Medicines,216,200,Warehouse_North,686,3
2024-05-20,0,5,Hyderabad,Electronics,50,8500,Warehouse_North,456,1
2024-05-20,0,5,Hyderabad,Groceries,230,150,Warehouse_North,459,3
2024-05-20,0,5,Hyderabad,Clothing,97,800,Warehouse_North,997,3
2024-05-20,0,5,Hyderabad,Furniture,24,12000,Warehouse_South,450,4
2024-05-20,0,5,Hyderabad,Medicines,149,200,Warehouse_South,608,3
2024-05-21,1,5,Mumbai,Electronics,80,8500,Warehouse_West,913,2
2024-05-21,1,5,Mumbai,Groceries,354,150,Warehouse_West,445,2
2024-05-21,1,5,Mumbai,Clothing,176,800,Warehouse_South,778,4
2024-05-21,1,5,Mumbai,Furniture,34,12000,Warehouse_South,575,2
2024-05-21,1,5,Mumbai,Medicines,280,200,Warehouse_West,672,2
2024-05-21,1,5,Delhi,Electronics,73,8500,Warehouse_North,342,4
2024-05-21,1,5,Delhi,Groceries,376,150,Warehouse_North,435,1
2024-05-21,1,5,Delhi,Clothing,143,800,Warehouse_North,832,2
2024-05-21,1,5,Delhi,Furniture,34,12000,Warehouse_West,603,4
2024-05-21,1,5,Delhi,Medicines,278,200,Warehouse_North,230,2
2024-05-21,1,5,Bangalore,Electronics,72,8500,Warehouse_South,850,2
2024-05-21,1,5,Bangalore,Groceries,360,150,Warehouse_West,755,2
2024-05-21,1,5,Bangalore,Clothing,118,800,Warehouse_North,766,2
2024-05-21,1,5,Bangalore,Furniture,29,12000,Warehouse_North,328,4
2024-05-21,1,5,Bangalore,Medicines,214,200,Warehouse_West,654,1
2024-05-21,1,5,Chennai,Electronics,58,8500,Warehouse_West,823,1
2024-05-21,1,5,Chennai,Groceries,325,150,Warehouse_North,459,3
2024-05-21,1,5,Chennai,Clothing,95,800,Warehouse_West,464,4
2024-05-21,1,5,Chennai,Furniture,22,12000,Warehouse_West,328,3
2024-05-21,1,5,Chennai,Medicines,185,200,Warehouse_North,665,2
2024-05-21,1,5,Pune,Electronics,54,8500,Warehouse_South,772,3
2024-05-21,1,5,Pune,Groceries,251,150,Warehouse_West,778,2
2024-05-21,1,5,Pune,Clothing,91,800,Warehouse_West,259,3
2024-05-21,1,5,Pune,Furniture,21,12000,Warehouse_West,491,1
2024-05-21,1,5,Pune,Medicines,199,200,Warehouse_West,660,4
2024-05-21,1,5,Hyderabad,Electronics,49,8500,Warehouse_North,673,1
2024-05-21,1,5,Hyderabad,Groceries,288,150,Warehouse_West,614,4
2024-05-21,1,5,Hyderabad,Clothing,113,800,Warehouse_North,604,1
2024-05-21,1,5,Hyderabad,Furniture,27,12000,Warehouse_South,643,2
2024-05-21,1,5,Hyderabad,Medicines,181,200,Warehouse_North,998,3
2024-05-22,2,5,Mumbai,Electronics,84,8500,Warehouse_South,507,3
2024-05-22,2,5,Mumbai,Groceries,391,150,Warehouse_South,346,2
2024-05-22,2,5,Mumbai,Clothing,166,800,Warehouse_North,962,2
2024-05-22,2,5,Mumbai,Furniture,35,12000,Warehouse_West,761,1
2024-05-22,2,5,Mumbai,Medicines,282,200,Warehouse_West,931,2
2024-05-22,2,5,Delhi,Electronics,85,8500,Warehouse_South,219,1
2024-05-22,2,5,Delhi,Groceries,344,150,Warehouse_North,201,1
2024-05-22,2,5,Delhi,Clothing,138,800,Warehouse_North,367,4
2024-05-22,2,5,Delhi,Furniture,32,12000,Warehouse_South,905,4
2024-05-22,2,5,Delhi,Medicines,206,200,Warehouse_South,636,3
2024-05-22,2,5,Bangalore,Electronics,77,8500,Warehouse_North,646,2
2024-05-22,2,5,Bangalore,Groceries,252,150,Warehouse_West,398,1
2024-05-22,2,5,Bangalore,Clothing,118,800,Warehouse_North,705,3
2024-05-22,2,5,Bangalore,Furniture,29,12000,Warehouse_South,479,1
2024-05-22,2,5,Bangalore,Medicines,249,200,Warehouse_North,341,4
2024-05-22,2,5,Chennai,Electronics,76,8500,Warehouse_South,879,3
2024-05-22,2,5,Chennai,Groceries,281,150,Warehouse_South,554,2
2024-05-22,2,5,Chennai,Clothing,92,800,Warehouse_West,528,3
2024-05-22,2,5,Chennai,Furniture,27,12000,Warehouse_West,339,3
2024-05-22,2,5,Chennai,Medicines,170,200,Warehouse_North,453,4
2024-05-22,2,5,Pune,Electronics,56,8500,Warehouse_South,780,3
2024-05-22,2,5,Pune,Groceries,204,150,Warehouse_North,957,4
2024-05-22,2,5,Pune,Clothing,86,800,Warehouse_West,681,4
2024-05-22,2,5,Pune,Furniture,23,12000,Warehouse_South,798,4
2024-05-22,2,5,Pune,Medicines,162,200,Warehouse_North,216,3
2024-05-22,2,5,Hyderabad,Electronics,59,8500,Warehouse_South,593,2
2024-05-22,2,5,Hyderabad,Groceries,243,150,Warehouse_West,762,2
2024-05-22,2,5,Hyderabad,Clothing,82,800,Warehouse_North,444,4
2024-05-22,2,5,Hyderabad,Furniture,23,12000,Warehouse_West,803,2
2024-05-22,2,5,Hyderabad,Medicines,167,200,Warehouse_North,345,2
2024-05-23,3,5,Mumbai,Electronics,87,8500,Warehouse_North,351,1
2024-05-23,3,5,Mumbai,Groceries,374,150,Warehouse_South,356,4
2024-05-23,3,5,Mumbai,Clothing,162,800,Warehouse_West,276,1
2024-05-23,3,5,Mumbai,Furniture,31,12000,Warehouse_South,749,2
2024-05-23,3,5,Mumbai,Medicines,270,200,Warehouse_North,509,2
2024-05-23,3,5,Delhi,Electronics,66,8500,Warehouse_North,970,4
2024-05-23,3,5,Delhi,Groceries,323,150,Warehouse_West,883,1
2024-05-23,3,5,Delhi,Clothing,146,800,Warehouse_South,264,1
2024-05-23,3,5,Delhi,Furniture,35,12000,Warehouse_North,580,1
2024-05-23,3,5,Delhi,Medicines,236,200,Warehouse_South,902,1
2024-05-23,3,5,Bangalore,Electronics,59,8500,Warehouse_West,251,2
2024-05-23,3,5,Bangalore,Groceries,312,150,Warehouse_South,562,3
2024-05-23,3,5,Bangalore,Clothing,131,800,Warehouse_South,205,2
2024-05-23,3,5,Bangalore,Furniture,29,12000,Warehouse_South,891,1
2024-05-23,3,5,Bangalore,Medicines,255,200,Warehouse_North,983,4
2024-05-23,3,5,Chennai,Electronics,62,8500,Warehouse_North,911,2
2024-05-23,3,5,Chennai,Groceries,271,150,Warehouse_West,424,4
2024-05-23,3,5,Chennai,Clothing,107,800,Warehouse_West,753,4
2024-05-23,3,5,Chennai,Furniture,28,12000,Warehouse_North,741,1
2024-05-23,3,5,Chennai,Medicines,187,200,Warehouse_West,369,2
2024-05-23,3,5,Pune,Electronics,61,8500,Warehouse_West,430,2
2024-05-23,3,5,Pune,Groceries,268,150,Warehouse_North,311,4
2024-05-23,3,5,Pune,Clothing,89,800,Warehouse_West,946,3
2024-05-23,3,5,Pune,Furniture,31,12000,Warehouse_South,275,3
2024-05-23,3,5,Pune,Medicines,173,200,Warehouse_West,571,1
2024-05-23,3,5,Hyderabad,Electronics,49,8500,Warehouse_South,506,4
2024-05-23,3,5,Hyderabad,Groceries,222,150,Warehouse_South,970,3
2024-05-23,3,5,Hyderabad,Clothing,85,800,Warehouse_West,996,2
2024-05-23,3,5,Hyderabad,Furniture,22,12000,Warehouse_North,287,3
2024-05-23,3,5,Hyderabad,Medicines,158,200,Warehouse_South,586,3
2024-05-24,4,5,Mumbai,Electronics,82,8500,Warehouse_North,996,2
2024-05-24,4,5,Mumbai,Groceries,380,150,Warehouse_West,832,2
2024-05-24,4,5,Mumbai,Clothing,161,800,Warehouse_North,213,4
2024-05-24,4,5,Mumbai,Furniture,35,12000,Warehouse_North,991,3
2024-05-24,4,5,Mumbai,Medicines,247,200,Warehouse_South,250,4
2024-05-24,4,5,Delhi,Electronics,70,8500,Warehouse_West,583,3
2024-05-24,4,5,Delhi,Groceries,310,150,Warehouse_North,721,1
2024-05-24,4,5,Delhi,Clothing,149,800,Warehouse_North,511,2
2024-05-24,4,5,Delhi,Furniture,37,12000,Warehouse_West,501,4
2024-05-24,4,5,Delhi,Medicines,255,200,Warehouse_South,420,3
2024-05-24,4,5,Bangalore,Electronics,77,8500,Warehouse_North,715,1
2024-05-24,4,5,Bangalore,Groceries,336,150,Warehouse_South,545,4
2024-05-24,4,5,Bangalore,Clothing,112,800,Warehouse_North,244,2
2024-05-24,4,5,Bangalore,Furniture,30,12000,Warehouse_North,753,1
2024-05-24,4,5,Bangalore,Medicines,245,200,Warehouse_South,427,2
2024-05-24,4,5,Chennai,Electronics,60,8500,Warehouse_West,621,3
2024-05-24,4,5,Chennai,Groceries,286,150,Warehouse_South,655,3
2024-05-24,4,5,Chennai,Clothing,90,800,Warehouse_North,398,3
2024-05-24,4,5,Chennai,Furniture,29,12000,Warehouse_North,676,2
2024-05-24,4,5,Chennai,Medicines,198,200,Warehouse_North,511,4
2024-05-24,4,5,Pune,Electronics,47,8500,Warehouse_North,297,3
2024-05-24,4,5,Pune,Groceries,192,150,Warehouse_North,429,4
2024-05-24,4,5,Pune,Clothing,109,800,Warehouse_South,559,3
2024-05-24,4,5,Pune,Furniture,20,12000,Warehouse_North,218,2
2024-05-24,4,5,Pune,Medicines,173,200,Warehouse_South,357,2
2024-05-24,4,5,Hyderabad,Electronics,44,8500,Warehouse_North,770,1
2024-05-24,4,5,Hyderabad,Groceries,208,150,Warehouse_North,628,4
2024-05-24,4,5,Hyderabad,Clothing,85,800,Warehouse_South,201,4
2024-05-24,4,5,Hyderabad,Furniture,27,12000,Warehouse_North,567,2
2024-05-24,4,5,Hyderabad,Medicines,145,200,Warehouse_South,375,1
2024-05-25,5,5,Mumbai,Electronics,120,8500,Warehouse_South,560,2
2024-05-25,5,5,Mumbai,Groceries,575,150,Warehouse_North,463,2
2024-05-25,5,5,Mumbai,Clothing,212,800,Warehouse_South,397,1
2024-05-25,5,5,Mumbai,Furniture,50,12000,Warehouse_West,620,1
2024-05-25,5,5,Mumbai,Medicines,367,200,Warehouse_North,642,1
2024-05-25,5,5,Delhi,Electronics,116,8500,Warehouse_South,674,4
2024-05-25,5,5,Delhi,Groceries,436,150,Warehouse_North,339,1
2024-05-25,5,5,Delhi,Clothing,179,800,Warehouse_West,592,2
2024-05-25,5,5,Delhi,Furniture,45,12000,Warehouse_North,211,3
2024-05-25,5,5,Delhi,Medicines,381,200,Warehouse_West,214,4
2024-05-25,5,5,Bangalore,Electronics,94,8500,Warehouse_South,704,2
2024-05-25,5,5,Bangalore,Groceries,370,150,Warehouse_West,536,3
2024-05-25,5,5,Bangalore,Clothing,171,800,Warehouse_North,481,2
2024-05-25,5,5,Bangalore,Furniture,46,12000,Warehouse_North,296,1
2024-05-25,5,5,Bangalore,Medicines,329,200,Warehouse_North,880,3
2024-05-25,5,5,Chennai,Electronics,95,8500,Warehouse_North,886,1
2024-05-25,5,5,Chennai,Groceries,386,150,Warehouse_West,930,2
2024-05-25,5,5,Chennai,Clothing,142,800,Warehouse_North,465,1
2024-05-25,5,5,Chennai,Furniture,35,12000,Warehouse_South,640,2
2024-05-25,5,5,Chennai,Medicines,267,200,Warehouse_South,943,1
2024-05-25,5,5,Pune,Electronics,73,8500,Warehouse_North,309,1
2024-05-25,5,5,Pune,Groceries,350,150,Warehouse_North,290,4
2024-05-25,5,5,Pune,Clothing,140,800,Warehouse_North,884,3
2024-05-25,5,5,Pune,Furniture,34,12000,Warehouse_South,497,1
2024-05-25,5,5,Pune,Medicines,256,200,Warehouse_West,540,2
2024-05-25,5,5,Hyderabad,Electronics,77,8500,Warehouse_South,342,2
2024-05-25,5,5,Hyderabad,Groceries,352,150,Warehouse_West,227,4
2024-05-25,5,5,Hyderabad,Clothing,148,800,Warehouse_West,690,4
2024-05-25,5,5,Hyderabad,Furniture,31,12000,Warehouse_South,830,3
2024-05-25,5,5,Hyderabad,Medicines,255,200,Warehouse_North,623,4
2024-05-26,6,5,Mumbai,Electronics,122,8500,Warehouse_West,607,1
2024-05-26,6,5,Mumbai,Groceries,482,150,Warehouse_South,425,4
2024-05-26,6,5,Mumbai,Clothing,196,800,Warehouse_South,404,3
2024-05-26,6,5,Mumbai,Furniture,52,12000,Warehouse_North,302,2
2024-05-26,6,5,Mumbai,Medicines,367,200,Warehouse_North,355,4
2024-05-26,6,5,Delhi,Electronics,105,8500,Warehouse_South,717,2
2024-05-26,6,5,Delhi,Groceries,482,150,Warehouse_West,525,2
2024-05-26,6,5,Delhi,Clothing,197,800,Warehouse_West,375,1
2024-05-26,6,5,Delhi,Furniture,47,12000,Warehouse_South,602,2
2024-05-26,6,5,Delhi,Medicines,358,200,Warehouse_West,528,3
2024-05-26,6,5,Bangalore,Electronics,111,8500,Warehouse_North,444,3
2024-05-26,6,5,Bangalore,Groceries,416,150,Warehouse_North,971,1
2024-05-26,6,5,Bangalore,Clothing,190,800,Warehouse_North,327,3
2024-05-26,6,5,Bangalore,Furniture,42,12000,Warehouse_South,383,3
2024-05-26,6,5,Bangalore,Medicines,315,200,Warehouse_South,821,1
2024-05-26,6,5,Chennai,Electronics,83,8500,Warehouse_South,453,3
2024-05-26,6,5,Chennai,Groceries,335,150,Warehouse_South,921,4
2024-05-26,6,5,Chennai,Clothing,161,800,Warehouse_West,290,1
2024-05-26,6,5,Chennai,Furniture,35,12000,Warehouse_North,934,3
2024-05-26,6,5,Chennai,Medicines,265,200,Warehouse_South,655,3
2024-05-26,6,5,Pune,Electronics,83,8500,Warehouse_West,939,3
2024-05-26,6,5,Pune,Groceries,367,150,Warehouse_West,531,2
2024-05-26,6,5,Pune,Clothing,132,800,Warehouse_West,241,1
2024-05-26,6,5,Pune,Furniture,35,12000,Warehouse_West,588,1
2024-05-26,6,5,Pune,Medicines,279,200,Warehouse_South,942,2
2024-05-26,6,5,Hyderabad,Electronics,72,8500,Warehouse_South,320,2
2024-05-26,6,5,Hyderabad,Groceries,328,150,Warehouse_West,379,1
2024-05-26,6,5,Hyderabad,Clothing,138,800,Warehouse_West,218,2
2024-05-26,6,5,Hyderabad,Furniture,32,12000,Warehouse_North,291,2
2024-05-26,6,5,Hyderabad,Medicines,235,200,Warehouse_North,278,2
2024-05-27,0,5,Mumbai,Electronics,78,8500,Warehouse_North,867,4
2024-05-27,0,5,Mumbai,Groceries,398,150,Warehouse_South,667,1
2024-05-27,0,5,Mumbai,Clothing,158,800,Warehouse_South,563,3
2024-05-27,0,5,Mumbai,Furniture,30,12000,Warehouse_West,910,1
2024-05-27,0,5,Mumbai,Medicines,264,200,Warehouse_South,274,4
2024-05-27,0,5,Delhi,Electronics,65,8500,Warehouse_South,471,3
2024-05-27,0,5,Delhi,Groceries,290,150,Warehouse_West,899,3
2024-05-27,0,5,Delhi,Clothing,143,800,Warehouse_West,329,4
2024-05-27,0,5,Delhi,Furniture,38,12000,Warehouse_North,694,2
2024-05-27,0,5,Delhi,Medicines,224,200,Warehouse_South,277,2
2024-05-27,0,5,Bangalore,Electronics,62,8500,Warehouse_North,880,4
2024-05-27,0,5,Bangalore,Groceries,260,150,Warehouse_West,674,3
2024-05-27,0,5,Bangalore,Clothing,135,800,Warehouse_North,962,2
2024-05-27,0,5,Bangalore,Furniture,36,12000,Warehouse_West,493,1
2024-05-27,0,5,Bangalore,Medicines,231,200,Warehouse_North,794,3
2024-05-27,0,5,Chennai,Electronics,49,8500,Warehouse_North,342,1
2024-05-27,0,5,Chennai,Groceries,309,150,Warehouse_South,490,1
2024-05-27,0,5,Chennai,Clothing,93,800,Warehouse_West,855,4
2024-05-27,0,5,Chennai,Furniture,25,12000,Warehouse_North,467,4
2024-05-27,0,5,Chennai,Medicines,214,200,Warehouse_North,595,1
2024-05-27,0,5,Pune,Electronics,52,8500,Warehouse_South,622,1
2024-05-27,0,5,Pune,Groceries,211,150,Warehouse_North,322,2
2024-05-27,0,5,Pune,Clothing,99,800,Warehouse_West,846,4
2024-05-27,0,5,Pune,Furniture,27,12000,Warehouse_South,929,4
2024-05-27,0,5,Pune,Medicines,208,200,Warehouse_North,646,4
2024-05-27,0,5,Hyderabad,Electronics,62,8500,Warehouse_South,929,1
2024-05-27,0,5,Hyderabad,Groceries,243,150,Warehouse_West,269,4
2024-05-27,0,5,Hyderabad,Clothing,119,800,Warehouse_West,946,4
2024-05-27,0,5,Hyderabad,Furniture,27,12000,Warehouse_South,947,4
2024-05-27,0,5,Hyderabad,Medicines,215,200,Warehouse_West,760,2
2024-05-28,1,5,Mumbai,Electronics,78,8500,Warehouse_North,228,4
2024-05-28,1,5,Mumbai,Groceries,380,150,Warehouse_North,478,3
2024-05-28,1,5,Mumbai,Clothing,139,800,Warehouse_South,308,4
2024-05-28,1,5,Mumbai,Furniture,37,12000,Warehouse_South,433,2
2024-05-28,1,5,Mumbai,Medicines,333,200,Warehouse_South,606,1
2024-05-28,1,5,Delhi,Electronics,84,8500,Warehouse_North,719,1
2024-05-28,1,5,Delhi,Groceries,328,150,Warehouse_South,757,2
2024-05-28,1,5,Delhi,Clothing,128,800,Warehouse_South,355,1
2024-05-28,1,5,Delhi,Furniture,39,12000,Warehouse_South,858,3
2024-05-28,1,5,Delhi,Medicines,248,200,Warehouse_South,468,1
2024-05-28,1,5,Bangalore,Electronics,64,8500,Warehouse_North,823,3
2024-05-28,1,5,Bangalore,Groceries,266,150,Warehouse_South,662,1
2024-05-28,1,5,Bangalore,Clothing,99,800,Warehouse_West,437,2
2024-05-28,1,5,Bangalore,Furniture,28,12000,Warehouse_South,681,3
2024-05-28,1,5,Bangalore,Medicines,265,200,Warehouse_North,998,1
2024-05-28,1,5,Chennai,Electronics,59,8500,Warehouse_West,854,4
2024-05-28,1,5,Chennai,Groceries,320,150,Warehouse_West,841,3
2024-05-28,1,5,Chennai,Clothing,86,800,Warehouse_West,413,1
2024-05-28,1,5,Chennai,Furniture,28,12000,Warehouse_West,437,3
2024-05-28,1,5,Chennai,Medicines,197,200,Warehouse_South,820,1
2024-05-28,1,5,Pune,Electronics,50,8500,Warehouse_West,635,2
2024-05-28,1,5,Pune,Groceries,222,150,Warehouse_West,551,2
2024-05-28,1,5,Pune,Clothing,82,800,Warehouse_North,679,3
2024-05-28,1,5,Pune,Furniture,22,12000,Warehouse_North,837,2
2024-05-28,1,5,Pune,Medicines,165,200,Warehouse_North,378,2
2024-05-28,1,5,Hyderabad,Electronics,46,8500,Warehouse_West,792,2
2024-05-28,1,5,Hyderabad,Groceries,233,150,Warehouse_West,246,3
2024-05-28,1,5,Hyderabad,Clothing,83,800,Warehouse_South,607,2
2024-05-28,1,5,Hyderabad,Furniture,27,12000,Warehouse_West,620,1
2024-05-28,1,5,Hyderabad,Medicines,194,200,Warehouse_North,910,4
2024-05-29,2,5,Mumbai,Electronics,71,8500,Warehouse_North,415,4
2024-05-29,2,5,Mumbai,Groceries,401,150,Warehouse_West,297,4
2024-05-29,2,5,Mumbai,Clothing,157,800,Warehouse_West,441,2
2024-05-29,2,5,Mumbai,Furniture,38,12000,Warehouse_West,965,4
2024-05-29,2,5,Mumbai,Medicines,259,200,Warehouse_West,982,1
2024-05-29,2,5,Delhi,Electronics,78,8500,Warehouse_North,286,1
2024-05-29,2,5,Delhi,Groceries,334,150,Warehouse_North,943,4
2024-05-29,2,5,Delhi,Clothing,152,800,Warehouse_South,334,1
2024-05-29,2,5,Delhi,Furniture,37,12000,Warehouse_South,458,4
2024-05-29,2,5,Delhi,Medicines,258,200,Warehouse_North,994,3
2024-05-29,2,5,Bangalore,Electronics,69,8500,Warehouse_West,472,2
2024-05-29,2,5,Bangalore,Groceries,331,150,Warehouse_West,682,2
2024-05-29,2,5,Bangalore,Clothing,113,800,Warehouse_North,696,3
2024-05-29,2,5,Bangalore,Furniture,28,12000,Warehouse_North,610,1
2024-05-29,2,5,Bangalore,Medicines,205,200,Warehouse_South,853,2
2024-05-29,2,5,Chennai,Electronics,62,8500,Warehouse_South,736,4
2024-05-29,2,5,Chennai,Groceries,263,150,Warehouse_South,592,2
2024-05-29,2,5,Chennai,Clothing,111,800,Warehouse_West,533,1
2024-05-29,2,5,Chennai,Furniture,23,12000,Warehouse_South,655,4
2024-05-29,2,5,Chennai,Medicines,174,200,Warehouse_West,265,4
2024-05-29,2,5,Pune,Electronics,61,8500,Warehouse_West,385,4
2024-05-29,2,5,Pune,Groceries,232,150,Warehouse_South,890,1
2024-05-29,2,5,Pune,Clothing,114,800,Warehouse_North,775,3
2024-05-29,2,5,Pune,Furniture,20,12000,Warehouse_South,579,3
2024-05-29,2,5,Pune,Medicines,126,200,Warehouse_North,926,4
2024-05-29,2,5,Hyderabad,Electronics,49,8500,Warehouse_North,280,2
2024-05-29,2,5,Hyderabad,Groceries,288,150,Warehouse_West,672,4
2024-05-29,2,5,Hyderabad,Clothing,79,800,Warehouse_West,799,1
2024-05-29,2,5,Hyderabad,Furniture,23,12000,Warehouse_West,922,3
2024-05-29,2,5,Hyderabad,Medicines,184,200,Warehouse_North,257,4
2024-05-30,3,5,Mumbai,Electronics,92,8500,Warehouse_North,364,3
2024-05-30,3,5,Mumbai,Groceries,286,150,Warehouse_West,529,1
2024-05-30,3,5,Mumbai,Clothing,140,800,Warehouse_North,367,3
2024-05-30,3,5,Mumbai,Furniture,34,12000,Warehouse_South,986,3
2024-05-30,3,5,Mumbai,Medicines,276,200,Warehouse_South,319,3
2024-05-30,3,5,Delhi,Electronics,76,8500,Warehouse_West,559,1
2024-05-30,3,5,Delhi,Groceries,325,150,Warehouse_West,659,4
2024-05-30,3,5,Delhi,Clothing,134,800,Warehouse_West,916,2
2024-05-30,3,5,Delhi,Furniture,35,12000,Warehouse_South,237,3
2024-05-30,3,5,Delhi,Medicines,312,200,Warehouse_West,820,1
2024-05-30,3,5,Bangalore,Electronics,64,8500,Warehouse_West,954,4
2024-05-30,3,5,Bangalore,Groceries,282,150,Warehouse_South,867,3
2024-05-30,3,5,Bangalore,Clothing,121,800,Warehouse_South,311,4
2024-05-30,3,5,Bangalore,Furniture,29,12000,Warehouse_North,621,1
2024-05-30,3,5,Bangalore,Medicines,248,200,Warehouse_South,420,1
2024-05-30,3,5,Chennai,Electronics,52,8500,Warehouse_South,546,1
2024-05-30,3,5,Chennai,Groceries,266,150,Warehouse_North,714,3
2024-05-30,3,5,Chennai,Clothing,114,800,Warehouse_West,311,2
2024-05-30,3,5,Chennai,Furniture,28,12000,Warehouse_North,415,1
2024-05-30,3,5,Chennai,Medicines,184,200,Warehouse_North,579,2
2024-05-30,3,5,Pune,Electronics,58,8500,Warehouse_West,623,2
2024-05-30,3,5,Pune,Groceries,233,150,Warehouse_West,264,2
2024-05-30,3,5,Pune,Clothing,80,800,Warehouse_North,426,1
2024-05-30,3,5,Pune,Furniture,25,12000,Warehouse_North,587,1
2024-05-30,3,5,Pune,Medicines,186,200,Warehouse_West,951,2
2024-05-30,3,5,Hyderabad,Electronics,55,8500,Warehouse_West,617,1
2024-05-30,3,5,Hyderabad,Groceries,261,150,Warehouse_South,636,4
2024-05-30,3,5,Hyderabad,Clothing,112,800,Warehouse_West,492,4
2024-05-30,3,5,Hyderabad,Furniture,24,12000,Warehouse_South,926,4
2024-05-30,3,5,Hyderabad,Medicines,206,200,Warehouse_North,521,2
2024-05-31,4,5,Mumbai,Electronics,86,8500,Warehouse_West,288,4
2024-05-31,4,5,Mumbai,Groceries,348,150,Warehouse_North,281,1
2024-05-31,4,5,Mumbai,Clothing,138,800,Warehouse_West,712,1
2024-05-31,4,5,Mumbai,Furniture,33,12000,Warehouse_South,396,2
2024-05-31,4,5,Mumbai,Medicines,294,200,Warehouse_North,279,3
2024-05-31,4,5,Delhi,Electronics,58,8500,Warehouse_West,866,4
2024-05-31,4,5,Delhi,Groceries,346,150,Warehouse_North,837,1
2024-05-31,4,5,Delhi,Clothing,126,800,Warehouse_West,668,1
2024-05-31,4,5,Delhi,Furniture,29,12000,Warehouse_West,658,1
2024-05-31,4,5,Delhi,Medicines,281,200,Warehouse_North,289,4
2024-05-31,4,5,Bangalore,Electronics,60,8500,Warehouse_South,907,3
2024-05-31,4,5,Bangalore,Groceries,376,150,Warehouse_West,973,3
2024-05-31,4,5,Bangalore,Clothing,121,800,Warehouse_West,345,1
2024-05-31,4,5,Bangalore,Furniture,33,12000,Warehouse_West,433,2
2024-05-31,4,5,Bangalore,Medicines,223,200,Warehouse_South,710,3
2024-05-31,4,5,Chennai,Electronics,60,8500,Warehouse_South,415,1
2024-05-31,4,5,Chennai,Groceries,237,150,Warehouse_South,334,3
2024-05-31,4,5,Chennai,Clothing,93,800,Warehouse_West,246,4
2024-05-31,4,5,Chennai,Furniture,26,12000,Warehouse_West,598,4
2024-05-31,4,5,Chennai,Medicines,181,200,Warehouse_North,582,3
2024-05-31,4,5,Pune,Electronics,59,8500,Warehouse_South,544,2
2024-05-31,4,5,Pune,Groceries,235,150,Warehouse_South,961,3
2024-05-31,4,5,Pune,Clothing,103,800,Warehouse_South,296,2
2024-05-31,4,5,Pune,Furniture,19,12000,Warehouse_West,957,3
2024-05-31,4,5,Pune,Medicines,180,200,Warehouse_West,345,1
2024-05-31,4,5,Hyderabad,Electronics,71,8500,Warehouse_North,310,2
2024-05-31,4,5,Hyderabad,Groceries,264,150,Warehouse_South,848,3
2024-05-31,4,5,Hyderabad,Clothing,87,800,Warehouse_South,722,3
2024-05-31,4,5,Hyderabad,Furniture,23,12000,Warehouse_South,629,2
2024-05-31,4,5,Hyderabad,Medicines,193,200,Warehouse_North,332,1
2024-06-01,5,6,Mumbai,Electronics,120,8500,Warehouse_South,772,2
2024-06-01,5,6,Mumbai,Groceries,573,150,Warehouse_West,629,1
2024-06-01,5,6,Mumbai,Clothing,229,800,Warehouse_South,652,1
2024-06-01,5,6,Mumbai,Furniture,48,12000,Warehouse_West,369,2
2024-06-01,5,6,Mumbai,Medicines,388,200,Warehouse_South,400,4
2024-06-01,5,6,Delhi,Electronics,95,8500,Warehouse_North,501,2
2024-06-01,5,6,Delhi,Groceries,469,150,Warehouse_South,228,2
2024-06-01,5,6,Delhi,Clothing,184,800,Warehouse_North,637,3
2024-06-01,5,6,Delhi,Furniture,51,12000,Warehouse_West,335,1
2024-06-01,5,6,Delhi,Medicines,377,200,Warehouse_North,959,1
2024-06-01,5,6,Bangalore,Electronics,88,8500,Warehouse_South,332,2
2024-06-01,5,6,Bangalore,Groceries,443,150,Warehouse_West,988,2
2024-06-01,5,6,Bangalore,Clothing,163,800,Warehouse_West,829,2
2024-06-01,5,6,Bangalore,Furniture,44,12000,Warehouse_South,259,1
2024-06-01,5,6,Bangalore,Medicines,371,200,Warehouse_North,386,2
2024-06-01,5,6,Chennai,Electronics,69,8500,Warehouse_West,560,3
2024-06-01,5,6,Chennai,Groceries,351,150,Warehouse_North,329,3
2024-06-01,5,6,Chennai,Clothing,155,800,Warehouse_North,671,2
2024-06-01,5,6,Chennai,Furniture,35,12000,Warehouse_North,554,4
2024-06-01,5,6,Chennai,Medicines,300,200,Warehouse_West,857,4
2024-06-01,5,6,Pune,Electronics,89,8500,Warehouse_West,922,2
2024-06-01,5,6,Pune,Groceries,308,150,Warehouse_South,817,4
2024-06-01,5,6,Pune,Clothing,153,800,Warehouse_North,600,2
2024-06-01,5,6,Pune,Furniture,32,12000,Warehouse_North,803,4
2024-06-01,5,6,Pune,Medicines,221,200,Warehouse_South,890,3
2024-06-01,5,6,Hyderabad,Electronics,63,8500,Warehouse_North,519,4
2024-06-01,5,6,Hyderabad,Groceries,355,150,Warehouse_South,439,2
2024-06-01,5,6,Hyderabad,Clothing,138,800,Warehouse_South,842,4
2024-06-01,5,6,Hyderabad,Furniture,35,12000,Warehouse_West,593,3
2024-06-01,5,6,Hyderabad,Medicines,212,200,Warehouse_West,469,1
2024-06-02,6,6,Mumbai,Electronics,115,8500,Warehouse_South,365,1
2024-06-02,6,6,Mumbai,Groceries,538,150,Warehouse_South,538,1
2024-06-02,6,6,Mumbai,Clothing,195,800,Warehouse_North,493,2
2024-06-02,6,6,Mumbai,Furniture,49,12000,Warehouse_North,498,3
2024-06-02,6,6,Mumbai,Medicines,410,200,Warehouse_West,299,3
2024-06-02,6,6,Delhi,Electronics,97,8500,Warehouse_West,929,1
2024-06-02,6,6,Delhi,Groceries,480,150,Warehouse_South,920,2
2024-06-02,6,6,Delhi,Clothing,178,800,Warehouse_North,405,2
2024-06-02,6,6,Delhi,Furniture,49,12000,Warehouse_North,535,2
2024-06-02,6,6,Delhi,Medicines,334,200,Warehouse_South,427,3
2024-06-02,6,6,Bangalore,Electronics,107,8500,Warehouse_South,812,3
2024-06-02,6,6,Bangalore,Groceries,407,150,Warehouse_North,786,2
2024-06-02,6,6,Bangalore,Clothing,191,800,Warehouse_North,854,2
2024-06-02,6,6,Bangalore,Furniture,47,12000,Warehouse_North,998,3
2024-06-02,6,6,Bangalore,Medicines,322,200,Warehouse_North,414,4
2024-06-02,6,6,Chennai,Electronics,89,8500,Warehouse_South,272,3
2024-06-02,6,6,Chennai,Groceries,384,150,Warehouse_West,218,1
2024-06-02,6,6,Chennai,Clothing,159,800,Warehouse_West,571,4
2024-06-02,6,6,Chennai,Furniture,41,12000,Warehouse_South,280,2
2024-06-02,6,6,Chennai,Medicines,255,200,Warehouse_West,242,1
2024-06-02,6,6,Pune,Electronics,74,8500,Warehouse_North,255,3
2024-06-02,6,6,Pune,Groceries,340,150,Warehouse_West,766,2
2024-06-02,6,6,Pune,Clothing,129,800,Warehouse_South,639,3
2024-06-02,6,6,Pune,Furniture,35,12000,Warehouse_North,254,4
2024-06-02,6,6,Pune,Medicines,258,200,Warehouse_North,485,2
2024-06-02,6,6,Hyderabad,Electronics,76,8500,Warehouse_South,814,3
2024-06-02,6,6,Hyderabad,Groceries,316,150,Warehouse_North,475,1
2024-06-02,6,6,Hyderabad,Clothing,142,800,Warehouse_West,942,1
2024-06-02,6,6,Hyderabad,Furniture,24,12000,Warehouse_South,554,4
2024-06-02,6,6,Hyderabad,Medicines,244,200,Warehouse_North,661,1
2024-06-03,0,6,Mumbai,Electronics,84,8500,Warehouse_West,728,4
2024-06-03,0,6,Mumbai,Groceries,410,150,Warehouse_South,477,3
2024-06-03,0,6,Mumbai,Clothing,135,800,Warehouse_South,779,3
2024-06-03,0,6,Mumbai,Furniture,32,12000,Warehouse_South,890,1
2024-06-03,0,6,Mumbai,Medicines,244,200,Warehouse_West,922,4
2024-06-03,0,6,Delhi,Electronics,76,8500,Warehouse_North,708,4
2024-06-03,0,6,Delhi,Groceries,361,150,Warehouse_West,238,1
2024-06-03,0,6,Delhi,Clothing,101,800,Warehouse_West,906,2
2024-06-03,0,6,Delhi,Furniture,30,12000,Warehouse_South,381,3
2024-06-03,0,6,Delhi,Medicines,266,200,Warehouse_North,538,2
2024-06-03,0,6,Bangalore,Electronics,69,8500,Warehouse_South,692,3
2024-06-03,0,6,Bangalore,Groceries,317,150,Warehouse_West,459,3
2024-06-03,0,6,Bangalore,Clothing,120,800,Warehouse_South,788,3
2024-06-03,0,6,Bangalore,Furniture,30,12000,Warehouse_South,526,2
2024-06-03,0,6,Bangalore,Medicines,232,200,Warehouse_West,566,4
2024-06-03,0,6,Chennai,Electronics,67,8500,Warehouse_South,451,2
2024-06-03,0,6,Chennai,Groceries,301,150,Warehouse_West,321,4
2024-06-03,0,6,Chennai,Clothing,102,800,Warehouse_North,503,3
2024-06-03,0,6,Chennai,Furniture,26,12000,Warehouse_South,596,1
2024-06-03,0,6,Chennai,Medicines,154,200,Warehouse_West,200,1
2024-06-03,0,6,Pune,Electronics,54,8500,Warehouse_West,775,3
2024-06-03,0,6,Pune,Groceries,298,150,Warehouse_South,496,1
2024-06-03,0,6,Pune,Clothing,99,800,Warehouse_North,752,1
2024-06-03,0,6,Pune,Furniture,26,12000,Warehouse_South,809,4
2024-06-03,0,6,Pune,Medicines,132,200,Warehouse_North,782,1
2024-06-03,0,6,Hyderabad,Electronics,57,8500,Warehouse_West,810,3
2024-06-03,0,6,Hyderabad,Groceries,261,150,Warehouse_North,266,1
2024-06-03,0,6,Hyderabad,Clothing,102,800,Warehouse_South,513,1
2024-06-03,0,6,Hyderabad,Furniture,25,12000,Warehouse_South,729,4
2024-06-03,0,6,Hyderabad,Medicines,157,200,Warehouse_South,694,1
2024-06-04,1,6,Mumbai,Electronics,74,8500,Warehouse_South,401,3
2024-06-04,1,6,Mumbai,Groceries,372,150,Warehouse_North,870,4
2024-06-04,1,6,Mumbai,Clothing,147,800,Warehouse_South,677,4
2024-06-04,1,6,Mumbai,Furniture,39,12000,Warehouse_West,978,2
2024-06-04,1,6,Mumbai,Medicines,296,200,Warehouse_West,421,2
2024-06-04,1,6,Delhi,Electronics,87,8500,Warehouse_North,375,1
2024-06-04,1,6,Delhi,Groceries,292,150,Warehouse_West,697,1
2024-06-04,1,6,Delhi,Clothing,123,800,Warehouse_West,582,1
2024-06-04,1,6,Delhi,Furniture,33,12000,Warehouse_South,894,2
2024-06-04,1,6,Delhi,Medicines,254,200,Warehouse_North,315,2
2024-06-04,1,6,Bangalore,Electronics,76,8500,Warehouse_West,503,3
2024-06-04,1,6,Bangalore,Groceries,311,150,Warehouse_West,939,4
2024-06-04,1,6,Bangalore,Clothing,144,800,Warehouse_West,516,4
2024-06-04,1,6,Bangalore,Furniture,33,12000,Warehouse_West,217,3
2024-06-04,1,6,Bangalore,Medicines,245,200,Warehouse_North,322,2
2024-06-04,1,6,Chennai,Electronics,48,8500,Warehouse_West,646,1
2024-06-04,1,6,Chennai,Groceries,282,150,Warehouse_South,246,1
2024-06-04,1,6,Chennai,Clothing,119,800,Warehouse_West,615,3
2024-06-04,1,6,Chennai,Furniture,27,12000,Warehouse_West,831,1
2024-06-04,1,6,Chennai,Medicines,204,200,Warehouse_West,877,2
2024-06-04,1,6,Pune,Electronics,49,8500,Warehouse_West,978,3
2024-06-04,1,6,Pune,Groceries,231,150,Warehouse_North,400,2
2024-06-04,1,6,Pune,Clothing,97,800,Warehouse_West,332,3
2024-06-04,1,6,Pune,Furniture,26,12000,Warehouse_South,543,4
2024-06-04,1,6,Pune,Medicines,188,200,Warehouse_North,202,2
2024-06-04,1,6,Hyderabad,Electronics,56,8500,Warehouse_West,743,4
2024-06-04,1,6,Hyderabad,Groceries,246,150,Warehouse_North,308,3
2024-06-04,1,6,Hyderabad,Clothing,87,800,Warehouse_North,251,4
2024-06-04,1,6,Hyderabad,Furniture,26,12000,Warehouse_North,264,2
2024-06-04,1,6,Hyderabad,Medicines,151,200,Warehouse_North,457,2
2024-06-05,2,6,Mumbai,Electronics,76,8500,Warehouse_West,409,4
2024-06-05,2,6,Mumbai,Groceries,335,150,Warehouse_North,878,4
2024-06-05,2,6,Mumbai,Clothing,133,800,Warehouse_West,752,4
2024-06-05,2,6,Mumbai,Furniture,41,12000,Warehouse_North,990,1
2024-06-05,2,6,Mumbai,Medicines,304,200,Warehouse_North,500,2
2024-06-05,2,6,Delhi,Electronics,84,8500,Warehouse_North,349,3
2024-06-05,2,6,Delhi,Groceries,395,150,Warehouse_South,801,1
2024-06-05,2,6,Delhi,Clothing,139,800,Warehouse_West,260,4
2024-06-05,2,6,Delhi,Furniture,31,12000,Warehouse_South,893,3
2024-06-05,2,6,Delhi,Medicines,254,200,Warehouse_West,570,2
2024-06-05,2,6,Bangalore,Electronics,68,8500,Warehouse_West,742,3
2024-06-05,2,6,Bangalore,Groceries,331,150,Warehouse_South,690,1
2024-06-05,2,6,Bangalore,Clothing,127,800,Warehouse_West,583,2
2024-06-05,2,6,Bangalore,Furniture,31,12000,Warehouse_South,522,4
2024-06-05,2,6,Bangalore,Medicines,228,200,Warehouse_North,264,2
2024-06-05,2,6,Chennai,Electronics,57,8500,Warehouse_West,862,3
2024-06-05,2,6,Chennai,Groceries,221,150,Warehouse_South,332,1
2024-06-05,2,6,Chennai,Clothing,88,800,Warehouse_South,281,1
2024-06-05,2,6,Chennai,Furniture,27,12000,Warehouse_North,581,2
2024-06-05,2,6,Chennai,Medicines,220,200,Warehouse_South,794,3
2024-06-05,2,6,Pune,Electronics,54,8500,Warehouse_South,970,2
2024-06-05,2,6,Pune,Groceries,221,150,Warehouse_North,505,2
2024-06-05,2,6,Pune,Clothing,92,800,Warehouse_West,236,3
2024-06-05,2,6,Pune,Furniture,24,12000,Warehouse_North,940,1
2024-06-05,2,6,Pune,Medicines,169,200,Warehouse_North,387,4
2024-06-05,2,6,Hyderabad,Electronics,57,8500,Warehouse_South,687,2
2024-06-05,2,6,Hyderabad,Groceries,245,150,Warehouse_North,609,3
2024-06-05,2,6,Hyderabad,Clothing,91,800,Warehouse_South,683,4
2024-06-05,2,6,Hyderabad,Furniture,26,12000,Warehouse_South,383,1
2024-06-05,2,6,Hyderabad,Medicines,198,200,Warehouse_West,330,3
2024-06-06,3,6,Mumbai,Electronics,80,8500,Warehouse_South,590,3
2024-06-06,3,6,Mumbai,Groceries,344,150,Warehouse_West,850,3
2024-06-06,3,6,Mumbai,Clothing,141,800,Warehouse_South,395,2
2024-06-06,3,6,Mumbai,Furniture,34,12000,Warehouse_North,522,4
2024-06-06,3,6,Mumbai,Medicines,268,200,Warehouse_South,829,1
2024-06-06,3,6,Delhi,Electronics,79,8500,Warehouse_West,243,2
2024-06-06,3,6,Delhi,Groceries,261,150,Warehouse_North,266,1
2024-06-06,3,6,Delhi,Clothing,121,800,Warehouse_South,978,3
2024-06-06,3,6,Delhi,Furniture,32,12000,Warehouse_North,503,2
2024-06-06,3,6,Delhi,Medicines,290,200,Warehouse_West,647,1
2024-06-06,3,6,Bangalore,Electronics,77,8500,Warehouse_North,276,4
2024-06-06,3,6,Bangalore,Groceries,365,150,Warehouse_North,997,1
2024-06-06,3,6,Bangalore,Clothing,127,800,Warehouse_West,853,2
2024-06-06,3,6,Bangalore,Furniture,33,12000,Warehouse_West,845,2
2024-06-06,3,6,Bangalore,Medicines,242,200,Warehouse_South,642,2
2024-06-06,3,6,Chennai,Electronics,44,8500,Warehouse_West,203,4
2024-06-06,3,6,Chennai,Groceries,274,150,Warehouse_West,659,2
2024-06-06,3,6,Chennai,Clothing,99,800,Warehouse_South,633,4
2024-06-06,3,6,Chennai,Furniture,36,12000,Warehouse_South,927,1
2024-06-06,3,6,Chennai,Medicines,194,200,Warehouse_North,433,3
2024-06-06,3,6,Pune,Electronics,62,8500,Warehouse_South,937,2
2024-06-06,3,6,Pune,Groceries,236,150,Warehouse_West,782,1
2024-06-06,3,6,Pune,Clothing,90,800,Warehouse_South,663,4
2024-06-06,3,6,Pune,Furniture,28,12000,Warehouse_North,950,4
2024-06-06,3,6,Pune,Medicines,154,200,Warehouse_West,679,1
2024-06-06,3,6,Hyderabad,Electronics,52,8500,Warehouse_North,601,2
2024-06-06,3,6,Hyderabad,Groceries,222,150,Warehouse_West,302,2
2024-06-06,3,6,Hyderabad,Clothing,95,800,Warehouse_North,413,4
2024-06-06,3,6,Hyderabad,Furniture,25,12000,Warehouse_South,640,4
2024-06-06,3,6,Hyderabad,Medicines,152,200,Warehouse_West,564,4
2024-06-07,4,6,Mumbai,Electronics,82,8500,Warehouse_West,406,4
2024-06-07,4,6,Mumbai,Groceries,398,150,Warehouse_South,642,1
2024-06-07,4,6,Mumbai,Clothing,128,800,Warehouse_West,424,4
2024-06-07,4,6,Mumbai,Furniture,34,12000,Warehouse_North,919,1
2024-06-07,4,6,Mumbai,Medicines,290,200,Warehouse_West,909,2
2024-06-07,4,6,Delhi,Electronics,70,8500,Warehouse_West,718,4
2024-06-07,4,6,Delhi,Groceries,328,150,Warehouse_West,297,4
2024-06-07,4,6,Delhi,Clothing,134,800,Warehouse_North,610,2
2024-06-07,4,6,Delhi,Furniture,37,12000,Warehouse_South,836,1
2024-06-07,4,6,Delhi,Medicines,239,200,Warehouse_West,259,1
2024-06-07,4,6,Bangalore,Electronics,75,8500,Warehouse_North,969,1
2024-06-07,4,6,Bangalore,Groceries,303,150,Warehouse_South,688,1
2024-06-07,4,6,Bangalore,Clothing,126,800,Warehouse_North,999,2
2024-06-07,4,6,Bangalore,Furniture,30,12000,Warehouse_West,414,4
2024-06-07,4,6,Bangalore,Medicines,253,200,Warehouse_North,750,3
2024-06-07,4,6,Chennai,Electronics,70,8500,Warehouse_South,565,3
2024-06-07,4,6,Chennai,Groceries,288,150,Warehouse_North,641,3
2024-06-07,4,6,Chennai,Clothing,95,800,Warehouse_South,890,4
2024-06-07,4,6,Chennai,Furniture,26,12000,Warehouse_North,791,2
2024-06-07,4,6,Chennai,Medicines,239,200,Warehouse_West,588,4
2024-06-07,4,6,Pune,Electronics,58,8500,Warehouse_North,492,2
2024-06-07,4,6,Pune,Groceries,231,150,Warehouse_West,667,3
2024-06-07,4,6,Pune,Clothing,101,800,Warehouse_North,830,2
2024-06-07,4,6,Pune,Furniture,25,12000,Warehouse_South,973,3
2024-06-07,4,6,Pune,Medicines,179,200,Warehouse_North,648,3
2024-06-07,4,6,Hyderabad,Electronics,37,8500,Warehouse_South,663,1
2024-06-07,4,6,Hyderabad,Groceries,257,150,Warehouse_North,494,3
2024-06-07,4,6,Hyderabad,Clothing,87,800,Warehouse_South,914,2
2024-06-07,4,6,Hyderabad,Furniture,20,12000,Warehouse_South,341,2
2024-06-07,4,6,Hyderabad,Medicines,204,200,Warehouse_West,370,2
2024-06-08,5,6,Mumbai,Electronics,120,8500,Warehouse_West,261,3
2024-06-08,5,6,Mumbai,Groceries,491,150,Warehouse_West,332,4
2024-06-08,5,6,Mumbai,Clothing,190,800,Warehouse_West,505,2
2024-06-08,5,6,Mumbai,Furniture,47,12000,Warehouse_South,787,2
2024-06-08,5,6,Mumbai,Medicines,337,200,Warehouse_South,780,1
2024-06-08,5,6,Delhi,Electronics,113,8500,Warehouse_North,261,4
2024-06-08,5,6,Delhi,Groceries,418,150,Warehouse_West,653,2
2024-06-08,5,6,Delhi,Clothing,185,800,Warehouse_West,836,1
2024-06-08,5,6,Delhi,Furniture,41,12000,Warehouse_South,501,1
2024-06-08,5,6,Delhi,Medicines,363,200,Warehouse_North,231,3
2024-06-08,5,6,Bangalore,Electronics,94,8500,Warehouse_West,740,4
2024-06-08,5,6,Bangalore,Groceries,404,150,Warehouse_South,425,4
2024-06-08,5,6,Bangalore,Clothing,156,800,Warehouse_South,864,2
2024-06-08,5,6,Bangalore,Furniture,45,12000,Warehouse_West,805,2
2024-06-08,5,6,Bangalore,Medicines,338,200,Warehouse_West,846,2
2024-06-08,5,6,Chennai,Electronics,76,8500,Warehouse_North,335,4
2024-06-08,5,6,Chennai,Groceries,393,150,Warehouse_North,983,1
2024-06-08,5,6,Chennai,Clothing,144,800,Warehouse_South,331,4
2024-06-08,5,6,Chennai,Furniture,37,12000,Warehouse_North,357,4
2024-06-08,5,6,Chennai,Medicines,302,200,Warehouse_North,943,4
2024-06-08,5,6,Pune,Electronics,69,8500,Warehouse_South,279,2
2024-06-08,5,6,Pune,Groceries,321,150,Warehouse_North,532,3
2024-06-08,5,6,Pune,Clothing,132,800,Warehouse_West,477,1
2024-06-08,5,6,Pune,Furniture,33,12000,Warehouse_West,340,2
2024-06-08,5,6,Pune,Medicines,250,200,Warehouse_West,995,2
2024-06-08,5,6,Hyderabad,Electronics,83,8500,Warehouse_North,245,1
2024-06-08,5,6,Hyderabad,Groceries,370,150,Warehouse_South,570,1
2024-06-08,5,6,Hyderabad,Clothing,133,800,Warehouse_North,816,4
2024-06-08,5,6,Hyderabad,Furniture,32,12000,Warehouse_South,660,2
2024-06-08,5,6,Hyderabad,Medicines,229,200,Warehouse_North,773,3
2024-06-09,6,6,Mumbai,Electronics,112,8500,Warehouse_North,387,3
2024-06-09,6,6,Mumbai,Groceries,527,150,Warehouse_West,741,3
2024-06-09,6,6,Mumbai,Clothing,183,800,Warehouse_North,334,4
2024-06-09,6,6,Mumbai,Furniture,51,12000,Warehouse_West,641,3
2024-06-09,6,6,Mumbai,Medicines,363,200,Warehouse_West,695,4
2024-06-09,6,6,Delhi,Electronics,101,8500,Warehouse_South,532,1
2024-06-09,6,6,Delhi,Groceries,495,150,Warehouse_North,285,4
2024-06-09,6,6,Delhi,Clothing,181,800,Warehouse_South,469,3
2024-06-09,6,6,Delhi,Furniture,42,12000,Warehouse_North,366,4
2024-06-09,6,6,Delhi,Medicines,352,200,Warehouse_South,355,4
2024-06-09,6,6,Bangalore,Electronics,90,8500,Warehouse_South,539,2
2024-06-09,6,6,Bangalore,Groceries,408,150,Warehouse_South,349,4
2024-06-09,6,6,Bangalore,Clothing,179,800,Warehouse_South,713,1
2024-06-09,6,6,Bangalore,Furniture,43,12000,Warehouse_West,718,3
2024-06-09,6,6,Bangalore,Medicines,364,200,Warehouse_South,786,3
2024-06-09,6,6,Chennai,Electronics,78,8500,Warehouse_South,394,3
2024-06-09,6,6,Chennai,Groceries,398,150,Warehouse_West,472,4
2024-06-09,6,6,Chennai,Clothing,149,800,Warehouse_West,567,1
2024-06-09,6,6,Chennai,Furniture,38,12000,Warehouse_North,215,1
2024-06-09,6,6,Chennai,Medicines,291,200,Warehouse_West,962,3
2024-06-09,6,6,Pune,Electronics,83,8500,Warehouse_West,761,1
2024-06-09,6,6,Pune,Groceries,325,150,Warehouse_North,655,2
2024-06-09,6,6,Pune,Clothing,161,800,Warehouse_North,789,3
2024-06-09,6,6,Pune,Furniture,33,12000,Warehouse_North,547,3
2024-06-09,6,6,Pune,Medicines,240,200,Warehouse_North,887,1
2024-06-09,6,6,Hyderabad,Electronics,66,8500,Warehouse_North,209,2
2024-06-09,6,6,Hyderabad,Groceries,310,150,Warehouse_West,926,4
2024-06-09,6,6,Hyderabad,Clothing,147,800,Warehouse_North,220,2
2024-06-09,6,6,Hyderabad,Furniture,37,12000,Warehouse_North,922,1
2024-06-09,6,6,Hyderabad,Medicines,236,200,Warehouse_West,595,4
2024-06-10,0,6,Mumbai,Electronics,69,8500,Warehouse_North,971,4
2024-06-10,0,6,Mumbai,Groceries,391,150,Warehouse_North,342,4
2024-06-10,0,6,Mumbai,Clothing,133,800,Warehouse_West,359,4
2024-06-10,0,6,Mumbai,Furniture,35,12000,Warehouse_West,891,3
2024-06-10,0,6,Mumbai,Medicines,281,200,Warehouse_North,551,3
2024-06-10,0,6,Delhi,Electronics,64,8500,Warehouse_South,599,4
2024-06-10,0,6,Delhi,Groceries,299,150,Warehouse_North,991,2
2024-06-10,0,6,Delhi,Clothing,136,800,Warehouse_North,925,4
2024-06-10,0,6,Delhi,Furniture,35,12000,Warehouse_South,233,4
2024-06-10,0,6,Delhi,Medicines,227,200,Warehouse_North,907,2
2024-06-10,0,6,Bangalore,Electronics,72,8500,Warehouse_West,313,1
2024-06-10,0,6,Bangalore,Groceries,262,150,Warehouse_West,617,4
2024-06-10,0,6,Bangalore,Clothing,128,800,Warehouse_North,384,1
2024-06-10,0,6,Bangalore,Furniture,30,12000,Warehouse_South,438,4
2024-06-10,0,6,Bangalore,Medicines,235,200,Warehouse_South,476,1
2024-06-10,0,6,Chennai,Electronics,64,8500,Warehouse_South,401,2
2024-06-10,0,6,Chennai,Groceries,241,150,Warehouse_West,868,1
2024-06-10,0,6,Chennai,Clothing,95,800,Warehouse_South,341,2
2024-06-10,0,6,Chennai,Furniture,24,12000,Warehouse_South,345,2
2024-06-10,0,6,Chennai,Medicines,193,200,Warehouse_North,794,4
2024-06-10,0,6,Pune,Electronics,53,8500,Warehouse_West,775,1
2024-06-10,0,6,Pune,Groceries,288,150,Warehouse_West,343,2
2024-06-10,0,6,Pune,Clothing,123,800,Warehouse_West,916,4
2024-06-10,0,6,Pune,Furniture,24,12000,Warehouse_South,448,4
2024-06-10,0,6,Pune,Medicines,165,200,Warehouse_North,589,4
2024-06-10,0,6,Hyderabad,Electronics,61,8500,Warehouse_West,794,2
2024-06-10,0,6,Hyderabad,Groceries,193,150,Warehouse_West,538,4
2024-06-10,0,6,Hyderabad,Clothing,114,800,Warehouse_North,908,1
2024-06-10,0,6,Hyderabad,Furniture,27,12000,Warehouse_North,626,2
2024-06-10,0,6,Hyderabad,Medicines,180,200,Warehouse_North,904,3
2024-06-11,1,6,Mumbai,Electronics,71,8500,Warehouse_South,929,4
2024-06-11,1,6,Mumbai,Groceries,358,150,Warehouse_South,673,1
2024-06-11,1,6,Mumbai,Clothing,139,800,Warehouse_North,438,2
2024-06-11,1,6,Mumbai,Furniture,38,12000,Warehouse_West,285,1
2024-06-11,1,6,Mumbai,Medicines,292,200,Warehouse_North,275,1
2024-06-11,1,6,Delhi,Electronics,96,8500,Warehouse_West,428,4
2024-06-11,1,6,Delhi,Groceries,362,150,Warehouse_North,842,4
2024-06-11,1,6,Delhi,Clothing,139,800,Warehouse_West,808,2
2024-06-11,1,6,Delhi,Furniture,33,12000,Warehouse_South,490,2
2024-06-11,1,6,Delhi,Medicines,252,200,Warehouse_South,765,2
2024-06-11,1,6,Bangalore,Electronics,70,8500,Warehouse_North,215,1
2024-06-11,1,6,Bangalore,Groceries,261,150,Warehouse_South,798,2
2024-06-11,1,6,Bangalore,Clothing,105,800,Warehouse_South,896,1
2024-06-11,1,6,Bangalore,Furniture,32,12000,Warehouse_North,632,1
2024-06-11,1,6,Bangalore,Medicines,230,200,Warehouse_North,223,3
2024-06-11,1,6,Chennai,Electronics,58,8500,Warehouse_North,274,1
2024-06-11,1,6,Chennai,Groceries,281,150,Warehouse_West,767,1
2024-06-11,1,6,Chennai,Clothing,93,800,Warehouse_West,648,2
2024-06-11,1,6,Chennai,Furniture,25,12000,Warehouse_North,438,2
2024-06-11,1,6,Chennai,Medicines,202,200,Warehouse_South,907,4
2024-06-11,1,6,Pune,Electronics,55,8500,Warehouse_North,644,3
2024-06-11,1,6,Pune,Groceries,236,150,Warehouse_West,930,4
2024-06-11,1,6,Pune,Clothing,103,800,Warehouse_South,463,1
2024-06-11,1,6,Pune,Furniture,24,12000,Warehouse_West,360,1
2024-06-11,1,6,Pune,Medicines,202,200,Warehouse_West,426,1
2024-06-11,1,6,Hyderabad,Electronics,37,8500,Warehouse_South,516,3
2024-06-11,1,6,Hyderabad,Groceries,258,150,Warehouse_West,777,1
2024-06-11,1,6,Hyderabad,Clothing,115,800,Warehouse_West,603,3
2024-06-11,1,6,Hyderabad,Furniture,27,12000,Warehouse_West,451,1
2024-06-11,1,6,Hyderabad,Medicines,179,200,Warehouse_West,629,3
2024-06-12,2,6,Mumbai,Electronics,92,8500,Warehouse_West,599,3
2024-06-12,2,6,Mumbai,Groceries,354,150,Warehouse_West,391,2
2024-06-12,2,6,Mumbai,Clothing,140,800,Warehouse_West,799,1
2024-06-12,2,6,Mumbai,Furniture,35,12000,Warehouse_North,803,2
2024-06-12,2,6,Mumbai,Medicines,284,200,Warehouse_North,657,1
2024-06-12,2,6,Delhi,Electronics,80,8500,Warehouse_North,680,3
2024-06-12,2,6,Delhi,Groceries,326,150,Warehouse_West,849,2
2024-06-12,2,6,Delhi,Clothing,135,800,Warehouse_West,235,2
2024-06-12,2,6,Delhi,Furniture,31,12000,Warehouse_North,752,3
2024-06-12,2,6,Delhi,Medicines,246,200,Warehouse_North,325,4
2024-06-12,2,6,Bangalore,Electronics,64,8500,Warehouse_South,601,4
2024-06-12,2,6,Bangalore,Groceries,303,150,Warehouse_South,566,4
2024-06-12,2,6,Bangalore,Clothing,105,800,Warehouse_South,829,2
2024-06-12,2,6,Bangalore,Furniture,35,12000,Warehouse_South,924,1
2024-06-12,2,6,Bangalore,Medicines,242,200,Warehouse_South,586,1
2024-06-12,2,6,Chennai,Electronics,56,8500,Warehouse_South,519,4
2024-06-12,2,6,Chennai,Groceries,343,150,Warehouse_West,621,2
2024-06-12,2,6,Chennai,Clothing,91,800,Warehouse_South,920,3
2024-06-12,2,6,Chennai,Furniture,21,12000,Warehouse_North,771,2
2024-06-12,2,6,Chennai,Medicines,193,200,Warehouse_North,524,2
2024-06-12,2,6,Pune,Electronics,51,8500,Warehouse_North,532,2
2024-06-12,2,6,Pune,Groceries,218,150,Warehouse_South,402,4
2024-06-12,2,6,Pune,Clothing,72,800,Warehouse_West,568,4
2024-06-12,2,6,Pune,Furniture,21,12000,Warehouse_South,746,3
2024-06-12,2,6,Pune,Medicines,171,200,Warehouse_West,335,2
2024-06-12,2,6,Hyderabad,Electronics,60,8500,Warehouse_South,937,4
2024-06-12,2,6,Hyderabad,Groceries,281,150,Warehouse_South,476,3
2024-06-12,2,6,Hyderabad,Clothing,80,800,Warehouse_West,705,2
2024-06-12,2,6,Hyderabad,Furniture,25,12000,Warehouse_West,600,2
2024-06-12,2,6,Hyderabad,Medicines,199,200,Warehouse_North,503,3
2024-06-13,3,6,Mumbai,Electronics,73,8500,Warehouse_South,345,2
2024-06-13,3,6,Mumbai,Groceries,381,150,Warehouse_West,748,2
2024-06-13,3,6,Mumbai,Clothing,164,800,Warehouse_North,545,3
2024-06-13,3,6,Mumbai,Furniture,39,12000,Warehouse_North,341,1
2024-06-13,3,6,Mumbai,Medicines,237,200,Warehouse_North,317,1
2024-06-13,3,6,Delhi,Electronics,62,8500,Warehouse_West,335,2
2024-06-13,3,6,Delhi,Groceries,323,150,Warehouse_South,602,1
2024-06-13,3,6,Delhi,Clothing,98,800,Warehouse_West,523,3
2024-06-13,3,6,Delhi,Furniture,37,12000,Warehouse_North,678,4
2024-06-13,3,6,Delhi,Medicines,260,200,Warehouse_West,839,3
2024-06-13,3,6,Bangalore,Electronics,76,8500,Warehouse_West,423,4
2024-06-13,3,6,Bangalore,Groceries,288,150,Warehouse_North,628,4
2024-06-13,3,6,Bangalore,Clothing,125,800,Warehouse_North,265,4
2024-06-13,3,6,Bangalore,Furniture,35,12000,Warehouse_West,454,1
2024-06-13,3,6,Bangalore,Medicines,251,200,Warehouse_West,582,1
2024-06-13,3,6,Chennai,Electronics,65,8500,Warehouse_South,323,2
2024-06-13,3,6,Chennai,Groceries,293,150,Warehouse_North,800,3
2024-06-13,3,6,Chennai,Clothing,99,800,Warehouse_South,927,4
2024-06-13,3,6,Chennai,Furniture,29,12000,Warehouse_South,267,2
2024-06-13,3,6,Chennai,Medicines,161,200,Warehouse_West,870,1
2024-06-13,3,6,Pune,Electronics,36,8500,Warehouse_North,318,1
2024-06-13,3,6,Pune,Groceries,230,150,Warehouse_West,394,1
2024-06-13,3,6,Pune,Clothing,109,800,Warehouse_North,865,1
2024-06-13,3,6,Pune,Furniture,24,12000,Warehouse_South,230,3
2024-06-13,3,6,Pune,Medicines,168,200,Warehouse_North,755,2
2024-06-13,3,6,Hyderabad,Electronics,44,8500,Warehouse_North,720,3
2024-06-13,3,6,Hyderabad,Groceries,254,150,Warehouse_South,925,4
2024-06-13,3,6,Hyderabad,Clothing,95,800,Warehouse_North,615,3
2024-06-13,3,6,Hyderabad,Furniture,26,12000,Warehouse_West,252,4
2024-06-13,3,6,Hyderabad,Medicines,122,200,Warehouse_West,431,4
2024-06-14,4,6,Mumbai,Electronics,90,8500,Warehouse_North,662,3
2024-06-14,4,6,Mumbai,Groceries,347,150,Warehouse_South,878,3
2024-06-14,4,6,Mumbai,Clothing,142,800,Warehouse_West,508,3
2024-06-14,4,6,Mumbai,Furniture,37,12000,Warehouse_North,936,1
2024-06-14,4,6,Mumbai,Medicines,284,200,Warehouse_West,854,3
2024-06-14,4,6,Delhi,Electronics,77,8500,Warehouse_South,481,3
2024-06-14,4,6,Delhi,Groceries,335,150,Warehouse_North,593,4
2024-06-14,4,6,Delhi,Clothing,121,800,Warehouse_West,992,4
2024-06-14,4,6,Delhi,Furniture,36,12000,Warehouse_South,625,4
2024-06-14,4,6,Delhi,Medicines,266,200,Warehouse_West,413,3
2024-06-14,4,6,Bangalore,Electronics,69,8500,Warehouse_South,984,4
2024-06-14,4,6,Bangalore,Groceries,317,150,Warehouse_South,678,4
2024-06-14,4,6,Bangalore,Clothing,128,800,Warehouse_South,361,3
2024-06-14,4,6,Bangalore,Furniture,30,12000,Warehouse_North,306,3
2024-06-14,4,6,Bangalore,Medicines,271,200,Warehouse_North,645,1
2024-06-14,4,6,Chennai,Electronics,43,8500,Warehouse_North,647,3
2024-06-14,4,6,Chennai,Groceries,263,150,Warehouse_North,989,2
2024-06-14,4,6,Chennai,Clothing,106,800,Warehouse_North,401,3
2024-06-14,4,6,Chennai,Furniture,28,12000,Warehouse_South,524,1
2024-06-14,4,6,Chennai,Medicines,174,200,Warehouse_West,886,3
2024-06-14,4,6,Pune,Electronics,53,8500,Warehouse_North,652,1
2024-06-14,4,6,Pune,Groceries,248,150,Warehouse_North,439,2
2024-06-14,4,6,Pune,Clothing,73,800,Warehouse_North,424,4
2024-06-14,4,6,Pune,Furniture,21,12000,Warehouse_West,310,2
2024-06-14,4,6,Pune,Medicines,197,200,Warehouse_North,611,3
2024-06-14,4,6,Hyderabad,Electronics,48,8500,Warehouse_North,235,2
2024-06-14,4,6,Hyderabad,Groceries,248,150,Warehouse_West,301,1
2024-06-14,4,6,Hyderabad,Clothing,77,800,Warehouse_North,697,3
2024-06-14,4,6,Hyderabad,Furniture,27,12000,Warehouse_North,744,3
2024-06-14,4,6,Hyderabad,Medicines,148,200,Warehouse_North,205,2
2024-06-15,5,6,Mumbai,Electronics,120,8500,Warehouse_North,415,3
2024-06-15,5,6,Mumbai,Groceries,481,150,Warehouse_North,382,4
2024-06-15,5,6,Mumbai,Clothing,199,800,Warehouse_West,689,2
2024-06-15,5,6,Mumbai,Furniture,50,12000,Warehouse_North,959,3
2024-06-15,5,6,Mumbai,Medicines,405,200,Warehouse_West,346,2
2024-06-15,5,6,Delhi,Electronics,92,8500,Warehouse_West,392,2
2024-06-15,5,6,Delhi,Groceries,537,150,Warehouse_South,525,2
2024-06-15,5,6,Delhi,Clothing,186,800,Warehouse_North,307,3
2024-06-15,5,6,Delhi,Furniture,47,12000,Warehouse_West,451,3
2024-06-15,5,6,Delhi,Medicines,405,200,Warehouse_North,966,2
2024-06-15,5,6,Bangalore,Electronics,104,8500,Warehouse_North,437,3
2024-06-15,5,6,Bangalore,Groceries,408,150,Warehouse_North,815,1
2024-06-15,5,6,Bangalore,Clothing,192,800,Warehouse_South,316,3
2024-06-15,5,6,Bangalore,Furniture,43,12000,Warehouse_North,680,2
2024-06-15,5,6,Bangalore,Medicines,344,200,Warehouse_West,432,1
2024-06-15,5,6,Chennai,Electronics,82,8500,Warehouse_North,966,4
2024-06-15,5,6,Chennai,Groceries,395,150,Warehouse_North,802,1
2024-06-15,5,6,Chennai,Clothing,150,800,Warehouse_South,559,4
2024-06-15,5,6,Chennai,Furniture,35,12000,Warehouse_South,985,3
2024-06-15,5,6,Chennai,Medicines,296,200,Warehouse_North,645,2
2024-06-15,5,6,Pune,Electronics,76,8500,Warehouse_South,354,3
2024-06-15,5,6,Pune,Groceries,378,150,Warehouse_West,488,2
2024-06-15,5,6,Pune,Clothing,129,800,Warehouse_West,360,2
2024-06-15,5,6,Pune,Furniture,34,12000,Warehouse_West,342,2
2024-06-15,5,6,Pune,Medicines,254,200,Warehouse_South,686,3
2024-06-15,5,6,Hyderabad,Electronics,66,8500,Warehouse_North,401,1
2024-06-15,5,6,Hyderabad,Groceries,324,150,Warehouse_West,458,3
2024-06-15,5,6,Hyderabad,Clothing,134,800,Warehouse_West,747,2
2024-06-15,5,6,Hyderabad,Furniture,26,12000,Warehouse_South,429,3
2024-06-15,5,6,Hyderabad,Medicines,246,200,Warehouse_North,505,2
2024-06-16,6,6,Mumbai,Electronics,115,8500,Warehouse_South,258,4
2024-06-16,6,6,Mumbai,Groceries,508,150,Warehouse_South,792,1
2024-06-16,6,6,Mumbai,Clothing,202,800,Warehouse_North,476,1
2024-06-16,6,6,Mumbai,Furniture,51,12000,Warehouse_North,983,4
2024-06-16,6,6,Mumbai,Medicines,391,200,Warehouse_North,565,4
2024-06-16,6,6,Delhi,Electronics,106,8500,Warehouse_South,661,2
2024-06-16,6,6,Delhi,Groceries,546,150,Warehouse_West,880,2
2024-06-16,6,6,Delhi,Clothing,192,800,Warehouse_South,548,3
2024-06-16,6,6,Delhi,Furniture,41,12000,Warehouse_South,367,1
2024-06-16,6,6,Delhi,Medicines,333,200,Warehouse_South,973,3
2024-06-16,6,6,Bangalore,Electronics,105,8500,Warehouse_North,934,2
2024-06-16,6,6,Bangalore,Groceries,434,150,Warehouse_North,715,4
2024-06-16,6,6,Bangalore,Clothing,179,800,Warehouse_West,222,1
2024-06-16,6,6,Bangalore,Furniture,42,12000,Warehouse_West,724,4
2024-06-16,6,6,Bangalore,Medicines,325,200,Warehouse_North,664,4
2024-06-16,6,6,Chennai,Electronics,85,8500,Warehouse_West,876,4
2024-06-16,6,6,Chennai,Groceries,346,150,Warehouse_West,273,2
2024-06-16,6,6,Chennai,Clothing,149,800,Warehouse_North,425,3
2024-06-16,6,6,Chennai,Furniture,37,12000,Warehouse_West,724,1
2024-06-16,6,6,Chennai,Medicines,314,200,Warehouse_South,448,3
2024-06-16,6,6,Pune,Electronics,82,8500,Warehouse_South,390,1
2024-06-16,6,6,Pune,Groceries,364,150,Warehouse_South,271,3
2024-06-16,6,6,Pune,Clothing,156,800,Warehouse_West,251,4
2024-06-16,6,6,Pune,Furniture,34,12000,Warehouse_South,318,1
2024-06-16,6,6,Pune,Medicines,243,200,Warehouse_West,884,1
2024-06-16,6,6,Hyderabad,Electronics,84,8500,Warehouse_North,806,1
2024-06-16,6,6,Hyderabad,Groceries,364,150,Warehouse_North,804,4
2024-06-16,6,6,Hyderabad,Clothing,137,800,Warehouse_South,760,3
2024-06-16,6,6,Hyderabad,Furniture,29,12000,Warehouse_North,254,1
2024-06-16,6,6,Hyderabad,Medicines,249,200,Warehouse_West,464,4
2024-06-17,0,6,Mumbai,Electronics,75,8500,Warehouse_South,416,3
2024-06-17,0,6,Mumbai,Groceries,357,150,Warehouse_North,249,3
2024-06-17,0,6,Mumbai,Clothing,156,800,Warehouse_West,344,4
2024-06-17,0,6,Mumbai,Furniture,34,12000,Warehouse_North,611,2
2024-06-17,0,6,Mumbai,Medicines,275,200,Warehouse_South,781,3
2024-06-17,0,6,Delhi,Electronics,88,8500,Warehouse_West,400,4
2024-06-17,0,6,Delhi,Groceries,328,150,Warehouse_South,588,4
2024-06-17,0,6,Delhi,Clothing,129,800,Warehouse_West,831,2
2024-06-17,0,6,Delhi,Furniture,36,12000,Warehouse_South,245,4
2024-06-17,0,6,Delhi,Medicines,227,200,Warehouse_West,584,1
2024-06-17,0,6,Bangalore,Electronics,71,8500,Warehouse_West,649,4
2024-06-17,0,6,Bangalore,Groceries,319,150,Warehouse_South,525,3
2024-06-17,0,6,Bangalore,Clothing,117,800,Warehouse_North,401,1
2024-06-17,0,6,Bangalore,Furniture,30,12000,Warehouse_West,932,1
2024-06-17,0,6,Bangalore,Medicines,235,200,Warehouse_South,681,1
2024-06-17,0,6,Chennai,Electronics,65,8500,Warehouse_West,373,1
2024-06-17,0,6,Chennai,Groceries,237,150,Warehouse_West,608,3
2024-06-17,0,6,Chennai,Clothing,96,800,Warehouse_West,661,1
2024-06-17,0,6,Chennai,Furniture,25,12000,Warehouse_North,202,3
2024-06-17,0,6,Chennai,Medicines,201,200,Warehouse_North,361,4
2024-06-17,0,6,Pune,Electronics,46,8500,Warehouse_North,533,4
2024-06-17,0,6,Pune,Groceries,312,150,Warehouse_West,857,2
2024-06-17,0,6,Pune,Clothing,93,800,Warehouse_South,288,1
2024-06-17,0,6,Pune,Furniture,26,12000,Warehouse_South,926,4
2024-06-17,0,6,Pune,Medicines,110,200,Warehouse_North,209,3
2024-06-17,0,6,Hyderabad,Electronics,55,8500,Warehouse_West,585,3
2024-06-17,0,6,Hyderabad,Groceries,202,150,Warehouse_West,712,2
2024-06-17,0,6,Hyderabad,Clothing,118,800,Warehouse_West,713,2
2024-06-17,0,6,Hyderabad,Furniture,24,12000,Warehouse_South,663,1
2024-06-17,0,6,Hyderabad,Medicines,178,200,Warehouse_South,655,4
2024-06-18,1,6,Mumbai,Electronics,83,8500,Warehouse_West,622,4
2024-06-18,1,6,Mumbai,Groceries,332,150,Warehouse_North,638,4
2024-06-18,1,6,Mumbai,Clothing,154,800,Warehouse_North,781,2
2024-06-18,1,6,Mumbai,Furniture,41,12000,Warehouse_North,627,3
2024-06-18,1,6,Mumbai,Medicines,227,200,Warehouse_South,378,1
2024-06-18,1,6,Delhi,Electronics,60,8500,Warehouse_South,803,4
2024-06-18,1,6,Delhi,Groceries,335,150,Warehouse_West,311,4
2024-06-18,1,6,Delhi,Clothing,143,800,Warehouse_North,914,2
2024-06-18,1,6,Delhi,Furniture,33,12000,Warehouse_North,253,1
2024-06-18,1,6,Delhi,Medicines,230,200,Warehouse_West,469,3
2024-06-18,1,6,Bangalore,Electronics,70,8500,Warehouse_South,922,2
2024-06-18,1,6,Bangalore,Groceries,299,150,Warehouse_North,222,3
2024-06-18,1,6,Bangalore,Clothing,96,800,Warehouse_North,899,2
2024-06-18,1,6,Bangalore,Furniture,27,12000,Warehouse_West,644,1
2024-06-18,1,6,Bangalore,Medicines,223,200,Warehouse_North,332,1
2024-06-18,1,6,Chennai,Electronics,62,8500,Warehouse_West,310,3
2024-06-18,1,6,Chennai,Groceries,236,150,Warehouse_North,958,4
2024-06-18,1,6,Chennai,Clothing,115,800,Warehouse_North,372,1
2024-06-18,1,6,Chennai,Furniture,26,12000,Warehouse_South,608,4
2024-06-18,1,6,Chennai,Medicines,175,200,Warehouse_West,997,4
2024-06-18,1,6,Pune,Electronics,54,8500,Warehouse_West,433,3
2024-06-18,1,6,Pune,Groceries,229,150,Warehouse_West,592,2
2024-06-18,1,6,Pune,Clothing,100,800,Warehouse_North,914,4
2024-06-18,1,6,Pune,Furniture,30,12000,Warehouse_North,309,2
2024-06-18,1,6,Pune,Medicines,188,200,Warehouse_West,845,2
2024-06-18,1,6,Hyderabad,Electronics,45,8500,Warehouse_West,375,1
2024-06-18,1,6,Hyderabad,Groceries,248,150,Warehouse_North,275,4
2024-06-18,1,6,Hyderabad,Clothing,93,800,Warehouse_South,945,3
2024-06-18,1,6,Hyderabad,Furniture,29,12000,Warehouse_South,738,2
2024-06-18,1,6,Hyderabad,Medicines,212,200,Warehouse_West,944,1
2024-06-19,2,6,Mumbai,Electronics,76,8500,Warehouse_North,769,3
2024-06-19,2,6,Mumbai,Groceries,349,150,Warehouse_South,345,3
2024-06-19,2,6,Mumbai,Clothing,142,800,Warehouse_North,784,3
2024-06-19,2,6,Mumbai,Furniture,33,12000,Warehouse_North,483,2
2024-06-19,2,6,Mumbai,Medicines,278,200,Warehouse_North,728,2
2024-06-19,2,6,Delhi,Electronics,92,8500,Warehouse_South,873,3
2024-06-19,2,6,Delhi,Groceries,315,150,Warehouse_North,582,1
2024-06-19,2,6,Delhi,Clothing,132,800,Warehouse_South,646,3
2024-06-19,2,6,Delhi,Furniture,33,12000,Warehouse_North,458,3
2024-06-19,2,6,Delhi,Medicines,237,200,Warehouse_South,431,4
2024-06-19,2,6,Bangalore,Electronics,75,8500,Warehouse_West,896,2
2024-06-19,2,6,Bangalore,Groceries,332,150,Warehouse_West,541,1
2024-06-19,2,6,Bangalore,Clothing,115,800,Warehouse_North,550,2
2024-06-19,2,6,Bangalore,Furniture,34,12000,Warehouse_South,933,4
2024-06-19,2,6,Bangalore,Medicines,257,200,Warehouse_West,356,3
2024-06-19,2,6,Chennai,Electronics,67,8500,Warehouse_North,208,4
2024-06-19,2,6,Chennai,Groceries,220,150,Warehouse_North,768,4
2024-06-19,2,6,Chennai,Clothing,101,800,Warehouse_West,591,3
2024-06-19,2,6,Chennai,Furniture,29,12000,Warehouse_West,509,1
2024-06-19,2,6,Chennai,Medicines,195,200,Warehouse_South,369,4
2024-06-19,2,6,Pune,Electronics,62,8500,Warehouse_South,718,2
2024-06-19,2,6,Pune,Groceries,271,150,Warehouse_West,723,2
2024-06-19,2,6,Pune,Clothing,92,800,Warehouse_South,278,2
2024-06-19,2,6,Pune,Furniture,28,12000,Warehouse_North,448,3
2024-06-19,2,6,Pune,Medicines,174,200,Warehouse_West,833,4
2024-06-19,2,6,Hyderabad,Electronics,58,8500,Warehouse_West,349,2
2024-06-19,2,6,Hyderabad,Groceries,206,150,Warehouse_North,482,3
2024-06-19,2,6,Hyderabad,Clothing,105,800,Warehouse_North,526,3
2024-06-19,2,6,Hyderabad,Furniture,20,12000,Warehouse_North,286,4
2024-06-19,2,6,Hyderabad,Medicines,151,200,Warehouse_South,384,4
2024-06-20,3,6,Mumbai,Electronics,82,8500,Warehouse_North,714,4
2024-06-20,3,6,Mumbai,Groceries,372,150,Warehouse_West,713,3
2024-06-20,3,6,Mumbai,Clothing,131,800,Warehouse_North,856,2
2024-06-20,3,6,Mumbai,Furniture,38,12000,Warehouse_North,461,2
2024-06-20,3,6,Mumbai,Medicines,257,200,Warehouse_North,985,1
2024-06-20,3,6,Delhi,Electronics,69,8500,Warehouse_West,279,4
2024-06-20,3,6,Delhi,Groceries,344,150,Warehouse_West,217,2
2024-06-20,3,6,Delhi,Clothing,140,800,Warehouse_North,994,2
2024-06-20,3,6,Delhi,Furniture,34,12000,Warehouse_South,798,1
2024-06-20,3,6,Delhi,Medicines,260,200,Warehouse_West,619,2
2024-06-20,3,6,Bangalore,Electronics,80,8500,Warehouse_South,427,1
2024-06-20,3,6,Bangalore,Groceries,326,150,Warehouse_South,668,4
2024-06-20,3,6,Bangalore,Clothing,132,800,Warehouse_West,418,1
2024-06-20,3,6,Bangalore,Furniture,32,12000,Warehouse_North,286,1
2024-06-20,3,6,Bangalore,Medicines,229,200,Warehouse_North,574,1
2024-06-20,3,6,Chennai,Electronics,49,8500,Warehouse_West,837,3
2024-06-20,3,6,Chennai,Groceries,247,150,Warehouse_South,404,2
2024-06-20,3,6,Chennai,Clothing,110,800,Warehouse_North,585,2
2024-06-20,3,6,Chennai,Furniture,24,12000,Warehouse_North,400,4
2024-06-20,3,6,Chennai,Medicines,175,200,Warehouse_North,499,2
2024-06-20,3,6,Pune,Electronics,48,8500,Warehouse_South,563,2
2024-06-20,3,6,Pune,Groceries,239,150,Warehouse_North,539,4
2024-06-20,3,6,Pune,Clothing,80,800,Warehouse_South,405,4
2024-06-20,3,6,Pune,Furniture,20,12000,Warehouse_South,482,2
2024-06-20,3,6,Pune,Medicines,199,200,Warehouse_South,335,1
2024-06-20,3,6,Hyderabad,Electronics,53,8500,Warehouse_North,932,4
2024-06-20,3,6,Hyderabad,Groceries,240,150,Warehouse_North,834,4
2024-06-20,3,6,Hyderabad,Clothing,89,800,Warehouse_North,469,1
2024-06-20,3,6,Hyderabad,Furniture,16,12000,Warehouse_West,437,1
2024-06-20,3,6,Hyderabad,Medicines,175,200,Warehouse_North,236,3
2024-06-21,4,6,Mumbai,Electronics,94,8500,Warehouse_West,940,1
2024-06-21,4,6,Mumbai,Groceries,400,150,Warehouse_North,764,4
2024-06-21,4,6,Mumbai,Clothing,131,800,Warehouse_North,993,2
2024-06-21,4,6,Mumbai,Furniture,35,12000,Warehouse_South,667,2
2024-06-21,4,6,Mumbai,Medicines,239,200,Warehouse_North,249,4
2024-06-21,4,6,Delhi,Electronics,80,8500,Warehouse_West,699,4
2024-06-21,4,6,Delhi,Groceries,289,150,Warehouse_West,575,1
2024-06-21,4,6,Delhi,Clothing,127,800,Warehouse_North,845,4
2024-06-21,4,6,Delhi,Furniture,37,12000,Warehouse_North,556,1
2024-06-21,4,6,Delhi,Medicines,202,200,Warehouse_North,465,3
2024-06-21,4,6,Bangalore,Electronics,62,8500,Warehouse_West,211,4
2024-06-21,4,6,Bangalore,Groceries,268,150,Warehouse_South,778,1
2024-06-21,4,6,Bangalore,Clothing,119,800,Warehouse_North,892,4
2024-06-21,4,6,Bangalore,Furniture,30,12000,Warehouse_North,816,2
2024-06-21,4,6,Bangalore,Medicines,230,200,Warehouse_North,532,3
2024-06-21,4,6,Chennai,Electronics,66,8500,Warehouse_South,765,4
2024-06-21,4,6,Chennai,Groceries,251,150,Warehouse_South,365,2
2024-06-21,4,6,Chennai,Clothing,101,800,Warehouse_North,444,3
2024-06-21,4,6,Chennai,Furniture,25,12000,Warehouse_West,320,3
2024-06-21,4,6,Chennai,Medicines,193,200,Warehouse_South,609,2
2024-06-21,4,6,Pune,Electronics,50,8500,Warehouse_South,805,1
2024-06-21,4,6,Pune,Groceries,290,150,Warehouse_North,691,1
2024-06-21,4,6,Pune,Clothing,86,800,Warehouse_South,951,3
2024-06-21,4,6,Pune,Furniture,26,12000,Warehouse_South,297,4
2024-06-21,4,6,Pune,Medicines,222,200,Warehouse_North,527,2
2024-06-21,4,6,Hyderabad,Electronics,54,8500,Warehouse_North,315,2
2024-06-21,4,6,Hyderabad,Groceries,228,150,Warehouse_South,492,3
2024-06-21,4,6,Hyderabad,Clothing,91,800,Warehouse_North,376,1
2024-06-21,4,6,Hyderabad,Furniture,17,12000,Warehouse_West,206,2
2024-06-21,4,6,Hyderabad,Medicines,186,200,Warehouse_North,973,1
2024-06-22,5,6,Mumbai,Electronics,129,8500,Warehouse_West,540,2
2024-06-22,5,6,Mumbai,Groceries,524,150,Warehouse_South,677,4
2024-06-22,5,6,Mumbai,Clothing,221,800,Warehouse_North,330,4
2024-06-22,5,6,Mumbai,Furniture,52,12000,Warehouse_North,522,3
2024-06-22,5,6,Mumbai,Medicines,394,200,Warehouse_North,230,1
2024-06-22,5,6,Delhi,Electronics,99,8500,Warehouse_West,777,3
2024-06-22,5,6,Delhi,Groceries,471,150,Warehouse_South,936,3
2024-06-22,5,6,Delhi,Clothing,179,800,Warehouse_South,288,2
2024-06-22,5,6,Delhi,Furniture,45,12000,Warehouse_North,551,1
2024-06-22,5,6,Delhi,Medicines,312,200,Warehouse_North,304,1
2024-06-22,5,6,Bangalore,Electronics,95,8500,Warehouse_South,878,2
2024-06-22,5,6,Bangalore,Groceries,440,150,Warehouse_South,303,4
2024-06-22,5,6,Bangalore,Clothing,189,800,Warehouse_West,842,4
2024-06-22,5,6,Bangalore,Furniture,47,12000,Warehouse_North,607,2
2024-06-22,5,6,Bangalore,Medicines,350,200,Warehouse_North,489,4
2024-06-22,5,6,Chennai,Electronics,81,8500,Warehouse_West,985,2
2024-06-22,5,6,Chennai,Groceries,375,150,Warehouse_South,268,1
2024-06-22,5,6,Chennai,Clothing,134,800,Warehouse_West,335,3
2024-06-22,5,6,Chennai,Furniture,41,12000,Warehouse_South,641,2
2024-06-22,5,6,Chennai,Medicines,285,200,Warehouse_North,407,2
2024-06-22,5,6,Pune,Electronics,79,8500,Warehouse_West,580,4
2024-06-22,5,6,Pune,Groceries,350,150,Warehouse_North,593,2
2024-06-22,5,6,Pune,Clothing,133,800,Warehouse_North,911,2
2024-06-22,5,6,Pune,Furniture,33,12000,Warehouse_South,753,2
2024-06-22,5,6,Pune,Medicines,255,200,Warehouse_West,553,2
2024-06-22,5,6,Hyderabad,Electronics,73,8500,Warehouse_West,862,4
2024-06-22,5,6,Hyderabad,Groceries,333,150,Warehouse_West,915,2
2024-06-22,5,6,Hyderabad,Clothing,132,800,Warehouse_South,850,4
2024-06-22,5,6,Hyderabad,Furniture,35,12000,Warehouse_South,732,2
2024-06-22,5,6,Hyderabad,Medicines,206,200,Warehouse_North,595,2
2024-06-23,6,6,Mumbai,Electronics,113,8500,Warehouse_South,764,2
2024-06-23,6,6,Mumbai,Groceries,469,150,Warehouse_South,246,3
2024-06-23,6,6,Mumbai,Clothing,203,800,Warehouse_South,931,3
2024-06-23,6,6,Mumbai,Furniture,53,12000,Warehouse_West,564,3
2024-06-23,6,6,Mumbai,Medicines,364,200,Warehouse_West,292,3
2024-06-23,6,6,Delhi,Electronics,89,8500,Warehouse_South,623,3
2024-06-23,6,6,Delhi,Groceries,460,150,Warehouse_South,674,3
2024-06-23,6,6,Delhi,Clothing,163,800,Warehouse_West,433,3
2024-06-23,6,6,Delhi,Furniture,47,12000,Warehouse_North,411,1
2024-06-23,6,6,Delhi,Medicines,341,200,Warehouse_South,956,1
2024-06-23,6,6,Bangalore,Electronics,91,8500,Warehouse_North,312,3
2024-06-23,6,6,Bangalore,Groceries,413,150,Warehouse_South,938,4
2024-06-23,6,6,Bangalore,Clothing,183,800,Warehouse_North,253,1
2024-06-23,6,6,Bangalore,Furniture,40,12000,Warehouse_North,289,2
2024-06-23,6,6,Bangalore,Medicines,337,200,Warehouse_North,607,1
2024-06-23,6,6,Chennai,Electronics,76,8500,Warehouse_North,565,3
2024-06-23,6,6,Chennai,Groceries,290,150,Warehouse_West,936,2
2024-06-23,6,6,Chennai,Clothing,137,800,Warehouse_West,820,2
2024-06-23,6,6,Chennai,Furniture,37,12000,Warehouse_South,591,4
2024-06-23,6,6,Chennai,Medicines,276,200,Warehouse_South,865,4
2024-06-23,6,6,Pune,Electronics,79,8500,Warehouse_South,858,2
2024-06-23,6,6,Pune,Groceries,337,150,Warehouse_South,748,2
2024-06-23,6,6,Pune,Clothing,124,800,Warehouse_West,250,1
2024-06-23,6,6,Pune,Furniture,35,12000,Warehouse_South,798,2
2024-06-23,6,6,Pune,Medicines,256,200,Warehouse_West,755,3
2024-06-23,6,6,Hyderabad,Electronics,66,8500,Warehouse_South,753,3
2024-06-23,6,6,Hyderabad,Groceries,333,150,Warehouse_West,445,2
2024-06-23,6,6,Hyderabad,Clothing,149,800,Warehouse_South,583,1
2024-06-23,6,6,Hyderabad,Furniture,30,12000,Warehouse_South,897,1
2024-06-23,6,6,Hyderabad,Medicines,231,200,Warehouse_North,419,2
2024-06-24,0,6,Mumbai,Electronics,85,8500,Warehouse_South,216,1
2024-06-24,0,6,Mumbai,Groceries,372,150,Warehouse_South,698,4
2024-06-24,0,6,Mumbai,Clothing,148,800,Warehouse_North,458,2
2024-06-24,0,6,Mumbai,Furniture,38,12000,Warehouse_South,502,1
2024-06-24,0,6,Mumbai,Medicines,288,200,Warehouse_North,469,1
2024-06-24,0,6,Delhi,Electronics,89,8500,Warehouse_West,944,4
2024-06-24,0,6,Delhi,Groceries,336,150,Warehouse_North,200,4
2024-06-24,0,6,Delhi,Clothing,136,800,Warehouse_West,776,2
2024-06-24,0,6,Delhi,Furniture,35,12000,Warehouse_West,342,4
2024-06-24,0,6,Delhi,Medicines,267,200,Warehouse_South,827,1
2024-06-24,0,6,Bangalore,Electronics,72,8500,Warehouse_South,234,4
2024-06-24,0,6,Bangalore,Groceries,276,150,Warehouse_South,752,1
2024-06-24,0,6,Bangalore,Clothing,105,800,Warehouse_West,807,4
2024-06-24,0,6,Bangalore,Furniture,32,12000,Warehouse_South,542,4
2024-06-24,0,6,Bangalore,Medicines,234,200,Warehouse_North,204,1
2024-06-24,0,6,Chennai,Electronics,52,8500,Warehouse_South,408,1
2024-06-24,0,6,Chennai,Groceries,245,150,Warehouse_North,661,2
2024-06-24,0,6,Chennai,Clothing,105,800,Warehouse_South,410,2
2024-06-24,0,6,Chennai,Furniture,23,12000,Warehouse_South,400,4
2024-06-24,0,6,Chennai,Medicines,219,200,Warehouse_West,491,2
2024-06-24,0,6,Pune,Electronics,61,8500,Warehouse_South,413,2
2024-06-24,0,6,Pune,Groceries,259,150,Warehouse_West,472,3
2024-06-24,0,6,Pune,Clothing,93,800,Warehouse_West,925,1
2024-06-24,0,6,Pune,Furniture,24,12000,Warehouse_South,920,1
2024-06-24,0,6,Pune,Medicines,211,200,Warehouse_West,751,4
2024-06-24,0,6,Hyderabad,Electronics,47,8500,Warehouse_West,922,3
2024-06-24,0,6,Hyderabad,Groceries,282,150,Warehouse_West,216,4
2024-06-24,0,6,Hyderabad,Clothing,92,800,Warehouse_West,797,3
2024-06-24,0,6,Hyderabad,Furniture,24,12000,Warehouse_North,673,2
2024-06-24,0,6,Hyderabad,Medicines,192,200,Warehouse_South,511,4
2024-06-25,1,6,Mumbai,Electronics,82,8500,Warehouse_South,301,2
2024-06-25,1,6,Mumbai,Groceries,379,150,Warehouse_South,402,3
2024-06-25,1,6,Mumbai,Clothing,149,800,Warehouse_West,627,3
2024-06-25,1,6,Mumbai,Furniture,32,12000,Warehouse_North,780,2
2024-06-25,1,6,Mumbai,Medicines,281,200,Warehouse_North,449,2
2024-06-25,1,6,Delhi,Electronics,68,8500,Warehouse_West,786,1
2024-06-25,1,6,Delhi,Groceries,343,150,Warehouse_West,948,4
2024-06-25,1,6,Delhi,Clothing,131,800,Warehouse_North,843,2
2024-06-25,1,6,Delhi,Furniture,36,12000,Warehouse_North,425,3
2024-06-25,1,6,Delhi,Medicines,224,200,Warehouse_West,421,2
2024-06-25,1,6,Bangalore,Electronics,67,8500,Warehouse_West,926,2
2024-06-25,1,6,Bangalore,Groceries,304,150,Warehouse_North,768,3
2024-06-25,1,6,Bangalore,Clothing,125,800,Warehouse_South,668,4
2024-06-25,1,6,Bangalore,Furniture,25,12000,Warehouse_North,225,3
2024-06-25,1,6,Bangalore,Medicines,226,200,Warehouse_South,488,3
2024-06-25,1,6,Chennai,Electronics,59,8500,Warehouse_North,847,2
2024-06-25,1,6,Chennai,Groceries,301,150,Warehouse_West,309,1
2024-06-25,1,6,Chennai,Clothing,98,800,Warehouse_South,976,2
2024-06-25,1,6,Chennai,Furniture,27,12000,Warehouse_North,624,3
2024-06-25,1,6,Chennai,Medicines,158,200,Warehouse_South,267,4
2024-06-25,1,6,Pune,Electronics,55,8500,Warehouse_South,520,3
2024-06-25,1,6,Pune,Groceries,252,150,Warehouse_West,773,2
2024-06-25,1,6,Pune,Clothing,69,800,Warehouse_North,657,3
2024-06-25,1,6,Pune,Furniture,25,12000,Warehouse_North,841,1
2024-06-25,1,6,Pune,Medicines,180,200,Warehouse_South,667,2
2024-06-25,1,6,Hyderabad,Electronics,57,8500,Warehouse_West,305,2
2024-06-25,1,6,Hyderabad,Groceries,242,150,Warehouse_North,229,4
2024-06-25,1,6,Hyderabad,Clothing,94,800,Warehouse_North,245,3
2024-06-25,1,6,Hyderabad,Furniture,28,12000,Warehouse_South,279,2
2024-06-25,1,6,Hyderabad,Medicines,154,200,Warehouse_West,763,1
2024-06-26,2,6,Mumbai,Electronics,90,8500,Warehouse_South,424,2
2024-06-26,2,6,Mumbai,Groceries,375,150,Warehouse_North,865,1
2024-06-26,2,6,Mumbai,Clothing,138,800,Warehouse_North,752,1
2024-06-26,2,6,Mumbai,Furniture,34,12000,Warehouse_South,596,3
2024-06-26,2,6,Mumbai,Medicines,273,200,Warehouse_South,770,4
2024-06-26,2,6,Delhi,Electronics,70,8500,Warehouse_South,379,2
2024-06-26,2,6,Delhi,Groceries,288,150,Warehouse_West,528,2
2024-06-26,2,6,Delhi,Clothing,138,800,Warehouse_West,717,3
2024-06-26,2,6,Delhi,Furniture,29,12000,Warehouse_South,895,4
2024-06-26,2,6,Delhi,Medicines,249,200,Warehouse_South,860,4
2024-06-26,2,6,Bangalore,Electronics,79,8500,Warehouse_North,443,4
2024-06-26,2,6,Bangalore,Groceries,323,150,Warehouse_West,502,3
2024-06-26,2,6,Bangalore,Clothing,98,800,Warehouse_South,383,1
2024-06-26,2,6,Bangalore,Furniture,32,12000,Warehouse_South,480,4
2024-06-26,2,6,Bangalore,Medicines,215,200,Warehouse_South,466,1
2024-06-26,2,6,Chennai,Electronics,52,8500,Warehouse_North,556,2
2024-06-26,2,6,Chennai,Groceries,266,150,Warehouse_North,598,3
2024-06-26,2,6,Chennai,Clothing,110,800,Warehouse_West,973,1
2024-06-26,2,6,Chennai,Furniture,28,12000,Warehouse_West,811,1
2024-06-26,2,6,Chennai,Medicines,176,200,Warehouse_South,930,1
2024-06-26,2,6,Pune,Electronics,68,8500,Warehouse_North,204,3
2024-06-26,2,6,Pune,Groceries,203,150,Warehouse_South,976,1
2024-06-26,2,6,Pune,Clothing,85,800,Warehouse_West,881,2
2024-06-26,2,6,Pune,Furniture,20,12000,Warehouse_West,259,2
2024-06-26,2,6,Pune,Medicines,164,200,Warehouse_West,795,2
2024-06-26,2,6,Hyderabad,Electronics,47,8500,Warehouse_South,801,1
2024-06-26,2,6,Hyderabad,Groceries,215,150,Warehouse_West,899,4
2024-06-26,2,6,Hyderabad,Clothing,91,800,Warehouse_South,251,4
2024-06-26,2,6,Hyderabad,Furniture,27,12000,Warehouse_North,329,3
2024-06-26,2,6,Hyderabad,Medicines,168,200,Warehouse_West,299,1
2024-06-27,3,6,Mumbai,Electronics,88,8500,Warehouse_South,522,3
2024-06-27,3,6,Mumbai,Groceries,383,150,Warehouse_North,970,4
2024-06-27,3,6,Mumbai,Clothing,150,800,Warehouse_South,430,3
2024-06-27,3,6,Mumbai,Furniture,33,12000,Warehouse_North,911,4
2024-06-27,3,6,Mumbai,Medicines,300,200,Warehouse_South,227,3
2024-06-27,3,6,Delhi,Electronics,76,8500,Warehouse_West,805,2
2024-06-27,3,6,Delhi,Groceries,370,150,Warehouse_West,650,1
2024-06-27,3,6,Delhi,Clothing,128,800,Warehouse_South,634,3
2024-06-27,3,6,Delhi,Furniture,35,12000,Warehouse_West,749,3
2024-06-27,3,6,Delhi,Medicines,251,200,Warehouse_North,987,2
2024-06-27,3,6,Bangalore,Electronics,79,8500,Warehouse_South,811,3
2024-06-27,3,6,Bangalore,Groceries,290,150,Warehouse_West,478,1
2024-06-27,3,6,Bangalore,Clothing,130,800,Warehouse_West,224,1
2024-06-27,3,6,Bangalore,Furniture,31,12000,Warehouse_South,228,4
2024-06-27,3,6,Bangalore,Medicines,215,200,Warehouse_South,961,3
2024-06-27,3,6,Chennai,Electronics,57,8500,Warehouse_South,422,3
2024-06-27,3,6,Chennai,Groceries,258,150,Warehouse_North,372,4
2024-06-27,3,6,Chennai,Clothing,122,800,Warehouse_West,859,3
2024-06-27,3,6,Chennai,Furniture,22,12000,Warehouse_West,499,1
2024-06-27,3,6,Chennai,Medicines,184,200,Warehouse_South,711,4
2024-06-27,3,6,Pune,Electronics,52,8500,Warehouse_West,237,3
2024-06-27,3,6,Pune,Groceries,310,150,Warehouse_West,909,4
2024-06-27,3,6,Pune,Clothing,92,800,Warehouse_North,766,4
2024-06-27,3,6,Pune,Furniture,19,12000,Warehouse_North,820,3
2024-06-27,3,6,Pune,Medicines,165,200,Warehouse_West,637,4
2024-06-27,3,6,Hyderabad,Electronics,43,8500,Warehouse_South,213,3
2024-06-27,3,6,Hyderabad,Groceries,247,150,Warehouse_West,445,2
2024-06-27,3,6,Hyderabad,Clothing,86,800,Warehouse_North,442,2
2024-06-27,3,6,Hyderabad,Furniture,16,12000,Warehouse_South,964,3
2024-06-27,3,6,Hyderabad,Medicines,166,200,Warehouse_South,448,4
2024-06-28,4,6,Mumbai,Electronics,94,8500,Warehouse_South,580,2
2024-06-28,4,6,Mumbai,Groceries,378,150,Warehouse_North,798,1
2024-06-28,4,6,Mumbai,Clothing,147,800,Warehouse_West,512,3
2024-06-28,4,6,Mumbai,Furniture,29,12000,Warehouse_North,332,3
2024-06-28,4,6,Mumbai,Medicines,296,200,Warehouse_North,722,2
2024-06-28,4,6,Delhi,Electronics,66,8500,Warehouse_South,553,3
2024-06-28,4,6,Delhi,Groceries,350,150,Warehouse_West,687,2
2024-06-28,4,6,Delhi,Clothing,126,800,Warehouse_West,853,2
2024-06-28,4,6,Delhi,Furniture,31,12000,Warehouse_West,821,1
2024-06-28,4,6,Delhi,Medicines,242,200,Warehouse_North,654,1
2024-06-28,4,6,Bangalore,Electronics,58,8500,Warehouse_West,750,2
2024-06-28,4,6,Bangalore,Groceries,317,150,Warehouse_North,653,1
2024-06-28,4,6,Bangalore,Clothing,137,800,Warehouse_West,656,3
2024-06-28,4,6,Bangalore,Furniture,30,12000,Warehouse_South,306,4
2024-06-28,4,6,Bangalore,Medicines,246,200,Warehouse_North,995,4
2024-06-28,4,6,Chennai,Electronics,66,8500,Warehouse_West,619,4
2024-06-28,4,6,Chennai,Groceries,277,150,Warehouse_North,321,1
2024-06-28,4,6,Chennai,Clothing,91,800,Warehouse_West,574,3
2024-06-28,4,6,Chennai,Furniture,24,12000,Warehouse_West,791,2
2024-06-28,4,6,Chennai,Medicines,182,200,Warehouse_West,352,1
2024-06-28,4,6,Pune,Electronics,50,8500,Warehouse_South,622,4
2024-06-28,4,6,Pune,Groceries,223,150,Warehouse_South,799,1
2024-06-28,4,6,Pune,Clothing,115,800,Warehouse_West,781,2
2024-06-28,4,6,Pune,Furniture,18,12000,Warehouse_North,432,4
2024-06-28,4,6,Pune,Medicines,208,200,Warehouse_West,522,4
2024-06-28,4,6,Hyderabad,Electronics,56,8500,Warehouse_West,751,2
2024-06-28,4,6,Hyderabad,Groceries,230,150,Warehouse_North,749,4
2024-06-28,4,6,Hyderabad,Clothing,128,800,Warehouse_West,627,1
2024-06-28,4,6,Hyderabad,Furniture,22,12000,Warehouse_South,426,1
2024-06-28,4,6,Hyderabad,Medicines,151,200,Warehouse_West,253,1
2024-06-29,5,6,Mumbai,Electronics,115,8500,Warehouse_South,802,1
2024-06-29,5,6,Mumbai,Groceries,493,150,Warehouse_West,803,1
2024-06-29,5,6,Mumbai,Clothing,229,800,Warehouse_West,384,2
2024-06-29,5,6,Mumbai,Furniture,49,12000,Warehouse_North,471,1
2024-06-29,5,6,Mumbai,Medicines,391,200,Warehouse_South,847,2
2024-06-29,5,6,Delhi,Electronics,104,8500,Warehouse_West,465,1
2024-06-29,5,6,Delhi,Groceries,433,150,Warehouse_South,841,2
2024-06-29,5,6,Delhi,Clothing,196,800,Warehouse_South,350,3
2024-06-29,5,6,Delhi,Furniture,50,12000,Warehouse_North,793,2
2024-06-29,5,6,Delhi,Medicines,312,200,Warehouse_North,406,4
2024-06-29,5,6,Bangalore,Electronics,89,8500,Warehouse_South,361,2
2024-06-29,5,6,Bangalore,Groceries,493,150,Warehouse_South,303,2
2024-06-29,5,6,Bangalore,Clothing,177,800,Warehouse_West,473,4
2024-06-29,5,6,Bangalore,Furniture,47,12000,Warehouse_North,324,3
2024-06-29,5,6,Bangalore,Medicines,355,200,Warehouse_West,662,2
2024-06-29,5,6,Chennai,Electronics,83,8500,Warehouse_North,937,2
2024-06-29,5,6,Chennai,Groceries,401,150,Warehouse_West,719,3
2024-06-29,5,6,Chennai,Clothing,139,800,Warehouse_South,576,4
2024-06-29,5,6,Chennai,Furniture,43,12000,Warehouse_North,469,1
2024-06-29,5,6,Chennai,Medicines,272,200,Warehouse_North,330,1
2024-06-29,5,6,Pune,Electronics,78,8500,Warehouse_South,765,2
2024-06-29,5,6,Pune,Groceries,297,150,Warehouse_South,425,4
2024-06-29,5,6,Pune,Clothing,154,800,Warehouse_West,745,4
2024-06-29,5,6,Pune,Furniture,33,12000,Warehouse_South,554,1
2024-06-29,5,6,Pune,Medicines,248,200,Warehouse_South,314,1
2024-06-29,5,6,Hyderabad,Electronics,77,8500,Warehouse_West,861,4
2024-06-29,5,6,Hyderabad,Groceries,378,150,Warehouse_North,387,3
2024-06-29,5,6,Hyderabad,Clothing,116,800,Warehouse_North,204,2
2024-06-29,5,6,Hyderabad,Furniture,34,12000,Warehouse_North,883,1
2024-06-29,5,6,Hyderabad,Medicines,284,200,Warehouse_North,226,2
2024-06-30,6,6,Mumbai,Electronics,134,8500,Warehouse_West,790,2
2024-06-30,6,6,Mumbai,Groceries,504,150,Warehouse_South,969,3
2024-06-30,6,6,Mumbai,Clothing,202,800,Warehouse_West,445,3
2024-06-30,6,6,Mumbai,Furniture,50,12000,Warehouse_North,402,2
2024-06-30,6,6,Mumbai,Medicines,365,200,Warehouse_South,397,3
2024-06-30,6,6,Delhi,Electronics,109,8500,Warehouse_West,706,3
2024-06-30,6,6,Delhi,Groceries,529,150,Warehouse_West,943,1
2024-06-30,6,6,Delhi,Clothing,184,800,Warehouse_South,855,3
2024-06-30,6,6,Delhi,Furniture,50,12000,Warehouse_South,431,4
2024-06-30,6,6,Delhi,Medicines,429,200,Warehouse_South,908,1
2024-06-30,6,6,Bangalore,Electronics,106,8500,Warehouse_South,276,2
2024-06-30,6,6,Bangalore,Groceries,414,150,Warehouse_South,968,1
2024-06-30,6,6,Bangalore,Clothing,188,800,Warehouse_West,650,1
2024-06-30,6,6,Bangalore,Furniture,44,12000,Warehouse_South,483,2
2024-06-30,6,6,Bangalore,Medicines,323,200,Warehouse_South,427,1
2024-06-30,6,6,Chennai,Electronics,77,8500,Warehouse_West,842,3
2024-06-30,6,6,Chennai,Groceries,343,150,Warehouse_South,451,2
2024-06-30,6,6,Chennai,Clothing,154,800,Warehouse_South,269,3
2024-06-30,6,6,Chennai,Furniture,37,12000,Warehouse_North,787,3
2024-06-30,6,6,Chennai,Medicines,249,200,Warehouse_North,273,2
2024-06-30,6,6,Pune,Electronics,69,8500,Warehouse_South,455,3
2024-06-30,6,6,Pune,Groceries,323,150,Warehouse_West,227,2
2024-06-30,6,6,Pune,Clothing,135,800,Warehouse_West,776,1
2024-06-30,6,6,Pune,Furniture,36,12000,Warehouse_South,515,1
2024-06-30,6,6,Pune,Medicines,250,200,Warehouse_North,458,3
2024-06-30,6,6,Hyderabad,Electronics,78,8500,Warehouse_South,397,3
2024-06-30,6,6,Hyderabad,Groceries,374,150,Warehouse_North,940,4
2024-06-30,6,6,Hyderabad,Clothing,135,800,Warehouse_North,816,1
2024-06-30,6,6,Hyderabad,Furniture,35,12000,Warehouse_West,504,2
2024-06-30,6,6,Hyderabad,Medicines,197,200,Warehouse_North,723,4
2024-07-01,0,7,Mumbai,Electronics,59,8500,Warehouse_North,503,4
2024-07-01,0,7,Mumbai,Groceries,258,150,Warehouse_South,251,3
2024-07-01,0,7,Mumbai,Clothing,128,800,Warehouse_South,710,2
2024-07-01,0,7,Mumbai,Furniture,29,12000,Warehouse_North,400,3
2024-07-01,0,7,Mumbai,Medicines,229,200,Warehouse_North,329,3
2024-07-01,0,7,Delhi,Electronics,59,8500,Warehouse_South,828,4
2024-07-01,0,7,Delhi,Groceries,216,150,Warehouse_North,215,2
2024-07-01,0,7,Delhi,Clothing,92,800,Warehouse_South,408,2
2024-07-01,0,7,Delhi,Furniture,23,12000,Warehouse_South,504,1
2024-07-01,0,7,Delhi,Medicines,182,200,Warehouse_South,928,2
2024-07-01,0,7,Bangalore,Electronics,43,8500,Warehouse_South,814,1
2024-07-01,0,7,Bangalore,Groceries,260,150,Warehouse_South,775,2
2024-07-01,0,7,Bangalore,Clothing,64,800,Warehouse_North,767,3
2024-07-01,0,7,Bangalore,Furniture,18,12000,Warehouse_South,354,3
2024-07-01,0,7,Bangalore,Medicines,180,200,Warehouse_West,558,4
2024-07-01,0,7,Chennai,Electronics,34,8500,Warehouse_West,406,3
2024-07-01,0,7,Chennai,Groceries,208,150,Warehouse_North,769,3
2024-07-01,0,7,Chennai,Clothing,75,800,Warehouse_North,246,3
2024-07-01,0,7,Chennai,Furniture,22,12000,Warehouse_North,690,1
2024-07-01,0,7,Chennai,Medicines,140,200,Warehouse_West,823,1
2024-07-01,0,7,Pune,Electronics,44,8500,Warehouse_South,481,3
2024-07-01,0,7,Pune,Groceries,131,150,Warehouse_South,652,3
2024-07-01,0,7,Pune,Clothing,65,800,Warehouse_South,216,4
2024-07-01,0,7,Pune,Furniture,17,12000,Warehouse_West,591,3
2024-07-01,0,7,Pune,Medicines,163,200,Warehouse_North,739,1
2024-07-01,0,7,Hyderabad,Electronics,47,8500,Warehouse_North,708,4
2024-07-01,0,7,Hyderabad,Groceries,121,150,Warehouse_South,376,2
2024-07-01,0,7,Hyderabad,Clothing,75,800,Warehouse_North,644,3
2024-07-01,0,7,Hyderabad,Furniture,18,12000,Warehouse_West,295,4
2024-07-01,0,7,Hyderabad,Medicines,131,200,Warehouse_South,274,2
2024-07-02,1,7,Mumbai,Electronics,44,8500,Warehouse_West,445,3
2024-07-02,1,7,Mumbai,Groceries,237,150,Warehouse_West,369,3
2024-07-02,1,7,Mumbai,Clothing,112,800,Warehouse_South,793,4
2024-07-02,1,7,Mumbai,Furniture,28,12000,Warehouse_West,993,3
2024-07-02,1,7,Mumbai,Medicines,176,200,Warehouse_South,682,1
2024-07-02,1,7,Delhi,Electronics,50,8500,Warehouse_North,491,2
2024-07-02,1,7,Delhi,Groceries,189,150,Warehouse_West,841,1
2024-07-02,1,7,Delhi,Clothing,91,800,Warehouse_South,226,1
2024-07-02,1,7,Delhi,Furniture,22,12000,Warehouse_North,958,4
2024-07-02,1,7,Delhi,Medicines,127,200,Warehouse_West,432,1
2024-07-02,1,7,Bangalore,Electronics,52,8500,Warehouse_West,939,1
2024-07-02,1,7,Bangalore,Groceries,217,150,Warehouse_South,662,3
2024-07-02,1,7,Bangalore,Clothing,73,800,Warehouse_West,917,3
2024-07-02,1,7,Bangalore,Furniture,21,12000,Warehouse_West,844,2
2024-07-02,1,7,Bangalore,Medicines,181,200,Warehouse_West,273,3
2024-07-02,1,7,Chennai,Electronics,53,8500,Warehouse_South,947,4
2024-07-02,1,7,Chennai,Groceries,139,150,Warehouse_West,538,3
2024-07-02,1,7,Chennai,Clothing,77,800,Warehouse_North,714,4
2024-07-02,1,7,Chennai,Furniture,18,12000,Warehouse_North,770,4
2024-07-02,1,7,Chennai,Medicines,118,200,Warehouse_West,912,1
2024-07-02,1,7,Pune,Electronics,23,8500,Warehouse_West,277,4
2024-07-02,1,7,Pune,Groceries,167,150,Warehouse_South,667,4
2024-07-02,1,7,Pune,Clothing,62,800,Warehouse_South,764,4
2024-07-02,1,7,Pune,Furniture,15,12000,Warehouse_South,609,2
2024-07-02,1,7,Pune,Medicines,140,200,Warehouse_North,756,3
2024-07-02,1,7,Hyderabad,Electronics,36,8500,Warehouse_North,313,3
2024-07-02,1,7,Hyderabad,Groceries,163,150,Warehouse_South,862,4
2024-07-02,1,7,Hyderabad,Clothing,58,800,Warehouse_South,342,4
2024-07-02,1,7,Hyderabad,Furniture,18,12000,Warehouse_North,261,3
2024-07-02,1,7,Hyderabad,Medicines,149,200,Warehouse_West,595,4
2024-07-03,2,7,Mumbai,Electronics,59,8500,Warehouse_South,368,2
2024-07-03,2,7,Mumbai,Groceries,317,150,Warehouse_West,384,2
2024-07-03,2,7,Mumbai,Clothing,107,800,Warehouse_West,759,2
2024-07-03,2,7,Mumbai,Furniture,29,12000,Warehouse_South,534,4
2024-07-03,2,7,Mumbai,Medicines,220,200,Warehouse_West,669,2
2024-07-03,2,7,Delhi,Electronics,48,8500,Warehouse_North,692,2
2024-07-03,2,7,Delhi,Groceries,221,150,Warehouse_North,975,2
2024-07-03,2,7,Delhi,Clothing,82,800,Warehouse_North,380,4
2024-07-03,2,7,Delhi,Furniture,20,12000,Warehouse_South,846,4
2024-07-03,2,7,Delhi,Medicines,187,200,Warehouse_South,864,4
2024-07-03,2,7,Bangalore,Electronics,49,8500,Warehouse_South,509,2
2024-07-03,2,7,Bangalore,Groceries,257,150,Warehouse_West,589,3
2024-07-03,2,7,Bangalore,Clothing,92,800,Warehouse_North,782,2
2024-07-03,2,7,Bangalore,Furniture,24,12000,Warehouse_West,630,1
2024-07-03,2,7,Bangalore,Medicines,180,200,Warehouse_North,712,2
2024-07-03,2,7,Chennai,Electronics,35,8500,Warehouse_South,880,4
2024-07-03,2,7,Chennai,Groceries,193,150,Warehouse_South,501,4
2024-07-03,2,7,Chennai,Clothing,61,800,Warehouse_North,551,1
2024-07-03,2,7,Chennai,Furniture,18,12000,Warehouse_North,433,4
2024-07-03,2,7,Chennai,Medicines,121,200,Warehouse_West,325,1
2024-07-03,2,7,Pune,Electronics,42,8500,Warehouse_North,627,4
2024-07-03,2,7,Pune,Groceries,136,150,Warehouse_South,258,1
2024-07-03,2,7,Pune,Clothing,87,800,Warehouse_North,711,2
2024-07-03,2,7,Pune,Furniture,23,12000,Warehouse_South,948,2
2024-07-03,2,7,Pune,Medicines,136,200,Warehouse_North,827,4
2024-07-03,2,7,Hyderabad,Electronics,40,8500,Warehouse_North,618,4
2024-07-03,2,7,Hyderabad,Groceries,152,150,Warehouse_South,497,1
2024-07-03,2,7,Hyderabad,Clothing,46,800,Warehouse_South,503,2
2024-07-03,2,7,Hyderabad,Furniture,20,12000,Warehouse_South,739,1
2024-07-03,2,7,Hyderabad,Medicines,155,200,Warehouse_North,832,3
2024-07-04,3,7,Mumbai,Electronics,56,8500,Warehouse_West,984,2
2024-07-04,3,7,Mumbai,Groceries,271,150,Warehouse_South,798,4
2024-07-04,3,7,Mumbai,Clothing,92,800,Warehouse_South,996,2
2024-07-04,3,7,Mumbai,Furniture,27,12000,Warehouse_North,831,1
2024-07-04,3,7,Mumbai,Medicines,159,200,Warehouse_West,771,2
2024-07-04,3,7,Delhi,Electronics,62,8500,Warehouse_West,439,3
2024-07-04,3,7,Delhi,Groceries,170,150,Warehouse_West,272,3
2024-07-04,3,7,Delhi,Clothing,94,800,Warehouse_North,817,2
2024-07-04,3,7,Delhi,Furniture,24,12000,Warehouse_West,511,4
2024-07-04,3,7,Delhi,Medicines,137,200,Warehouse_North,868,2
2024-07-04,3,7,Bangalore,Electronics,54,8500,Warehouse_West,722,4
2024-07-04,3,7,Bangalore,Groceries,249,150,Warehouse_West,279,3
2024-07-04,3,7,Bangalore,Clothing,81,800,Warehouse_West,567,3
2024-07-04,3,7,Bangalore,Furniture,21,12000,Warehouse_North,795,2
2024-07-04,3,7,Bangalore,Medicines,163,200,Warehouse_North,748,2
2024-07-04,3,7,Chennai,Electronics,40,8500,Warehouse_West,813,3
2024-07-04,3,7,Chennai,Groceries,182,150,Warehouse_West,444,3
2024-07-04,3,7,Chennai,Clothing,63,800,Warehouse_North,924,2
2024-07-04,3,7,Chennai,Furniture,13,12000,Warehouse_West,751,3
2024-07-04,3,7,Chennai,Medicines,154,200,Warehouse_West,271,1
2024-07-04,3,7,Pune,Electronics,40,8500,Warehouse_West,789,3
2024-07-04,3,7,Pune,Groceries,203,150,Warehouse_North,417,1
2024-07-04,3,7,Pune,Clothing,82,800,Warehouse_South,613,1
2024-07-04,3,7,Pune,Furniture,22,12000,Warehouse_South,551,3
2024-07-04,3,7,Pune,Medicines,115,200,Warehouse_West,209,1
2024-07-04,3,7,Hyderabad,Electronics,43,8500,Warehouse_West,382,3
2024-07-04,3,7,Hyderabad,Groceries,153,150,Warehouse_North,858,2
2024-07-04,3,7,Hyderabad,Clothing,87,800,Warehouse_North,839,2
2024-07-04,3,7,Hyderabad,Furniture,17,12000,Warehouse_West,509,3
2024-07-04,3,7,Hyderabad,Medicines,131,200,Warehouse_South,419,3
2024-07-05,4,7,Mumbai,Electronics,50,8500,Warehouse_South,888,3
2024-07-05,4,7,Mumbai,Groceries,236,150,Warehouse_West,671,4
2024-07-05,4,7,Mumbai,Clothing,91,800,Warehouse_West,268,2
2024-07-05,4,7,Mumbai,Furniture,29,12000,Warehouse_West,932,4
2024-07-05,4,7,Mumbai,Medicines,193,200,Warehouse_South,416,3
2024-07-05,4,7,Delhi,Electronics,47,8500,Warehouse_South,579,2
2024-07-05,4,7,Delhi,Groceries,182,150,Warehouse_West,797,3
2024-07-05,4,7,Delhi,Clothing,80,800,Warehouse_North,709,1
2024-07-05,4,7,Delhi,Furniture,28,12000,Warehouse_South,456,1
2024-07-05,4,7,Delhi,Medicines,173,200,Warehouse_South,886,1
2024-07-05,4,7,Bangalore,Electronics,44,8500,Warehouse_West,702,3
2024-07-05,4,7,Bangalore,Groceries,227,150,Warehouse_South,742,4
2024-07-05,4,7,Bangalore,Clothing,69,800,Warehouse_West,355,4
2024-07-05,4,7,Bangalore,Furniture,21,12000,Warehouse_North,877,3
2024-07-05,4,7,Bangalore,Medicines,158,200,Warehouse_North,682,2
2024-07-05,4,7,Chennai,Electronics,44,8500,Warehouse_West,517,3
2024-07-05,4,7,Chennai,Groceries,211,150,Warehouse_West,295,4
2024-07-05,4,7,Chennai,Clothing,77,800,Warehouse_North,306,1
2024-07-05,4,7,Chennai,Furniture,21,12000,Warehouse_West,724,3
2024-07-05,4,7,Chennai,Medicines,156,200,Warehouse_South,862,4
2024-07-05,4,7,Pune,Electronics,38,8500,Warehouse_North,741,3
2024-07-05,4,7,Pune,Groceries,145,150,Warehouse_South,810,2
2024-07-05,4,7,Pune,Clothing,78,800,Warehouse_West,288,2
2024-07-05,4,7,Pune,Furniture,13,12000,Warehouse_West,966,2
2024-07-05,4,7,Pune,Medicines,94,200,Warehouse_West,893,2
2024-07-05,4,7,Hyderabad,Electronics,51,8500,Warehouse_West,892,3
2024-07-05,4,7,Hyderabad,Groceries,187,150,Warehouse_West,646,1
2024-07-05,4,7,Hyderabad,Clothing,53,800,Warehouse_West,267,4
2024-07-05,4,7,Hyderabad,Furniture,20,12000,Warehouse_North,758,3
2024-07-05,4,7,Hyderabad,Medicines,156,200,Warehouse_West,302,1
2024-07-06,5,7,Mumbai,Electronics,82,8500,Warehouse_West,841,3
2024-07-06,5,7,Mumbai,Groceries,317,150,Warehouse_West,501,4
2024-07-06,5,7,Mumbai,Clothing,162,800,Warehouse_North,497,1
2024-07-06,5,7,Mumbai,Furniture,36,12000,Warehouse_North,845,4
2024-07-06,5,7,Mumbai,Medicines,260,200,Warehouse_South,795,2
2024-07-06,5,7,Delhi,Electronics,71,8500,Warehouse_South,994,4
2024-07-06,5,7,Delhi,Groceries,356,150,Warehouse_South,201,2
2024-07-06,5,7,Delhi,Clothing,121,800,Warehouse_South,505,2
2024-07-06,5,7,Delhi,Furniture,29,12000,Warehouse_West,539,3
2024-07-06,5,7,Delhi,Medicines,246,200,Warehouse_South,408,2
2024-07-06,5,7,Bangalore,Electronics,66,8500,Warehouse_North,835,3
2024-07-06,5,7,Bangalore,Groceries,356,150,Warehouse_South,627,4
2024-07-06,5,7,Bangalore,Clothing,129,800,Warehouse_West,237,1
2024-07-06,5,7,Bangalore,Furniture,29,12000,Warehouse_South,903,1
2024-07-06,5,7,Bangalore,Medicines,263,200,Warehouse_West,393,4
2024-07-06,5,7,Chennai,Electronics,62,8500,Warehouse_North,261,3
2024-07-06,5,7,Chennai,Groceries,335,150,Warehouse_West,778,1
2024-07-06,5,7,Chennai,Clothing,104,800,Warehouse_South,900,3
2024-07-06,5,7,Chennai,Furniture,23,12000,Warehouse_South,207,2
2024-07-06,5,7,Chennai,Medicines,202,200,Warehouse_West,333,1
2024-07-06,5,7,Pune,Electronics,59,8500,Warehouse_South,287,2
2024-07-06,5,7,Pune,Groceries,217,150,Warehouse_West,343,1
2024-07-06,5,7,Pune,Clothing,85,800,Warehouse_West,501,1
2024-07-06,5,7,Pune,Furniture,21,12000,Warehouse_North,810,2
2024-07-06,5,7,Pune,Medicines,163,200,Warehouse_North,709,1
2024-07-06,5,7,Hyderabad,Electronics,58,8500,Warehouse_North,426,1
2024-07-06,5,7,Hyderabad,Groceries,305,150,Warehouse_West,939,2
2024-07-06,5,7,Hyderabad,Clothing,93,800,Warehouse_North,251,4
2024-07-06,5,7,Hyderabad,Furniture,18,12000,Warehouse_South,556,4
2024-07-06,5,7,Hyderabad,Medicines,124,200,Warehouse_West,280,1
2024-07-07,6,7,Mumbai,Electronics,70,8500,Warehouse_South,280,3
2024-07-07,6,7,Mumbai,Groceries,367,150,Warehouse_West,259,1
2024-07-07,6,7,Mumbai,Clothing,128,800,Warehouse_South,456,3
2024-07-07,6,7,Mumbai,Furniture,37,12000,Warehouse_South,587,3
2024-07-07,6,7,Mumbai,Medicines,277,200,Warehouse_North,508,2
2024-07-07,6,7,Delhi,Electronics,82,8500,Warehouse_North,377,4
2024-07-07,6,7,Delhi,Groceries,320,150,Warehouse_South,416,2
2024-07-07,6,7,Delhi,Clothing,125,800,Warehouse_South,526,1
2024-07-07,6,7,Delhi,Furniture,35,12000,Warehouse_South,974,4
2024-07-07,6,7,Delhi,Medicines,279,200,Warehouse_North,659,1
2024-07-07,6,7,Bangalore,Electronics,66,8500,Warehouse_West,668,4
2024-07-07,6,7,Bangalore,Groceries,312,150,Warehouse_South,376,2
2024-07-07,6,7,Bangalore,Clothing,112,800,Warehouse_South,837,3
2024-07-07,6,7,Bangalore,Furniture,30,12000,Warehouse_South,706,2
2024-07-07,6,7,Bangalore,Medicines,249,200,Warehouse_West,288,1
2024-07-07,6,7,Chennai,Electronics,63,8500,Warehouse_South,800,4
2024-07-07,6,7,Chennai,Groceries,314,150,Warehouse_North,753,3
2024-07-07,6,7,Chennai,Clothing,88,800,Warehouse_West,318,1
2024-07-07,6,7,Chennai,Furniture,25,12000,Warehouse_North,638,4
2024-07-07,6,7,Chennai,Medicines,173,200,Warehouse_North,359,2
2024-07-07,6,7,Pune,Electronics,47,8500,Warehouse_South,339,3
2024-07-07,6,7,Pune,Groceries,249,150,Warehouse_North,757,3
2024-07-07,6,7,Pune,Clothing,81,800,Warehouse_North,819,1
2024-07-07,6,7,Pune,Furniture,23,12000,Warehouse_South,986,3
2024-07-07,6,7,Pune,Medicines,139,200,Warehouse_South,629,3
2024-07-07,6,7,Hyderabad,Electronics,56,8500,Warehouse_West,675,4
2024-07-07,6,7,Hyderabad,Groceries,256,150,Warehouse_South,346,4
2024-07-07,6,7,Hyderabad,Clothing,104,800,Warehouse_North,319,2
2024-07-07,6,7,Hyderabad,Furniture,16,12000,Warehouse_South,647,4
2024-07-07,6,7,Hyderabad,Medicines,121,200,Warehouse_West,669,3
2024-07-08,0,7,Mumbai,Electronics,59,8500,Warehouse_North,283,1
2024-07-08,0,7,Mumbai,Groceries,253,150,Warehouse_West,879,2
2024-07-08,0,7,Mumbai,Clothing,105,800,Warehouse_North,352,4
2024-07-08,0,7,Mumbai,Furniture,19,12000,Warehouse_North,644,2
2024-07-08,0,7,Mumbai,Medicines,167,200,Warehouse_North,964,4
2024-07-08,0,7,Delhi,Electronics,51,8500,Warehouse_North,411,4
2024-07-08,0,7,Delhi,Groceries,307,150,Warehouse_West,941,3
2024-07-08,0,7,Delhi,Clothing,86,800,Warehouse_West,693,3
2024-07-08,0,7,Delhi,Furniture,23,12000,Warehouse_South,820,3
2024-07-08,0,7,Delhi,Medicines,175,200,Warehouse_North,527,4
2024-07-08,0,7,Bangalore,Electronics,55,8500,Warehouse_North,892,2
2024-07-08,0,7,Bangalore,Groceries,212,150,Warehouse_West,714,1
2024-07-08,0,7,Bangalore,Clothing,88,800,Warehouse_South,488,1
2024-07-08,0,7,Bangalore,Furniture,25,12000,Warehouse_West,457,4
2024-07-08,0,7,Bangalore,Medicines,195,200,Warehouse_North,239,2
2024-07-08,0,7,Chennai,Electronics,40,8500,Warehouse_South,471,4
2024-07-08,0,7,Chennai,Groceries,190,150,Warehouse_West,936,2
2024-07-08,0,7,Chennai,Clothing,53,800,Warehouse_West,434,3
2024-07-08,0,7,Chennai,Furniture,19,12000,Warehouse_South,384,3
2024-07-08,0,7,Chennai,Medicines,135,200,Warehouse_West,641,4
2024-07-08,0,7,Pune,Electronics,25,8500,Warehouse_North,873,2
2024-07-08,0,7,Pune,Groceries,251,150,Warehouse_North,471,1
2024-07-08,0,7,Pune,Clothing,91,800,Warehouse_South,972,3
2024-07-08,0,7,Pune,Furniture,18,12000,Warehouse_North,682,1
2024-07-08,0,7,Pune,Medicines,120,200,Warehouse_South,673,2
2024-07-08,0,7,Hyderabad,Electronics,31,8500,Warehouse_South,283,2
2024-07-08,0,7,Hyderabad,Groceries,199,150,Warehouse_West,594,2
2024-07-08,0,7,Hyderabad,Clothing,75,800,Warehouse_West,668,3
2024-07-08,0,7,Hyderabad,Furniture,23,12000,Warehouse_West,771,1
2024-07-08,0,7,Hyderabad,Medicines,130,200,Warehouse_North,440,2
2024-07-09,1,7,Mumbai,Electronics,56,8500,Warehouse_North,439,4
2024-07-09,1,7,Mumbai,Groceries,269,150,Warehouse_South,359,1
2024-07-09,1,7,Mumbai,Clothing,130,800,Warehouse_North,580,1
2024-07-09,1,7,Mumbai,Furniture,24,12000,Warehouse_North,930,1
2024-07-09,1,7,Mumbai,Medicines,223,200,Warehouse_West,333,2
2024-07-09,1,7,Delhi,Electronics,46,8500,Warehouse_West,404,2
2024-07-09,1,7,Delhi,Groceries,289,150,Warehouse_North,204,2
2024-07-09,1,7,Delhi,Clothing,125,800,Warehouse_West,635,4
2024-07-09,1,7,Delhi,Furniture,25,12000,Warehouse_West,479,4
2024-07-09,1,7,Delhi,Medicines,201,200,Warehouse_North,680,1
2024-07-09,1,7,Bangalore,Electronics,49,8500,Warehouse_South,661,2
2024-07-09,1,7,Bangalore,Groceries,191,150,Warehouse_South,351,1
2024-07-09,1,7,Bangalore,Clothing,88,800,Warehouse_West,412,3
2024-07-09,1,7,Bangalore,Furniture,27,12000,Warehouse_South,588,1
2024-07-09,1,7,Bangalore,Medicines,164,200,Warehouse_West,610,1
2024-07-09,1,7,Chennai,Electronics,42,8500,Warehouse_South,311,1
2024-07-09,1,7,Chennai,Groceries,205,150,Warehouse_South,784,1
2024-07-09,1,7,Chennai,Clothing,69,800,Warehouse_West,744,4
2024-07-09,1,7,Chennai,Furniture,18,12000,Warehouse_North,861,4
2024-07-09,1,7,Chennai,Medicines,134,200,Warehouse_South,385,3
2024-07-09,1,7,Pune,Electronics,41,8500,Warehouse_North,217,2
2024-07-09,1,7,Pune,Groceries,144,150,Warehouse_South,531,1
2024-07-09,1,7,Pune,Clothing,67,800,Warehouse_West,362,3
2024-07-09,1,7,Pune,Furniture,14,12000,Warehouse_North,440,1
2024-07-09,1,7,Pune,Medicines,159,200,Warehouse_West,813,2
2024-07-09,1,7,Hyderabad,Electronics,32,8500,Warehouse_West,241,4
2024-07-09,1,7,Hyderabad,Groceries,186,150,Warehouse_North,973,3
2024-07-09,1,7,Hyderabad,Clothing,69,800,Warehouse_West,823,1
2024-07-09,1,7,Hyderabad,Furniture,19,12000,Warehouse_South,492,4
2024-07-09,1,7,Hyderabad,Medicines,172,200,Warehouse_West,676,2
2024-07-10,2,7,Mumbai,Electronics,46,8500,Warehouse_North,926,4
2024-07-10,2,7,Mumbai,Groceries,285,150,Warehouse_South,602,4
2024-07-10,2,7,Mumbai,Clothing,97,800,Warehouse_North,674,3
2024-07-10,2,7,Mumbai,Furniture,26,12000,Warehouse_South,572,2
2024-07-10,2,7,Mumbai,Medicines,213,200,Warehouse_South,217,1
2024-07-10,2,7,Delhi,Electronics,47,8500,Warehouse_North,480,2
2024-07-10,2,7,Delhi,Groceries,233,150,Warehouse_South,537,2
2024-07-10,2,7,Delhi,Clothing,86,800,Warehouse_West,554,4
2024-07-10,2,7,Delhi,Furniture,24,12000,Warehouse_North,411,1
2024-07-10,2,7,Delhi,Medicines,173,200,Warehouse_North,402,1
2024-07-10,2,7,Bangalore,Electronics,54,8500,Warehouse_South,628,1
2024-07-10,2,7,Bangalore,Groceries,254,150,Warehouse_West,956,1
2024-07-10,2,7,Bangalore,Clothing,84,800,Warehouse_North,741,3
2024-07-10,2,7,Bangalore,Furniture,24,12000,Warehouse_West,681,2
2024-07-10,2,7,Bangalore,Medicines,178,200,Warehouse_North,274,1
2024-07-10,2,7,Chennai,Electronics,41,8500,Warehouse_North,697,4
2024-07-10,2,7,Chennai,Groceries,190,150,Warehouse_North,452,4
2024-07-10,2,7,Chennai,Clothing,77,800,Warehouse_North,535,1
2024-07-10,2,7,Chennai,Furniture,19,12000,Warehouse_West,301,3
2024-07-10,2,7,Chennai,Medicines,169,200,Warehouse_North,892,4
2024-07-10,2,7,Pune,Electronics,40,8500,Warehouse_North,465,2
2024-07-10,2,7,Pune,Groceries,181,150,Warehouse_West,956,3
2024-07-10,2,7,Pune,Clothing,56,800,Warehouse_West,581,1
2024-07-10,2,7,Pune,Furniture,15,12000,Warehouse_North,406,3
2024-07-10,2,7,Pune,Medicines,141,200,Warehouse_South,321,2
2024-07-10,2,7,Hyderabad,Electronics,40,8500,Warehouse_West,844,1
2024-07-10,2,7,Hyderabad,Groceries,159,150,Warehouse_South,867,4
2024-07-10,2,7,Hyderabad,Clothing,74,800,Warehouse_North,259,2
2024-07-10,2,7,Hyderabad,Furniture,13,12000,Warehouse_North,686,1
2024-07-10,2,7,Hyderabad,Medicines,123,200,Warehouse_South,488,1
2024-07-11,3,7,Mumbai,Electronics,54,8500,Warehouse_North,374,1
2024-07-11,3,7,Mumbai,Groceries,244,150,Warehouse_West,673,3
2024-07-11,3,7,Mumbai,Clothing,81,800,Warehouse_South,575,4
2024-07-11,3,7,Mumbai,Furniture,22,12000,Warehouse_South,235,4
2024-07-11,3,7,Mumbai,Medicines,174,200,Warehouse_South,877,2
2024-07-11,3,7,Delhi,Electronics,42,8500,Warehouse_South,690,1
2024-07-11,3,7,Delhi,Groceries,266,150,Warehouse_North,661,2
2024-07-11,3,7,Delhi,Clothing,106,800,Warehouse_West,380,1
2024-07-11,3,7,Delhi,Furniture,18,12000,Warehouse_North,683,2
2024-07-11,3,7,Delhi,Medicines,149,200,Warehouse_North,724,3
2024-07-11,3,7,Bangalore,Electronics,57,8500,Warehouse_West,589,4
2024-07-11,3,7,Bangalore,Groceries,169,150,Warehouse_South,814,3
2024-07-11,3,7,Bangalore,Clothing,86,800,Warehouse_North,592,1
2024-07-11,3,7,Bangalore,Furniture,23,12000,Warehouse_West,502,4
2024-07-11,3,7,Bangalore,Medicines,194,200,Warehouse_West,328,1
2024-07-11,3,7,Chennai,Electronics,36,8500,Warehouse_South,746,2
2024-07-11,3,7,Chennai,Groceries,224,150,Warehouse_West,242,4
2024-07-11,3,7,Chennai,Clothing,77,800,Warehouse_North,804,4
2024-07-11,3,7,Chennai,Furniture,18,12000,Warehouse_North,491,2
2024-07-11,3,7,Chennai,Medicines,161,200,Warehouse_South,346,1
2024-07-11,3,7,Pune,Electronics,40,8500,Warehouse_West,681,3
2024-07-11,3,7,Pune,Groceries,134,150,Warehouse_South,374,3
2024-07-11,3,7,Pune,Clothing,50,800,Warehouse_South,488,2
2024-07-11,3,7,Pune,Furniture,16,12000,Warehouse_South,701,4
2024-07-11,3,7,Pune,Medicines,125,200,Warehouse_West,692,1
2024-07-11,3,7,Hyderabad,Electronics,40,8500,Warehouse_North,771,2
2024-07-11,3,7,Hyderabad,Groceries,156,150,Warehouse_North,468,4
2024-07-11,3,7,Hyderabad,Clothing,74,800,Warehouse_South,414,3
2024-07-11,3,7,Hyderabad,Furniture,15,12000,Warehouse_North,558,2
2024-07-11,3,7,Hyderabad,Medicines,138,200,Warehouse_North,559,3
2024-07-12,4,7,Mumbai,Electronics,40,8500,Warehouse_South,535,3
2024-07-12,4,7,Mumbai,Groceries,224,150,Warehouse_North,861,1
2024-07-12,4,7,Mumbai,Clothing,110,800,Warehouse_South,484,2
2024-07-12,4,7,Mumbai,Furniture,28,12000,Warehouse_South,585,2
2024-07-12,4,7,Mumbai,Medicines,186,200,Warehouse_North,799,1
2024-07-12,4,7,Delhi,Electronics,42,8500,Warehouse_North,955,2
2024-07-12,4,7,Delhi,Groceries,215,150,Warehouse_South,661,2
2024-07-12,4,7,Delhi,Clothing,122,800,Warehouse_North,437,2
2024-07-12,4,7,Delhi,Furniture,25,12000,Warehouse_South,698,3
2024-07-12,4,7,Delhi,Medicines,180,200,Warehouse_North,915,3
2024-07-12,4,7,Bangalore,Electronics,54,8500,Warehouse_North,260,1
2024-07-12,4,7,Bangalore,Groceries,231,150,Warehouse_West,689,1
2024-07-12,4,7,Bangalore,Clothing,76,800,Warehouse_South,672,2
2024-07-12,4,7,Bangalore,Furniture,26,12000,Warehouse_South,802,3
2024-07-12,4,7,Bangalore,Medicines,161,200,Warehouse_North,874,1
2024-07-12,4,7,Chennai,Electronics,32,8500,Warehouse_South,319,2
2024-07-12,4,7,Chennai,Groceries,251,150,Warehouse_West,449,4
2024-07-12,4,7,Chennai,Clothing,71,800,Warehouse_South,615,4
2024-07-12,4,7,Chennai,Furniture,16,12000,Warehouse_North,419,4
2024-07-12,4,7,Chennai,Medicines,164,200,Warehouse_West,867,4
2024-07-12,4,7,Pune,Electronics,42,8500,Warehouse_West,809,3
2024-07-12,4,7,Pune,Groceries,171,150,Warehouse_South,356,2
2024-07-12,4,7,Pune,Clothing,77,800,Warehouse_West,963,1
2024-07-12,4,7,Pune,Furniture,17,12000,Warehouse_South,319,3
2024-07-12,4,7,Pune,Medicines,121,200,Warehouse_North,381,1
2024-07-12,4,7,Hyderabad,Electronics,33,8500,Warehouse_South,988,1
2024-07-12,4,7,Hyderabad,Groceries,132,150,Warehouse_West,468,1
2024-07-12,4,7,Hyderabad,Clothing,66,800,Warehouse_West,348,2
2024-07-12,4,7,Hyderabad,Furniture,19,12000,Warehouse_South,995,3
2024-07-12,4,7,Hyderabad,Medicines,102,200,Warehouse_West,255,3
2024-07-13,5,7,Mumbai,Electronics,80,8500,Warehouse_North,554,3
2024-07-13,5,7,Mumbai,Groceries,377,150,Warehouse_North,998,1
2024-07-13,5,7,Mumbai,Clothing,155,800,Warehouse_South,847,2
2024-07-13,5,7,Mumbai,Furniture,34,12000,Warehouse_North,865,2
2024-07-13,5,7,Mumbai,Medicines,281,200,Warehouse_West,283,4
2024-07-13,5,7,Delhi,Electronics,82,8500,Warehouse_South,524,3
2024-07-13,5,7,Delhi,Groceries,294,150,Warehouse_North,722,2
2024-07-13,5,7,Delhi,Clothing,150,800,Warehouse_West,858,3
2024-07-13,5,7,Delhi,Furniture,35,12000,Warehouse_North,930,1
2024-07-13,5,7,Delhi,Medicines,263,200,Warehouse_South,409,4
2024-07-13,5,7,Bangalore,Electronics,77,8500,Warehouse_North,824,1
2024-07-13,5,7,Bangalore,Groceries,321,150,Warehouse_West,955,4
2024-07-13,5,7,Bangalore,Clothing,119,800,Warehouse_South,566,3
2024-07-13,5,7,Bangalore,Furniture,28,12000,Warehouse_North,312,4
2024-07-13,5,7,Bangalore,Medicines,264,200,Warehouse_North,944,2
2024-07-13,5,7,Chennai,Electronics,60,8500,Warehouse_West,291,1
2024-07-13,5,7,Chennai,Groceries,275,150,Warehouse_West,791,3
2024-07-13,5,7,Chennai,Clothing,95,800,Warehouse_West,439,1
2024-07-13,5,7,Chennai,Furniture,25,12000,Warehouse_South,479,4
2024-07-13,5,7,Chennai,Medicines,167,200,Warehouse_South,351,3
2024-07-13,5,7,Pune,Electronics,47,8500,Warehouse_West,429,1
2024-07-13,5,7,Pune,Groceries,255,150,Warehouse_West,487,3
2024-07-13,5,7,Pune,Clothing,87,800,Warehouse_West,310,1
2024-07-13,5,7,Pune,Furniture,23,12000,Warehouse_West,722,3
2024-07-13,5,7,Pune,Medicines,217,200,Warehouse_West,638,1
2024-07-13,5,7,Hyderabad,Electronics,55,8500,Warehouse_North,431,1
2024-07-13,5,7,Hyderabad,Groceries,265,150,Warehouse_North,838,1
2024-07-13,5,7,Hyderabad,Clothing,101,800,Warehouse_West,832,4
2024-07-13,5,7,Hyderabad,Furniture,22,12000,Warehouse_North,496,2
2024-07-13,5,7,Hyderabad,Medicines,192,200,Warehouse_West,469,4
2024-07-14,6,7,Mumbai,Electronics,84,8500,Warehouse_South,824,1
2024-07-14,6,7,Mumbai,Groceries,378,150,Warehouse_South,590,1
2024-07-14,6,7,Mumbai,Clothing,149,800,Warehouse_North,866,3
2024-07-14,6,7,Mumbai,Furniture,34,12000,Warehouse_South,850,3
2024-07-14,6,7,Mumbai,Medicines,265,200,Warehouse_South,653,3
2024-07-14,6,7,Delhi,Electronics,81,8500,Warehouse_West,341,4
2024-07-14,6,7,Delhi,Groceries,296,150,Warehouse_South,771,4
2024-07-14,6,7,Delhi,Clothing,143,800,Warehouse_South,583,2
2024-07-14,6,7,Delhi,Furniture,33,12000,Warehouse_South,769,4
2024-07-14,6,7,Delhi,Medicines,275,200,Warehouse_North,671,2
2024-07-14,6,7,Bangalore,Electronics,72,8500,Warehouse_North,389,2
2024-07-14,6,7,Bangalore,Groceries,305,150,Warehouse_West,651,3
2024-07-14,6,7,Bangalore,Clothing,125,800,Warehouse_South,991,4
2024-07-14,6,7,Bangalore,Furniture,33,12000,Warehouse_West,838,4
2024-07-14,6,7,Bangalore,Medicines,248,200,Warehouse_North,719,1
2024-07-14,6,7,Chennai,Electronics,61,8500,Warehouse_West,593,1
2024-07-14,6,7,Chennai,Groceries,307,150,Warehouse_South,924,4
2024-07-14,6,7,Chennai,Clothing,110,800,Warehouse_West,290,4
2024-07-14,6,7,Chennai,Furniture,27,12000,Warehouse_North,649,3
2024-07-14,6,7,Chennai,Medicines,220,200,Warehouse_North,824,2
2024-07-14,6,7,Pune,Electronics,53,8500,Warehouse_North,845,4
2024-07-14,6,7,Pune,Groceries,183,150,Warehouse_West,522,4
2024-07-14,6,7,Pune,Clothing,78,800,Warehouse_North,519,1
2024-07-14,6,7,Pune,Furniture,22,12000,Warehouse_North,447,4
2024-07-14,6,7,Pune,Medicines,170,200,Warehouse_West,912,4
2024-07-14,6,7,Hyderabad,Electronics,47,8500,Warehouse_North,556,4
2024-07-14,6,7,Hyderabad,Groceries,242,150,Warehouse_West,235,3
2024-07-14,6,7,Hyderabad,Clothing,86,800,Warehouse_North,345,4
2024-07-14,6,7,Hyderabad,Furniture,23,12000,Warehouse_North,474,3
2024-07-14,6,7,Hyderabad,Medicines,132,200,Warehouse_South,696,1
2024-07-15,0,7,Mumbai,Electronics,66,8500,Warehouse_West,653,3
2024-07-15,0,7,Mumbai,Groceries,249,150,Warehouse_South,742,1
2024-07-15,0,7,Mumbai,Clothing,103,800,Warehouse_North,368,4
2024-07-15,0,7,Mumbai,Furniture,23,12000,Warehouse_South,542,2
2024-07-15,0,7,Mumbai,Medicines,201,200,Warehouse_West,921,1
2024-07-15,0,7,Delhi,Electronics,36,8500,Warehouse_North,473,2
2024-07-15,0,7,Delhi,Groceries,153,150,Warehouse_West,309,1
2024-07-15,0,7,Delhi,Clothing,92,800,Warehouse_West,527,3
2024-07-15,0,7,Delhi,Furniture,22,12000,Warehouse_South,492,1
2024-07-15,0,7,Delhi,Medicines,163,200,Warehouse_North,400,1
2024-07-15,0,7,Bangalore,Electronics,59,8500,Warehouse_South,858,2
2024-07-15,0,7,Bangalore,Groceries,196,150,Warehouse_North,780,3
2024-07-15,0,7,Bangalore,Clothing,76,800,Warehouse_North,856,4
2024-07-15,0,7,Bangalore,Furniture,20,12000,Warehouse_North,376,3
2024-07-15,0,7,Bangalore,Medicines,189,200,Warehouse_South,540,1
2024-07-15,0,7,Chennai,Electronics,37,8500,Warehouse_North,373,3
2024-07-15,0,7,Chennai,Groceries,207,150,Warehouse_North,878,4
2024-07-15,0,7,Chennai,Clothing,87,800,Warehouse_North,436,4
2024-07-15,0,7,Chennai,Furniture,15,12000,Warehouse_North,566,4
2024-07-15,0,7,Chennai,Medicines,146,200,Warehouse_South,447,2
2024-07-15,0,7,Pune,Electronics,32,8500,Warehouse_South,898,2
2024-07-15,0,7,Pune,Groceries,126,150,Warehouse_North,473,4
2024-07-15,0,7,Pune,Clothing,59,800,Warehouse_North,840,1
2024-07-15,0,7,Pune,Furniture,14,12000,Warehouse_West,595,4
2024-07-15,0,7,Pune,Medicines,103,200,Warehouse_West,897,1
2024-07-15,0,7,Hyderabad,Electronics,37,8500,Warehouse_North,967,3
2024-07-15,0,7,Hyderabad,Groceries,218,150,Warehouse_North,574,1
2024-07-15,0,7,Hyderabad,Clothing,91,800,Warehouse_West,563,2
2024-07-15,0,7,Hyderabad,Furniture,19,12000,Warehouse_West,705,2
2024-07-15,0,7,Hyderabad,Medicines,124,200,Warehouse_North,306,1
2024-07-16,1,7,Mumbai,Electronics,60,8500,Warehouse_North,787,3
2024-07-16,1,7,Mumbai,Groceries,240,150,Warehouse_North,787,1
2024-07-16,1,7,Mumbai,Clothing,126,800,Warehouse_South,357,4
2024-07-16,1,7,Mumbai,Furniture,26,12000,Warehouse_North,276,3
2024-07-16,1,7,Mumbai,Medicines,178,200,Warehouse_North,306,1
2024-07-16,1,7,Delhi,Electronics,54,8500,Warehouse_West,227,4
2024-07-16,1,7,Delhi,Groceries,245,150,Warehouse_West,738,1
2024-07-16,1,7,Delhi,Clothing,98,800,Warehouse_South,612,3
2024-07-16,1,7,Delhi,Furniture,22,12000,Warehouse_North,775,4
2024-07-16,1,7,Delhi,Medicines,157,200,Warehouse_South,683,2
2024-07-16,1,7,Bangalore,Electronics,48,8500,Warehouse_North,595,1
2024-07-16,1,7,Bangalore,Groceries,217,150,Warehouse_South,579,3
2024-07-16,1,7,Bangalore,Clothing,67,800,Warehouse_West,596,2
2024-07-16,1,7,Bangalore,Furniture,25,12000,Warehouse_South,761,3
2024-07-16,1,7,Bangalore,Medicines,147,200,Warehouse_West,898,2
2024-07-16,1,7,Chennai,Electronics,50,8500,Warehouse_West,208,4
2024-07-16,1,7,Chennai,Groceries,192,150,Warehouse_West,990,3
2024-07-16,1,7,Chennai,Clothing,68,800,Warehouse_South,989,1
2024-07-16,1,7,Chennai,Furniture,10,12000,Warehouse_West,652,2
2024-07-16,1,7,Chennai,Medicines,122,200,Warehouse_West,676,1
2024-07-16,1,7,Pune,Electronics,29,8500,Warehouse_North,493,1
2024-07-16,1,7,Pune,Groceries,161,150,Warehouse_West,359,4
2024-07-16,1,7,Pune,Clothing,66,800,Warehouse_West,781,1
2024-07-16,1,7,Pune,Furniture,17,12000,Warehouse_South,445,3
2024-07-16,1,7,Pune,Medicines,152,200,Warehouse_North,746,3
2024-07-16,1,7,Hyderabad,Electronics,46,8500,Warehouse_West,309,2
2024-07-16,1,7,Hyderabad,Groceries,158,150,Warehouse_West,265,2
2024-07-16,1,7,Hyderabad,Clothing,65,800,Warehouse_North,778,4
2024-07-16,1,7,Hyderabad,Furniture,16,12000,Warehouse_North,460,1
2024-07-16,1,7,Hyderabad,Medicines,130,200,Warehouse_North,455,4
2024-07-17,2,7,Mumbai,Electronics,65,8500,Warehouse_South,206,1
2024-07-17,2,7,Mumbai,Groceries,250,150,Warehouse_West,802,4
2024-07-17,2,7,Mumbai,Clothing,110,800,Warehouse_South,251,3
2024-07-17,2,7,Mumbai,Furniture,29,12000,Warehouse_West,717,2
2024-07-17,2,7,Mumbai,Medicines,232,200,Warehouse_South,401,2
2024-07-17,2,7,Delhi,Electronics,47,8500,Warehouse_North,413,4
2024-07-17,2,7,Delhi,Groceries,211,150,Warehouse_North,722,1
2024-07-17,2,7,Delhi,Clothing,78,800,Warehouse_South,591,4
2024-07-17,2,7,Delhi,Furniture,21,12000,Warehouse_South,682,1
2024-07-17,2,7,Delhi,Medicines,189,200,Warehouse_South,628,1
2024-07-17,2,7,Bangalore,Electronics,43,8500,Warehouse_South,499,2
2024-07-17,2,7,Bangalore,Groceries,188,150,Warehouse_North,512,1
2024-07-17,2,7,Bangalore,Clothing,97,800,Warehouse_South,703,1
2024-07-17,2,7,Bangalore,Furniture,15,12000,Warehouse_West,216,3
2024-07-17,2,7,Bangalore,Medicines,160,200,Warehouse_North,244,4
2024-07-17,2,7,Chennai,Electronics,40,8500,Warehouse_West,888,3
2024-07-17,2,7,Chennai,Groceries,205,150,Warehouse_North,994,4
2024-07-17,2,7,Chennai,Clothing,87,800,Warehouse_South,282,1
2024-07-17,2,7,Chennai,Furniture,17,12000,Warehouse_West,205,4
2024-07-17,2,7,Chennai,Medicines,94,200,Warehouse_West,724,3
2024-07-17,2,7,Pune,Electronics,36,8500,Warehouse_North,964,4
2024-07-17,2,7,Pune,Groceries,148,150,Warehouse_North,230,4
2024-07-17,2,7,Pune,Clothing,70,800,Warehouse_North,876,2
2024-07-17,2,7,Pune,Furniture,19,12000,Warehouse_West,992,3
2024-07-17,2,7,Pune,Medicines,148,200,Warehouse_North,811,2
2024-07-17,2,7,Hyderabad,Electronics,35,8500,Warehouse_South,627,1
2024-07-17,2,7,Hyderabad,Groceries,182,150,Warehouse_West,289,1
2024-07-17,2,7,Hyderabad,Clothing,65,800,Warehouse_West,338,1
2024-07-17,2,7,Hyderabad,Furniture,17,12000,Warehouse_South,381,3
2024-07-17,2,7,Hyderabad,Medicines,120,200,Warehouse_South,833,1
2024-07-18,3,7,Mumbai,Electronics,52,8500,Warehouse_West,258,2
2024-07-18,3,7,Mumbai,Groceries,282,150,Warehouse_South,968,1
2024-07-18,3,7,Mumbai,Clothing,124,800,Warehouse_South,666,4
2024-07-18,3,7,Mumbai,Furniture,26,12000,Warehouse_North,422,4
2024-07-18,3,7,Mumbai,Medicines,206,200,Warehouse_South,803,3
2024-07-18,3,7,Delhi,Electronics,65,8500,Warehouse_West,280,4
2024-07-18,3,7,Delhi,Groceries,244,150,Warehouse_West,596,4
2024-07-18,3,7,Delhi,Clothing,108,800,Warehouse_West,347,3
2024-07-18,3,7,Delhi,Furniture,23,12000,Warehouse_West,928,4
2024-07-18,3,7,Delhi,Medicines,232,200,Warehouse_North,744,2
2024-07-18,3,7,Bangalore,Electronics,54,8500,Warehouse_South,751,4
2024-07-18,3,7,Bangalore,Groceries,199,150,Warehouse_West,327,3
2024-07-18,3,7,Bangalore,Clothing,86,800,Warehouse_North,476,2
2024-07-18,3,7,Bangalore,Furniture,24,12000,Warehouse_South,574,4
2024-07-18,3,7,Bangalore,Medicines,183,200,Warehouse_West,535,3
2024-07-18,3,7,Chennai,Electronics,47,8500,Warehouse_North,484,1
2024-07-18,3,7,Chennai,Groceries,231,150,Warehouse_South,911,3
2024-07-18,3,7,Chennai,Clothing,71,800,Warehouse_North,297,4
2024-07-18,3,7,Chennai,Furniture,17,12000,Warehouse_West,222,1
2024-07-18,3,7,Chennai,Medicines,153,200,Warehouse_North,668,4
2024-07-18,3,7,Pune,Electronics,30,8500,Warehouse_North,958,2
2024-07-18,3,7,Pune,Groceries,164,150,Warehouse_South,476,4
2024-07-18,3,7,Pune,Clothing,69,800,Warehouse_North,658,2
2024-07-18,3,7,Pune,Furniture,17,12000,Warehouse_South,897,4
2024-07-18,3,7,Pune,Medicines,120,200,Warehouse_North,655,3
2024-07-18,3,7,Hyderabad,Electronics,44,8500,Warehouse_North,695,3
2024-07-18,3,7,Hyderabad,Groceries,148,150,Warehouse_North,967,3
2024-07-18,3,7,Hyderabad,Clothing,62,800,Warehouse_North,592,4
2024-07-18,3,7,Hyderabad,Furniture,15,12000,Warehouse_North,749,3
2024-07-18,3,7,Hyderabad,Medicines,137,200,Warehouse_West,251,1
2024-07-19,4,7,Mumbai,Electronics,69,8500,Warehouse_North,577,1
2024-07-19,4,7,Mumbai,Groceries,246,150,Warehouse_West,341,2
2024-07-19,4,7,Mumbai,Clothing,94,800,Warehouse_North,831,2
2024-07-19,4,7,Mumbai,Furniture,28,12000,Warehouse_North,500,4
2024-07-19,4,7,Mumbai,Medicines,164,200,Warehouse_South,765,2
2024-07-19,4,7,Delhi,Electronics,59,8500,Warehouse_West,780,2
2024-07-19,4,7,Delhi,Groceries,287,150,Warehouse_West,270,3
2024-07-19,4,7,Delhi,Clothing,83,800,Warehouse_North,811,1
2024-07-19,4,7,Delhi,Furniture,28,12000,Warehouse_North,504,3
2024-07-19,4,7,Delhi,Medicines,149,200,Warehouse_South,757,1
2024-07-19,4,7,Bangalore,Electronics,42,8500,Warehouse_North,216,3
2024-07-19,4,7,Bangalore,Groceries,243,150,Warehouse_South,633,3
2024-07-19,4,7,Bangalore,Clothing,84,800,Warehouse_South,925,1
2024-07-19,4,7,Bangalore,Furniture,26,12000,Warehouse_South,483,1
2024-07-19,4,7,Bangalore,Medicines,153,200,Warehouse_West,317,4
2024-07-19,4,7,Chennai,Electronics,40,8500,Warehouse_West,539,1
2024-07-19,4,7,Chennai,Groceries,205,150,Warehouse_West,668,2
2024-07-19,4,7,Chennai,Clothing,71,800,Warehouse_North,959,3
2024-07-19,4,7,Chennai,Furniture,17,12000,Warehouse_South,904,3
2024-07-19,4,7,Chennai,Medicines,142,200,Warehouse_West,572,4
2024-07-19,4,7,Pune,Electronics,41,8500,Warehouse_West,919,3
2024-07-19,4,7,Pune,Groceries,158,150,Warehouse_South,601,4
2024-07-19,4,7,Pune,Clothing,65,800,Warehouse_North,387,1
2024-07-19,4,7,Pune,Furniture,17,12000,Warehouse_North,398,2
2024-07-19,4,7,Pune,Medicines,152,200,Warehouse_West,750,3
2024-07-19,4,7,Hyderabad,Electronics,36,8500,Warehouse_North,209,3
2024-07-19,4,7,Hyderabad,Groceries,162,150,Warehouse_North,296,3
2024-07-19,4,7,Hyderabad,Clothing,59,800,Warehouse_South,297,1
2024-07-19,4,7,Hyderabad,Furniture,18,12000,Warehouse_North,855,4
2024-07-19,4,7,Hyderabad,Medicines,131,200,Warehouse_West,574,4
2024-07-20,5,7,Mumbai,Electronics,73,8500,Warehouse_West,238,1
2024-07-20,5,7,Mumbai,Groceries,346,150,Warehouse_North,303,2
2024-07-20,5,7,Mumbai,Clothing,128,800,Warehouse_North,885,4
2024-07-20,5,7,Mumbai,Furniture,35,12000,Warehouse_South,308,3
2024-07-20,5,7,Mumbai,Medicines,278,200,Warehouse_North,970,1
2024-07-20,5,7,Delhi,Electronics,69,8500,Warehouse_North,294,1
2024-07-20,5,7,Delhi,Groceries,299,150,Warehouse_South,664,3
2024-07-20,5,7,Delhi,Clothing,119,800,Warehouse_North,747,2
2024-07-20,5,7,Delhi,Furniture,28,12000,Warehouse_West,595,4
2024-07-20,5,7,Delhi,Medicines,246,200,Warehouse_West,556,4
2024-07-20,5,7,Bangalore,Electronics,71,8500,Warehouse_West,531,4
2024-07-20,5,7,Bangalore,Groceries,359,150,Warehouse_North,900,4
2024-07-20,5,7,Bangalore,Clothing,115,800,Warehouse_West,668,2
2024-07-20,5,7,Bangalore,Furniture,33,12000,Warehouse_West,905,2
2024-07-20,5,7,Bangalore,Medicines,212,200,Warehouse_North,760,3
2024-07-20,5,7,Chennai,Electronics,69,8500,Warehouse_West,862,3
2024-07-20,5,7,Chennai,Groceries,307,150,Warehouse_West,297,3
2024-07-20,5,7,Chennai,Clothing,127,800,Warehouse_West,569,1
2024-07-20,5,7,Chennai,Furniture,27,12000,Warehouse_West,817,2
2024-07-20,5,7,Chennai,Medicines,226,200,Warehouse_South,438,4
2024-07-20,5,7,Pune,Electronics,46,8500,Warehouse_West,640,1
2024-07-20,5,7,Pune,Groceries,299,150,Warehouse_West,280,1
2024-07-20,5,7,Pune,Clothing,89,800,Warehouse_South,598,2
2024-07-20,5,7,Pune,Furniture,24,12000,Warehouse_West,322,1
2024-07-20,5,7,Pune,Medicines,163,200,Warehouse_South,570,1
2024-07-20,5,7,Hyderabad,Electronics,40,8500,Warehouse_South,906,4
2024-07-20,5,7,Hyderabad,Groceries,276,150,Warehouse_South,495,2
2024-07-20,5,7,Hyderabad,Clothing,94,800,Warehouse_North,245,4
2024-07-20,5,7,Hyderabad,Furniture,27,12000,Warehouse_South,772,4
2024-07-20,5,7,Hyderabad,Medicines,163,200,Warehouse_West,793,3
2024-07-21,6,7,Mumbai,Electronics,82,8500,Warehouse_South,788,1
2024-07-21,6,7,Mumbai,Groceries,367,150,Warehouse_West,292,3
2024-07-21,6,7,Mumbai,Clothing,149,800,Warehouse_North,340,3
2024-07-21,6,7,Mumbai,Furniture,39,12000,Warehouse_West,878,4
2024-07-21,6,7,Mumbai,Medicines,269,200,Warehouse_South,736,3
2024-07-21,6,7,Delhi,Electronics,83,8500,Warehouse_North,568,4
2024-07-21,6,7,Delhi,Groceries,297,150,Warehouse_South,218,2
2024-07-21,6,7,Delhi,Clothing,136,800,Warehouse_North,704,2
2024-07-21,6,7,Delhi,Furniture,36,12000,Warehouse_South,920,3
2024-07-21,6,7,Delhi,Medicines,221,200,Warehouse_South,698,1
2024-07-21,6,7,Bangalore,Electronics,67,8500,Warehouse_West,884,1
2024-07-21,6,7,Bangalore,Groceries,355,150,Warehouse_North,549,3
2024-07-21,6,7,Bangalore,Clothing,114,800,Warehouse_North,426,3
2024-07-21,6,7,Bangalore,Furniture,31,12000,Warehouse_North,411,4
2024-07-21,6,7,Bangalore,Medicines,229,200,Warehouse_West,839,4
2024-07-21,6,7,Chennai,Electronics,51,8500,Warehouse_West,390,3
2024-07-21,6,7,Chennai,Groceries,266,150,Warehouse_South,526,1
2024-07-21,6,7,Chennai,Clothing,128,800,Warehouse_West,564,4
2024-07-21,6,7,Chennai,Furniture,22,12000,Warehouse_South,728,1
2024-07-21,6,7,Chennai,Medicines,177,200,Warehouse_South,821,2
2024-07-21,6,7,Pune,Electronics,61,8500,Warehouse_South,874,3
2024-07-21,6,7,Pune,Groceries,207,150,Warehouse_West,910,4
2024-07-21,6,7,Pune,Clothing,110,800,Warehouse_South,745,3
2024-07-21,6,7,Pune,Furniture,23,12000,Warehouse_North,895,1
2024-07-21,6,7,Pune,Medicines,183,200,Warehouse_North,318,1
2024-07-21,6,7,Hyderabad,Electronics,50,8500,Warehouse_South,892,3
2024-07-21,6,7,Hyderabad,Groceries,227,150,Warehouse_West,532,2
2024-07-21,6,7,Hyderabad,Clothing,113,800,Warehouse_West,658,2
2024-07-21,6,7,Hyderabad,Furniture,23,12000,Warehouse_South,704,3
2024-07-21,6,7,Hyderabad,Medicines,174,200,Warehouse_South,811,3
2024-07-22,0,7,Mumbai,Electronics,61,8500,Warehouse_South,811,4
2024-07-22,0,7,Mumbai,Groceries,260,150,Warehouse_South,962,2
2024-07-22,0,7,Mumbai,Clothing,107,800,Warehouse_North,873,2
2024-07-22,0,7,Mumbai,Furniture,24,12000,Warehouse_West,603,1
2024-07-22,0,7,Mumbai,Medicines,167,200,Warehouse_North,497,4
2024-07-22,0,7,Delhi,Electronics,50,8500,Warehouse_North,697,3
2024-07-22,0,7,Delhi,Groceries,212,150,Warehouse_North,493,4
2024-07-22,0,7,Delhi,Clothing,98,800,Warehouse_South,886,1
2024-07-22,0,7,Delhi,Furniture,29,12000,Warehouse_North,936,2
2024-07-22,0,7,Delhi,Medicines,200,200,Warehouse_South,554,1
2024-07-22,0,7,Bangalore,Electronics,45,8500,Warehouse_South,267,3
2024-07-22,0,7,Bangalore,Groceries,188,150,Warehouse_South,276,3
2024-07-22,0,7,Bangalore,Clothing,95,800,Warehouse_West,891,3
2024-07-22,0,7,Bangalore,Furniture,20,12000,Warehouse_South,558,1
2024-07-22,0,7,Bangalore,Medicines,177,200,Warehouse_West,327,4
2024-07-22,0,7,Chennai,Electronics,44,8500,Warehouse_North,531,3
2024-07-22,0,7,Chennai,Groceries,176,150,Warehouse_West,767,1
2024-07-22,0,7,Chennai,Clothing,61,800,Warehouse_North,805,2
2024-07-22,0,7,Chennai,Furniture,15,12000,Warehouse_South,601,1
2024-07-22,0,7,Chennai,Medicines,138,200,Warehouse_South,531,4
2024-07-22,0,7,Pune,Electronics,44,8500,Warehouse_West,597,2
2024-07-22,0,7,Pune,Groceries,130,150,Warehouse_West,229,4
2024-07-22,0,7,Pune,Clothing,71,800,Warehouse_West,351,2
2024-07-22,0,7,Pune,Furniture,19,12000,Warehouse_South,705,2
2024-07-22,0,7,Pune,Medicines,188,200,Warehouse_South,754,2
2024-07-22,0,7,Hyderabad,Electronics,35,8500,Warehouse_North,811,3
2024-07-22,0,7,Hyderabad,Groceries,155,150,Warehouse_North,951,1
2024-07-22,0,7,Hyderabad,Clothing,59,800,Warehouse_North,647,4
2024-07-22,0,7,Hyderabad,Furniture,17,12000,Warehouse_North,720,1
2024-07-22,0,7,Hyderabad,Medicines,142,200,Warehouse_South,632,3
2024-07-23,1,7,Mumbai,Electronics,57,8500,Warehouse_North,330,1
2024-07-23,1,7,Mumbai,Groceries,232,150,Warehouse_North,988,4
2024-07-23,1,7,Mumbai,Clothing,87,800,Warehouse_North,631,3
2024-07-23,1,7,Mumbai,Furniture,28,12000,Warehouse_South,598,4
2024-07-23,1,7,Mumbai,Medicines,194,200,Warehouse_North,920,2
2024-07-23,1,7,Delhi,Electronics,60,8500,Warehouse_North,442,1
2024-07-23,1,7,Delhi,Groceries,239,150,Warehouse_West,207,4
2024-07-23,1,7,Delhi,Clothing,95,800,Warehouse_West,232,2
2024-07-23,1,7,Delhi,Furniture,17,12000,Warehouse_West,236,3
2024-07-23,1,7,Delhi,Medicines,157,200,Warehouse_West,939,2
2024-07-23,1,7,Bangalore,Electronics,50,8500,Warehouse_North,339,2
2024-07-23,1,7,Bangalore,Groceries,240,150,Warehouse_South,560,4
2024-07-23,1,7,Bangalore,Clothing,96,800,Warehouse_West,728,4
2024-07-23,1,7,Bangalore,Furniture,16,12000,Warehouse_West,431,2
2024-07-23,1,7,Bangalore,Medicines,137,200,Warehouse_South,771,3
2024-07-23,1,7,Chennai,Electronics,39,8500,Warehouse_North,694,1
2024-07-23,1,7,Chennai,Groceries,171,150,Warehouse_West,414,3
2024-07-23,1,7,Chennai,Clothing,71,800,Warehouse_South,388,2
2024-07-23,1,7,Chennai,Furniture,20,12000,Warehouse_South,460,2
2024-07-23,1,7,Chennai,Medicines,124,200,Warehouse_South,704,2
2024-07-23,1,7,Pune,Electronics,36,8500,Warehouse_West,365,1
2024-07-23,1,7,Pune,Groceries,152,150,Warehouse_South,574,1
2024-07-23,1,7,Pune,Clothing,80,800,Warehouse_South,234,4
2024-07-23,1,7,Pune,Furniture,13,12000,Warehouse_West,517,3
2024-07-23,1,7,Pune,Medicines,125,200,Warehouse_South,278,1
2024-07-23,1,7,Hyderabad,Electronics,52,8500,Warehouse_North,648,1
2024-07-23,1,7,Hyderabad,Groceries,187,150,Warehouse_South,372,3
2024-07-23,1,7,Hyderabad,Clothing,61,800,Warehouse_South,709,2
2024-07-23,1,7,Hyderabad,Furniture,18,12000,Warehouse_South,364,3
2024-07-23,1,7,Hyderabad,Medicines,111,200,Warehouse_South,890,3
2024-07-24,2,7,Mumbai,Electronics,56,8500,Warehouse_South,442,3
2024-07-24,2,7,Mumbai,Groceries,226,150,Warehouse_South,958,3
2024-07-24,2,7,Mumbai,Clothing,107,800,Warehouse_North,974,3
2024-07-24,2,7,Mumbai,Furniture,30,12000,Warehouse_South,424,3
2024-07-24,2,7,Mumbai,Medicines,197,200,Warehouse_North,876,3
2024-07-24,2,7,Delhi,Electronics,51,8500,Warehouse_North,407,4
2024-07-24,2,7,Delhi,Groceries,209,150,Warehouse_West,941,2
2024-07-24,2,7,Delhi,Clothing,103,800,Warehouse_South,858,4
2024-07-24,2,7,Delhi,Furniture,23,12000,Warehouse_North,483,2
2024-07-24,2,7,Delhi,Medicines,155,200,Warehouse_West,752,4
2024-07-24,2,7,Bangalore,Electronics,58,8500,Warehouse_South,798,2
2024-07-24,2,7,Bangalore,Groceries,260,150,Warehouse_South,399,3
2024-07-24,2,7,Bangalore,Clothing,92,800,Warehouse_South,731,1
2024-07-24,2,7,Bangalore,Furniture,24,12000,Warehouse_West,590,4
2024-07-24,2,7,Bangalore,Medicines,186,200,Warehouse_West,988,4
2024-07-24,2,7,Chennai,Electronics,39,8500,Warehouse_South,941,3
2024-07-24,2,7,Chennai,Groceries,192,150,Warehouse_North,458,4
2024-07-24,2,7,Chennai,Clothing,57,800,Warehouse_West,627,3
2024-07-24,2,7,Chennai,Furniture,14,12000,Warehouse_West,335,4
2024-07-24,2,7,Chennai,Medicines,159,200,Warehouse_West,685,2
2024-07-24,2,7,Pune,Electronics,39,8500,Warehouse_West,969,3
2024-07-24,2,7,Pune,Groceries,115,150,Warehouse_North,323,4
2024-07-24,2,7,Pune,Clothing,78,800,Warehouse_South,798,1
2024-07-24,2,7,Pune,Furniture,18,12000,Warehouse_West,999,3
2024-07-24,2,7,Pune,Medicines,124,200,Warehouse_West,364,2
2024-07-24,2,7,Hyderabad,Electronics,38,8500,Warehouse_North,876,3
2024-07-24,2,7,Hyderabad,Groceries,178,150,Warehouse_North,891,4
2024-07-24,2,7,Hyderabad,Clothing,72,800,Warehouse_West,533,4
2024-07-24,2,7,Hyderabad,Furniture,21,12000,Warehouse_North,760,3
2024-07-24,2,7,Hyderabad,Medicines,133,200,Warehouse_West,817,4
2024-07-25,3,7,Mumbai,Electronics,54,8500,Warehouse_North,526,3
2024-07-25,3,7,Mumbai,Groceries,278,150,Warehouse_West,236,4
2024-07-25,3,7,Mumbai,Clothing,92,800,Warehouse_West,972,2
2024-07-25,3,7,Mumbai,Furniture,29,12000,Warehouse_South,863,2
2024-07-25,3,7,Mumbai,Medicines,180,200,Warehouse_South,834,4
2024-07-25,3,7,Delhi,Electronics,69,8500,Warehouse_North,331,1
2024-07-25,3,7,Delhi,Groceries,235,150,Warehouse_West,324,4
2024-07-25,3,7,Delhi,Clothing,93,800,Warehouse_North,672,4
2024-07-25,3,7,Delhi,Furniture,25,12000,Warehouse_West,427,2
2024-07-25,3,7,Delhi,Medicines,182,200,Warehouse_West,623,1
2024-07-25,3,7,Bangalore,Electronics,60,8500,Warehouse_South,241,1
2024-07-25,3,7,Bangalore,Groceries,197,150,Warehouse_North,602,3
2024-07-25,3,7,Bangalore,Clothing,96,800,Warehouse_North,629,4
2024-07-25,3,7,Bangalore,Furniture,20,12000,Warehouse_North,988,2
2024-07-25,3,7,Bangalore,Medicines,145,200,Warehouse_South,793,2
2024-07-25,3,7,Chennai,Electronics,48,8500,Warehouse_South,452,4
2024-07-25,3,7,Chennai,Groceries,235,150,Warehouse_West,610,4
2024-07-25,3,7,Chennai,Clothing,80,800,Warehouse_South,678,3
2024-07-25,3,7,Chennai,Furniture,18,12000,Warehouse_South,419,4
2024-07-25,3,7,Chennai,Medicines,161,200,Warehouse_South,489,4
2024-07-25,3,7,Pune,Electronics,31,8500,Warehouse_West,279,2
2024-07-25,3,7,Pune,Groceries,163,150,Warehouse_West,902,3
2024-07-25,3,7,Pune,Clothing,67,800,Warehouse_West,913,4
2024-07-25,3,7,Pune,Furniture,19,12000,Warehouse_North,436,4
2024-07-25,3,7,Pune,Medicines,127,200,Warehouse_West,661,2
2024-07-25,3,7,Hyderabad,Electronics,46,8500,Warehouse_South,801,1
2024-07-25,3,7,Hyderabad,Groceries,145,150,Warehouse_South,373,4
2024-07-25,3,7,Hyderabad,Clothing,71,800,Warehouse_West,584,1
2024-07-25,3,7,Hyderabad,Furniture,15,12000,Warehouse_North,819,4
2024-07-25,3,7,Hyderabad,Medicines,105,200,Warehouse_West,502,4
2024-07-26,4,7,Mumbai,Electronics,61,8500,Warehouse_South,979,4
2024-07-26,4,7,Mumbai,Groceries,261,150,Warehouse_North,515,4
2024-07-26,4,7,Mumbai,Clothing,80,800,Warehouse_South,852,2
2024-07-26,4,7,Mumbai,Furniture,24,12000,Warehouse_South,595,3
2024-07-26,4,7,Mumbai,Medicines,191,200,Warehouse_North,626,4
2024-07-26,4,7,Delhi,Electronics,69,8500,Warehouse_West,314,3
2024-07-26,4,7,Delhi,Groceries,221,150,Warehouse_North,497,3
2024-07-26,4,7,Delhi,Clothing,69,800,Warehouse_North,557,4
2024-07-26,4,7,Delhi,Furniture,23,12000,Warehouse_South,469,2
2024-07-26,4,7,Delhi,Medicines,183,200,Warehouse_North,408,2
2024-07-26,4,7,Bangalore,Electronics,52,8500,Warehouse_North,267,2
2024-07-26,4,7,Bangalore,Groceries,256,150,Warehouse_West,978,2
2024-07-26,4,7,Bangalore,Clothing,76,800,Warehouse_North,953,1
2024-07-26,4,7,Bangalore,Furniture,19,12000,Warehouse_West,218,4
2024-07-26,4,7,Bangalore,Medicines,179,200,Warehouse_South,382,1
2024-07-26,4,7,Chennai,Electronics,54,8500,Warehouse_South,598,1
2024-07-26,4,7,Chennai,Groceries,241,150,Warehouse_West,646,1
2024-07-26,4,7,Chennai,Clothing,77,800,Warehouse_West,626,2
2024-07-26,4,7,Chennai,Furniture,15,12000,Warehouse_West,996,3
2024-07-26,4,7,Chennai,Medicines,116,200,Warehouse_North,665,4
2024-07-26,4,7,Pune,Electronics,33,8500,Warehouse_North,936,2
2024-07-26,4,7,Pune,Groceries,232,150,Warehouse_West,430,4
2024-07-26,4,7,Pune,Clothing,60,800,Warehouse_South,936,2
2024-07-26,4,7,Pune,Furniture,16,12000,Warehouse_South,446,2
2024-07-26,4,7,Pune,Medicines,147,200,Warehouse_West,375,1
2024-07-26,4,7,Hyderabad,Electronics,31,8500,Warehouse_West,771,1
2024-07-26,4,7,Hyderabad,Groceries,180,150,Warehouse_West,370,2
2024-07-26,4,7,Hyderabad,Clothing,89,800,Warehouse_North,541,2
2024-07-26,4,7,Hyderabad,Furniture,18,12000,Warehouse_West,301,1
2024-07-26,4,7,Hyderabad,Medicines,140,200,Warehouse_West,972,3
2024-07-27,5,7,Mumbai,Electronics,80,8500,Warehouse_North,605,1
2024-07-27,5,7,Mumbai,Groceries,366,150,Warehouse_West,230,3
2024-07-27,5,7,Mumbai,Clothing,148,800,Warehouse_West,310,4
2024-07-27,5,7,Mumbai,Furniture,29,12000,Warehouse_West,572,4
2024-07-27,5,7,Mumbai,Medicines,275,200,Warehouse_South,354,1
2024-07-27,5,7,Delhi,Electronics,77,8500,Warehouse_West,234,3
2024-07-27,5,7,Delhi,Groceries,385,150,Warehouse_South,615,4
2024-07-27,5,7,Delhi,Clothing,138,800,Warehouse_North,646,2
2024-07-27,5,7,Delhi,Furniture,33,12000,Warehouse_North,624,4
2024-07-27,5,7,Delhi,Medicines,280,200,Warehouse_South,304,2
2024-07-27,5,7,Bangalore,Electronics,66,8500,Warehouse_North,465,2
2024-07-27,5,7,Bangalore,Groceries,306,150,Warehouse_North,947,4
2024-07-27,5,7,Bangalore,Clothing,123,800,Warehouse_South,403,3
2024-07-27,5,7,Bangalore,Furniture,27,12000,Warehouse_South,696,2
2024-07-27,5,7,Bangalore,Medicines,225,200,Warehouse_North,279,3
2024-07-27,5,7,Chennai,Electronics,65,8500,Warehouse_West,504,2
2024-07-27,5,7,Chennai,Groceries,257,150,Warehouse_South,368,2
2024-07-27,5,7,Chennai,Clothing,105,800,Warehouse_South,435,3
2024-07-27,5,7,Chennai,Furniture,29,12000,Warehouse_West,805,1
2024-07-27,5,7,Chennai,Medicines,206,200,Warehouse_South,452,2
2024-07-27,5,7,Pune,Electronics,60,8500,Warehouse_North,616,1
2024-07-27,5,7,Pune,Groceries,232,150,Warehouse_West,421,1
2024-07-27,5,7,Pune,Clothing,91,800,Warehouse_North,219,1
2024-07-27,5,7,Pune,Furniture,23,12000,Warehouse_South,427,2
2024-07-27,5,7,Pune,Medicines,173,200,Warehouse_West,818,1
2024-07-27,5,7,Hyderabad,Electronics,51,8500,Warehouse_South,950,3
2024-07-27,5,7,Hyderabad,Groceries,221,150,Warehouse_South,486,1
2024-07-27,5,7,Hyderabad,Clothing,78,800,Warehouse_North,439,2
2024-07-27,5,7,Hyderabad,Furniture,19,12000,Warehouse_South,994,3
2024-07-27,5,7,Hyderabad,Medicines,139,200,Warehouse_North,911,4
2024-07-28,6,7,Mumbai,Electronics,74,8500,Warehouse_West,574,3
2024-07-28,6,7,Mumbai,Groceries,302,150,Warehouse_South,221,3
2024-07-28,6,7,Mumbai,Clothing,148,800,Warehouse_West,226,1
2024-07-28,6,7,Mumbai,Furniture,37,12000,Warehouse_North,344,3
2024-07-28,6,7,Mumbai,Medicines,258,200,Warehouse_South,876,2
2024-07-28,6,7,Delhi,Electronics,79,8500,Warehouse_North,617,3
2024-07-28,6,7,Delhi,Groceries,288,150,Warehouse_West,974,4
2024-07-28,6,7,Delhi,Clothing,149,800,Warehouse_South,370,1
2024-07-28,6,7,Delhi,Furniture,36,12000,Warehouse_North,962,1
2024-07-28,6,7,Delhi,Medicines,257,200,Warehouse_West,501,2
2024-07-28,6,7,Bangalore,Electronics,66,8500,Warehouse_South,305,3
2024-07-28,6,7,Bangalore,Groceries,311,150,Warehouse_South,743,4
2024-07-28,6,7,Bangalore,Clothing,111,800,Warehouse_West,996,2
2024-07-28,6,7,Bangalore,Furniture,31,12000,Warehouse_West,513,1
2024-07-28,6,7,Bangalore,Medicines,214,200,Warehouse_North,664,4
2024-07-28,6,7,Chennai,Electronics,59,8500,Warehouse_North,528,4
2024-07-28,6,7,Chennai,Groceries,287,150,Warehouse_West,856,3
2024-07-28,6,7,Chennai,Clothing,107,800,Warehouse_South,920,4
2024-07-28,6,7,Chennai,Furniture,25,12000,Warehouse_South,998,3
2024-07-28,6,7,Chennai,Medicines,172,200,Warehouse_North,271,4
2024-07-28,6,7,Pune,Electronics,57,8500,Warehouse_North,726,4
2024-07-28,6,7,Pune,Groceries,241,150,Warehouse_South,511,4
2024-07-28,6,7,Pune,Clothing,84,800,Warehouse_North,546,1
2024-07-28,6,7,Pune,Furniture,21,12000,Warehouse_West,596,1
2024-07-28,6,7,Pune,Medicines,205,200,Warehouse_West,661,1
2024-07-28,6,7,Hyderabad,Electronics,50,8500,Warehouse_North,997,1
2024-07-28,6,7,Hyderabad,Groceries,251,150,Warehouse_South,331,2
2024-07-28,6,7,Hyderabad,Clothing,103,800,Warehouse_West,616,4
2024-07-28,6,7,Hyderabad,Furniture,23,12000,Warehouse_West,235,1
2024-07-28,6,7,Hyderabad,Medicines,177,200,Warehouse_West,818,4
2024-07-29,0,7,Mumbai,Electronics,67,8500,Warehouse_North,956,1
2024-07-29,0,7,Mumbai,Groceries,260,150,Warehouse_North,967,2
2024-07-29,0,7,Mumbai,Clothing,99,800,Warehouse_West,395,2
2024-07-29,0,7,Mumbai,Furniture,25,12000,Warehouse_North,263,4
2024-07-29,0,7,Mumbai,Medicines,193,200,Warehouse_South,408,3
2024-07-29,0,7,Delhi,Electronics,54,8500,Warehouse_West,784,4
2024-07-29,0,7,Delhi,Groceries,246,150,Warehouse_North,915,2
2024-07-29,0,7,Delhi,Clothing,83,800,Warehouse_West,723,3
2024-07-29,0,7,Delhi,Furniture,20,12000,Warehouse_South,846,1
2024-07-29,0,7,Delhi,Medicines,216,200,Warehouse_South,257,1
2024-07-29,0,7,Bangalore,Electronics,48,8500,Warehouse_West,293,3
2024-07-29,0,7,Bangalore,Groceries,173,150,Warehouse_North,783,3
2024-07-29,0,7,Bangalore,Clothing,101,800,Warehouse_North,740,2
2024-07-29,0,7,Bangalore,Furniture,22,12000,Warehouse_West,788,3
2024-07-29,0,7,Bangalore,Medicines,111,200,Warehouse_West,541,1
2024-07-29,0,7,Chennai,Electronics,49,8500,Warehouse_North,731,1
2024-07-29,0,7,Chennai,Groceries,202,150,Warehouse_South,778,1
2024-07-29,0,7,Chennai,Clothing,77,800,Warehouse_North,635,2
2024-07-29,0,7,Chennai,Furniture,19,12000,Warehouse_North,253,3
2024-07-29,0,7,Chennai,Medicines,150,200,Warehouse_South,779,2
2024-07-29,0,7,Pune,Electronics,39,8500,Warehouse_North,726,3
2024-07-29,0,7,Pune,Groceries,169,150,Warehouse_West,486,3
2024-07-29,0,7,Pune,Clothing,58,800,Warehouse_North,974,1
2024-07-29,0,7,Pune,Furniture,12,12000,Warehouse_South,580,1
2024-07-29,0,7,Pune,Medicines,140,200,Warehouse_South,367,4
2024-07-29,0,7,Hyderabad,Electronics,36,8500,Warehouse_South,235,4
2024-07-29,0,7,Hyderabad,Groceries,189,150,Warehouse_West,419,3
2024-07-29,0,7,Hyderabad,Clothing,60,800,Warehouse_South,976,2
2024-07-29,0,7,Hyderabad,Furniture,14,12000,Warehouse_South,620,3
2024-07-29,0,7,Hyderabad,Medicines,173,200,Warehouse_West,488,1
2024-07-30,1,7,Mumbai,Electronics,55,8500,Warehouse_South,417,3
2024-07-30,1,7,Mumbai,Groceries,235,150,Warehouse_West,382,4
2024-07-30,1,7,Mumbai,Clothing,96,800,Warehouse_North,796,1
2024-07-30,1,7,Mumbai,Furniture,27,12000,Warehouse_West,673,1
2024-07-30,1,7,Mumbai,Medicines,172,200,Warehouse_South,518,3
2024-07-30,1,7,Delhi,Electronics,52,8500,Warehouse_West,816,1
2024-07-30,1,7,Delhi,Groceries,226,150,Warehouse_West,569,4
2024-07-30,1,7,Delhi,Clothing,105,800,Warehouse_West,551,2
2024-07-30,1,7,Delhi,Furniture,24,12000,Warehouse_West,919,3
2024-07-30,1,7,Delhi,Medicines,153,200,Warehouse_South,736,2
2024-07-30,1,7,Bangalore,Electronics,45,8500,Warehouse_North,297,4
2024-07-30,1,7,Bangalore,Groceries,249,150,Warehouse_North,929,3
2024-07-30,1,7,Bangalore,Clothing,86,800,Warehouse_West,555,3
2024-07-30,1,7,Bangalore,Furniture,24,12000,Warehouse_West,449,4
2024-07-30,1,7,Bangalore,Medicines,130,200,Warehouse_North,857,2
2024-07-30,1,7,Chennai,Electronics,33,8500,Warehouse_North,511,3
2024-07-30,1,7,Chennai,Groceries,136,150,Warehouse_South,998,2
2024-07-30,1,7,Chennai,Clothing,79,800,Warehouse_West,928,4
2024-07-30,1,7,Chennai,Furniture,22,12000,Warehouse_North,836,4
2024-07-30,1,7,Chennai,Medicines,175,200,Warehouse_North,554,1
2024-07-30,1,7,Pune,Electronics,32,8500,Warehouse_West,516,4
2024-07-30,1,7,Pune,Groceries,221,150,Warehouse_North,788,3
2024-07-30,1,7,Pune,Clothing,77,800,Warehouse_West,486,4
2024-07-30,1,7,Pune,Furniture,19,12000,Warehouse_South,729,1
2024-07-30,1,7,Pune,Medicines,157,200,Warehouse_South,450,1
2024-07-30,1,7,Hyderabad,Electronics,44,8500,Warehouse_South,494,3
2024-07-30,1,7,Hyderabad,Groceries,141,150,Warehouse_South,794,3
2024-07-30,1,7,Hyderabad,Clothing,65,800,Warehouse_West,335,2
2024-07-30,1,7,Hyderabad,Furniture,18,12000,Warehouse_South,729,4
2024-07-30,1,7,Hyderabad,Medicines,99,200,Warehouse_West,865,3
2024-07-31,2,7,Mumbai,Electronics,56,8500,Warehouse_North,843,1
2024-07-31,2,7,Mumbai,Groceries,255,150,Warehouse_South,468,4
2024-07-31,2,7,Mumbai,Clothing,96,800,Warehouse_West,939,3
2024-07-31,2,7,Mumbai,Furniture,26,12000,Warehouse_South,726,1
2024-07-31,2,7,Mumbai,Medicines,178,200,Warehouse_South,587,2
2024-07-31,2,7,Delhi,Electronics,46,8500,Warehouse_West,574,2
2024-07-31,2,7,Delhi,Groceries,257,150,Warehouse_South,539,2
2024-07-31,2,7,Delhi,Clothing,84,800,Warehouse_South,994,2
2024-07-31,2,7,Delhi,Furniture,22,12000,Warehouse_North,851,2
2024-07-31,2,7,Delhi,Medicines,173,200,Warehouse_North,634,2
2024-07-31,2,7,Bangalore,Electronics,52,8500,Warehouse_South,690,3
2024-07-31,2,7,Bangalore,Groceries,212,150,Warehouse_South,310,3
2024-07-31,2,7,Bangalore,Clothing,98,800,Warehouse_West,693,1
2024-07-31,2,7,Bangalore,Furniture,24,12000,Warehouse_West,262,1
2024-07-31,2,7,Bangalore,Medicines,168,200,Warehouse_South,876,2
2024-07-31,2,7,Chennai,Electronics,42,8500,Warehouse_West,850,3
2024-07-31,2,7,Chennai,Groceries,189,150,Warehouse_North,998,1
2024-07-31,2,7,Chennai,Clothing,100,800,Warehouse_North,338,1
2024-07-31,2,7,Chennai,Furniture,14,12000,Warehouse_West,383,3
2024-07-31,2,7,Chennai,Medicines,138,200,Warehouse_North,461,3
2024-07-31,2,7,Pune,Electronics,31,8500,Warehouse_North,713,2
2024-07-31,2,7,Pune,Groceries,137,150,Warehouse_North,561,4
2024-07-31,2,7,Pune,Clothing,75,800,Warehouse_South,511,2
2024-07-31,2,7,Pune,Furniture,19,12000,Warehouse_West,970,3
2024-07-31,2,7,Pune,Medicines,103,200,Warehouse_North,579,2
2024-07-31,2,7,Hyderabad,Electronics,53,8500,Warehouse_North,486,4
2024-07-31,2,7,Hyderabad,Groceries,143,150,Warehouse_West,626,3
2024-07-31,2,7,Hyderabad,Clothing,65,800,Warehouse_North,288,3
2024-07-31,2,7,Hyderabad,Furniture,12,12000,Warehouse_South,232,3
2024-07-31,2,7,Hyderabad,Medicines,108,200,Warehouse_South,597,1
2024-08-01,3,8,Mumbai,Electronics,64,8500,Warehouse_West,379,2
2024-08-01,3,8,Mumbai,Groceries,197,150,Warehouse_South,594,2
2024-08-01,3,8,Mumbai,Clothing,78,800,Warehouse_South,782,1
2024-08-01,3,8,Mumbai,Furniture,21,12000,Warehouse_South,478,4
2024-08-01,3,8,Mumbai,Medicines,216,200,Warehouse_North,356,3
2024-08-01,3,8,Delhi,Electronics,50,8500,Warehouse_South,620,4
2024-08-01,3,8,Delhi,Groceries,287,150,Warehouse_North,787,2
2024-08-01,3,8,Delhi,Clothing,110,800,Warehouse_South,453,2
2024-08-01,3,8,Delhi,Furniture,20,12000,Warehouse_South,364,2
2024-08-01,3,8,Delhi,Medicines,163,200,Warehouse_West,848,1
2024-08-01,3,8,Bangalore,Electronics,52,8500,Warehouse_North,613,4
2024-08-01,3,8,Bangalore,Groceries,277,150,Warehouse_North,200,3
2024-08-01,3,8,Bangalore,Clothing,86,800,Warehouse_South,793,2
2024-08-01,3,8,Bangalore,Furniture,28,12000,Warehouse_South,706,3
2024-08-01,3,8,Bangalore,Medicines,156,200,Warehouse_North,958,4
2024-08-01,3,8,Chennai,Electronics,49,8500,Warehouse_North,480,3
2024-08-01,3,8,Chennai,Groceries,160,150,Warehouse_West,927,3
2024-08-01,3,8,Chennai,Clothing,82,800,Warehouse_West,613,2
2024-08-01,3,8,Chennai,Furniture,17,12000,Warehouse_South,398,4
2024-08-01,3,8,Chennai,Medicines,184,200,Warehouse_South,491,2
2024-08-01,3,8,Pune,Electronics,40,8500,Warehouse_West,315,2
2024-08-01,3,8,Pune,Groceries,133,150,Warehouse_North,989,4
2024-08-01,3,8,Pune,Clothing,66,800,Warehouse_West,667,4
2024-08-01,3,8,Pune,Furniture,13,12000,Warehouse_North,491,3
2024-08-01,3,8,Pune,Medicines,126,200,Warehouse_South,828,2
2024-08-01,3,8,Hyderabad,Electronics,17,8500,Warehouse_South,220,4
2024-08-01,3,8,Hyderabad,Groceries,84,150,Warehouse_West,508,4
2024-08-01,3,8,Hyderabad,Clothing,64,800,Warehouse_South,752,3
2024-08-01,3,8,Hyderabad,Furniture,16,12000,Warehouse_North,736,4
2024-08-01,3,8,Hyderabad,Medicines,174,200,Warehouse_North,948,4
2024-08-02,4,8,Mumbai,Electronics,80,8500,Warehouse_North,252,1
2024-08-02,4,8,Mumbai,Groceries,253,150,Warehouse_West,568,1
2024-08-02,4,8,Mumbai,Clothing,92,800,Warehouse_North,486,4
2024-08-02,4,8,Mumbai,Furniture,24,12000,Warehouse_South,286,2
2024-08-02,4,8,Mumbai,Medicines,199,200,Warehouse_North,649,4
2024-08-02,4,8,Delhi,Electronics,54,8500,Warehouse_South,295,1
2024-08-02,4,8,Delhi,Groceries,236,150,Warehouse_South,874,2
2024-08-02,4,8,Delhi,Clothing,98,800,Warehouse_North,796,2
2024-08-02,4,8,Delhi,Furniture,27,12000,Warehouse_West,914,2
2024-08-02,4,8,Delhi,Medicines,152,200,Warehouse_South,350,4
2024-08-02,4,8,Bangalore,Electronics,49,8500,Warehouse_South,265,3
2024-08-02,4,8,Bangalore,Groceries,215,150,Warehouse_West,671,3
2024-08-02,4,8,Bangalore,Clothing,59,800,Warehouse_West,786,1
2024-08-02,4,8,Bangalore,Furniture,23,12000,Warehouse_West,682,1
2024-08-02,4,8,Bangalore,Medicines,215,200,Warehouse_South,442,1
2024-08-02,4,8,Chennai,Electronics,32,8500,Warehouse_South,955,2
2024-08-02,4,8,Chennai,Groceries,164,150,Warehouse_West,878,3
2024-08-02,4,8,Chennai,Clothing,73,800,Warehouse_North,385,4
2024-08-02,4,8,Chennai,Furniture,16,12000,Warehouse_West,766,3
2024-08-02,4,8,Chennai,Medicines,140,200,Warehouse_North,682,1
2024-08-02,4,8,Pune,Electronics,40,8500,Warehouse_South,992,1
2024-08-02,4,8,Pune,Groceries,160,150,Warehouse_South,856,3
2024-08-02,4,8,Pune,Clothing,71,800,Warehouse_South,259,1
2024-08-02,4,8,Pune,Furniture,12,12000,Warehouse_South,998,1
2024-08-02,4,8,Pune,Medicines,132,200,Warehouse_North,422,1
2024-08-02,4,8,Hyderabad,Electronics,35,8500,Warehouse_South,703,3
2024-08-02,4,8,Hyderabad,Groceries,148,150,Warehouse_North,997,1
2024-08-02,4,8,Hyderabad,Clothing,52,800,Warehouse_West,591,4
2024-08-02,4,8,Hyderabad,Furniture,17,12000,Warehouse_South,507,2
2024-08-02,4,8,Hyderabad,Medicines,142,200,Warehouse_West,252,2
2024-08-03,5,8,Mumbai,Electronics,81,8500,Warehouse_South,336,2
2024-08-03,5,8,Mumbai,Groceries,371,150,Warehouse_West,455,3
2024-08-03,5,8,Mumbai,Clothing,131,800,Warehouse_West,846,3
2024-08-03,5,8,Mumbai,Furniture,34,12000,Warehouse_West,646,3
2024-08-03,5,8,Mumbai,Medicines,300,200,Warehouse_West,514,2
2024-08-03,5,8,Delhi,Electronics,77,8500,Warehouse_North,437,2
2024-08-03,5,8,Delhi,Groceries,291,150,Warehouse_West,866,3
2024-08-03,5,8,Delhi,Clothing,126,800,Warehouse_West,538,2
2024-08-03,5,8,Delhi,Furniture,36,12000,Warehouse_South,227,3
2024-08-03,5,8,Delhi,Medicines,270,200,Warehouse_South,532,1
2024-08-03,5,8,Bangalore,Electronics,74,8500,Warehouse_South,840,1
2024-08-03,5,8,Bangalore,Groceries,336,150,Warehouse_West,306,4
2024-08-03,5,8,Bangalore,Clothing,106,800,Warehouse_North,864,4
2024-08-03,5,8,Bangalore,Furniture,24,12000,Warehouse_South,722,1
2024-08-03,5,8,Bangalore,Medicines,229,200,Warehouse_North,530,4
2024-08-03,5,8,Chennai,Electronics,71,8500,Warehouse_North,838,3
2024-08-03,5,8,Chennai,Groceries,261,150,Warehouse_South,442,3
2024-08-03,5,8,Chennai,Clothing,89,800,Warehouse_South,216,2
2024-08-03,5,8,Chennai,Furniture,27,12000,Warehouse_West,810,1
2024-08-03,5,8,Chennai,Medicines,231,200,Warehouse_West,981,3
2024-08-03,5,8,Pune,Electronics,49,8500,Warehouse_North,243,1
2024-08-03,5,8,Pune,Groceries,246,150,Warehouse_West,595,4
2024-08-03,5,8,Pune,Clothing,103,800,Warehouse_West,829,1
2024-08-03,5,8,Pune,Furniture,24,12000,Warehouse_West,398,1
2024-08-03,5,8,Pune,Medicines,141,200,Warehouse_West,231,4
2024-08-03,5,8,Hyderabad,Electronics,46,8500,Warehouse_South,943,3
2024-08-03,5,8,Hyderabad,Groceries,230,150,Warehouse_West,455,1
2024-08-03,5,8,Hyderabad,Clothing,90,800,Warehouse_North,907,4
2024-08-03,5,8,Hyderabad,Furniture,20,12000,Warehouse_South,850,3
2024-08-03,5,8,Hyderabad,Medicines,147,200,Warehouse_South,879,3
2024-08-04,6,8,Mumbai,Electronics,86,8500,Warehouse_North,906,2
2024-08-04,6,8,Mumbai,Groceries,332,150,Warehouse_West,993,2
2024-08-04,6,8,Mumbai,Clothing,152,800,Warehouse_North,709,2
2024-08-04,6,8,Mumbai,Furniture,32,12000,Warehouse_South,625,4
2024-08-04,6,8,Mumbai,Medicines,271,200,Warehouse_West,874,4
2024-08-04,6,8,Delhi,Electronics,69,8500,Warehouse_West,395,1
2024-08-04,6,8,Delhi,Groceries,309,150,Warehouse_West,604,4
2024-08-04,6,8,Delhi,Clothing,127,800,Warehouse_South,590,3
2024-08-04,6,8,Delhi,Furniture,31,12000,Warehouse_South,984,3
2024-08-04,6,8,Delhi,Medicines,259,200,Warehouse_North,312,4
2024-08-04,6,8,Bangalore,Electronics,78,8500,Warehouse_West,870,1
2024-08-04,6,8,Bangalore,Groceries,310,150,Warehouse_South,737,3
2024-08-04,6,8,Bangalore,Clothing,131,800,Warehouse_North,977,3
2024-08-04,6,8,Bangalore,Furniture,31,12000,Warehouse_West,737,3
2024-08-04,6,8,Bangalore,Medicines,249,200,Warehouse_South,826,4
2024-08-04,6,8,Chennai,Electronics,49,8500,Warehouse_South,650,3
2024-08-04,6,8,Chennai,Groceries,227,150,Warehouse_North,442,4
2024-08-04,6,8,Chennai,Clothing,109,800,Warehouse_South,500,1
2024-08-04,6,8,Chennai,Furniture,25,12000,Warehouse_South,816,4
2024-08-04,6,8,Chennai,Medicines,176,200,Warehouse_South,278,4
2024-08-04,6,8,Pune,Electronics,58,8500,Warehouse_South,747,4
2024-08-04,6,8,Pune,Groceries,272,150,Warehouse_West,429,4
2024-08-04,6,8,Pune,Clothing,110,800,Warehouse_North,984,3
2024-08-04,6,8,Pune,Furniture,20,12000,Warehouse_West,766,1
2024-08-04,6,8,Pune,Medicines,176,200,Warehouse_West,457,4
2024-08-04,6,8,Hyderabad,Electronics,52,8500,Warehouse_North,468,3
2024-08-04,6,8,Hyderabad,Groceries,231,150,Warehouse_West,766,1
2024-08-04,6,8,Hyderabad,Clothing,120,800,Warehouse_South,434,3
2024-08-04,6,8,Hyderabad,Furniture,20,12000,Warehouse_South,474,4
2024-08-04,6,8,Hyderabad,Medicines,195,200,Warehouse_South,522,3
2024-08-05,0,8,Mumbai,Electronics,61,8500,Warehouse_West,850,3
2024-08-05,0,8,Mumbai,Groceries,236,150,Warehouse_South,233,1
2024-08-05,0,8,Mumbai,Clothing,92,800,Warehouse_West,409,2
2024-08-05,0,8,Mumbai,Furniture,22,12000,Warehouse_North,521,3
2024-08-05,0,8,Mumbai,Medicines,139,200,Warehouse_North,591,2
2024-08-05,0,8,Delhi,Electronics,57,8500,Warehouse_North,642,3
2024-08-05,0,8,Delhi,Groceries,241,150,Warehouse_South,585,1
2024-08-05,0,8,Delhi,Clothing,120,800,Warehouse_North,474,1
2024-08-05,0,8,Delhi,Furniture,24,12000,Warehouse_West,727,2
2024-08-05,0,8,Delhi,Medicines,207,200,Warehouse_South,341,4
2024-08-05,0,8,Bangalore,Electronics,54,8500,Warehouse_South,629,4
2024-08-05,0,8,Bangalore,Groceries,198,150,Warehouse_North,505,1
2024-08-05,0,8,Bangalore,Clothing,76,800,Warehouse_North,658,4
2024-08-05,0,8,Bangalore,Furniture,20,12000,Warehouse_West,796,3
2024-08-05,0,8,Bangalore,Medicines,174,200,Warehouse_West,920,4
2024-08-05,0,8,Chennai,Electronics,52,8500,Warehouse_West,452,2
2024-08-05,0,8,Chennai,Groceries,171,150,Warehouse_West,732,4
2024-08-05,0,8,Chennai,Clothing,69,800,Warehouse_West,727,2
2024-08-05,0,8,Chennai,Furniture,16,12000,Warehouse_South,639,4
2024-08-05,0,8,Chennai,Medicines,132,200,Warehouse_North,431,4
2024-08-05,0,8,Pune,Electronics,31,8500,Warehouse_West,325,3
2024-08-05,0,8,Pune,Groceries,175,150,Warehouse_South,581,4
2024-08-05,0,8,Pune,Clothing,65,800,Warehouse_West,611,2
2024-08-05,0,8,Pune,Furniture,15,12000,Warehouse_West,293,4
2024-08-05,0,8,Pune,Medicines,142,200,Warehouse_North,693,1
2024-08-05,0,8,Hyderabad,Electronics,30,8500,Warehouse_North,316,3
2024-08-05,0,8,Hyderabad,Groceries,126,150,Warehouse_North,209,3
2024-08-05,0,8,Hyderabad,Clothing,69,800,Warehouse_West,459,4
2024-08-05,0,8,Hyderabad,Furniture,19,12000,Warehouse_South,958,3
2024-08-05,0,8,Hyderabad,Medicines,148,200,Warehouse_West,641,1
2024-08-06,1,8,Mumbai,Electronics,56,8500,Warehouse_North,877,4
2024-08-06,1,8,Mumbai,Groceries,323,150,Warehouse_South,737,2
2024-08-06,1,8,Mumbai,Clothing,106,800,Warehouse_South,482,3
2024-08-06,1,8,Mumbai,Furniture,29,12000,Warehouse_North,591,3
2024-08-06,1,8,Mumbai,Medicines,187,200,Warehouse_West,238,4
2024-08-06,1,8,Delhi,Electronics,46,8500,Warehouse_West,369,4
2024-08-06,1,8,Delhi,Groceries,262,150,Warehouse_South,844,3
2024-08-06,1,8,Delhi,Clothing,92,800,Warehouse_North,774,1
2024-08-06,1,8,Delhi,Furniture,30,12000,Warehouse_North,228,3
2024-08-06,1,8,Delhi,Medicines,191,200,Warehouse_West,272,2
2024-08-06,1,8,Bangalore,Electronics,48,8500,Warehouse_North,512,2
2024-08-06,1,8,Bangalore,Groceries,158,150,Warehouse_North,286,3
2024-08-06,1,8,Bangalore,Clothing,100,800,Warehouse_North,584,2
2024-08-06,1,8,Bangalore,Furniture,20,12000,Warehouse_South,661,4
2024-08-06,1,8,Bangalore,Medicines,138,200,Warehouse_South,616,3
2024-08-06,1,8,Chennai,Electronics,46,8500,Warehouse_South,564,1
2024-08-06,1,8,Chennai,Groceries,168,150,Warehouse_West,629,3
2024-08-06,1,8,Chennai,Clothing,58,800,Warehouse_North,451,3
2024-08-06,1,8,Chennai,Furniture,23,12000,Warehouse_South,433,4
2024-08-06,1,8,Chennai,Medicines,118,200,Warehouse_South,677,3
2024-08-06,1,8,Pune,Electronics,45,8500,Warehouse_North,412,4
2024-08-06,1,8,Pune,Groceries,190,150,Warehouse_West,201,1
2024-08-06,1,8,Pune,Clothing,65,800,Warehouse_West,849,3
2024-08-06,1,8,Pune,Furniture,21,12000,Warehouse_South,950,1
2024-08-06,1,8,Pune,Medicines,105,200,Warehouse_West,841,2
2024-08-06,1,8,Hyderabad,Electronics,36,8500,Warehouse_West,626,4
2024-08-06,1,8,Hyderabad,Groceries,176,150,Warehouse_West,731,4
2024-08-06,1,8,Hyderabad,Clothing,74,800,Warehouse_North,329,4
2024-08-06,1,8,Hyderabad,Furniture,14,12000,Warehouse_North,960,1
2024-08-06,1,8,Hyderabad,Medicines,113,200,Warehouse_North,556,3
2024-08-07,2,8,Mumbai,Electronics,54,8500,Warehouse_West,908,4
2024-08-07,2,8,Mumbai,Groceries,255,150,Warehouse_West,233,2
2024-08-07,2,8,Mumbai,Clothing,93,800,Warehouse_West,226,2
2024-08-07,2,8,Mumbai,Furniture,27,12000,Warehouse_West,346,4
2024-08-07,2,8,Mumbai,Medicines,212,200,Warehouse_West,327,4
2024-08-07,2,8,Delhi,Electronics,54,8500,Warehouse_West,864,1
2024-08-07,2,8,Delhi,Groceries,251,150,Warehouse_West,734,3
2024-08-07,2,8,Delhi,Clothing,91,800,Warehouse_West,827,2
2024-08-07,2,8,Delhi,Furniture,21,12000,Warehouse_West,391,2
2024-08-07,2,8,Delhi,Medicines,151,200,Warehouse_West,513,4
2024-08-07,2,8,Bangalore,Electronics,51,8500,Warehouse_South,559,4
2024-08-07,2,8,Bangalore,Groceries,250,150,Warehouse_North,221,2
2024-08-07,2,8,Bangalore,Clothing,91,800,Warehouse_North,934,1
2024-08-07,2,8,Bangalore,Furniture,22,12000,Warehouse_West,529,3
2024-08-07,2,8,Bangalore,Medicines,132,200,Warehouse_West,475,2
2024-08-07,2,8,Chennai,Electronics,35,8500,Warehouse_North,502,4
2024-08-07,2,8,Chennai,Groceries,214,150,Warehouse_South,735,2
2024-08-07,2,8,Chennai,Clothing,66,800,Warehouse_North,644,3
2024-08-07,2,8,Chennai,Furniture,13,12000,Warehouse_South,591,1
2024-08-07,2,8,Chennai,Medicines,143,200,Warehouse_North,739,4
2024-08-07,2,8,Pune,Electronics,43,8500,Warehouse_North,571,4
2024-08-07,2,8,Pune,Groceries,139,150,Warehouse_North,236,1
2024-08-07,2,8,Pune,Clothing,68,800,Warehouse_North,742,2
2024-08-07,2,8,Pune,Furniture,20,12000,Warehouse_South,289,2
2024-08-07,2,8,Pune,Medicines,145,200,Warehouse_South,831,2
2024-08-07,2,8,Hyderabad,Electronics,38,8500,Warehouse_West,484,2
2024-08-07,2,8,Hyderabad,Groceries,154,150,Warehouse_South,606,4
2024-08-07,2,8,Hyderabad,Clothing,42,800,Warehouse_West,838,1
2024-08-07,2,8,Hyderabad,Furniture,14,12000,Warehouse_West,668,4
2024-08-07,2,8,Hyderabad,Medicines,107,200,Warehouse_West,918,4
2024-08-08,3,8,Mumbai,Electronics,59,8500,Warehouse_North,473,3
2024-08-08,3,8,Mumbai,Groceries,249,150,Warehouse_North,836,3
2024-08-08,3,8,Mumbai,Clothing,95,800,Warehouse_North,859,4
2024-08-08,3,8,Mumbai,Furniture,20,12000,Warehouse_North,798,3
2024-08-08,3,8,Mumbai,Medicines,211,200,Warehouse_West,288,1
2024-08-08,3,8,Delhi,Electronics,53,8500,Warehouse_South,706,4
2024-08-08,3,8,Delhi,Groceries,205,150,Warehouse_West,647,3
2024-08-08,3,8,Delhi,Clothing,84,800,Warehouse_North,549,1
2024-08-08,3,8,Delhi,Furniture,22,12000,Warehouse_West,686,1
2024-08-08,3,8,Delhi,Medicines,231,200,Warehouse_South,345,1
2024-08-08,3,8,Bangalore,Electronics,33,8500,Warehouse_West,826,3
2024-08-08,3,8,Bangalore,Groceries,222,150,Warehouse_South,829,1
2024-08-08,3,8,Bangalore,Clothing,79,800,Warehouse_West,461,3
2024-08-08,3,8,Bangalore,Furniture,23,12000,Warehouse_North,635,4
2024-08-08,3,8,Bangalore,Medicines,184,200,Warehouse_West,564,1
2024-08-08,3,8,Chennai,Electronics,40,8500,Warehouse_West,359,4
2024-08-08,3,8,Chennai,Groceries,202,150,Warehouse_North,998,3
2024-08-08,3,8,Chennai,Clothing,92,800,Warehouse_West,382,3
2024-08-08,3,8,Chennai,Furniture,16,12000,Warehouse_West,553,1
2024-08-08,3,8,Chennai,Medicines,168,200,Warehouse_North,388,3
2024-08-08,3,8,Pune,Electronics,38,8500,Warehouse_North,229,2
2024-08-08,3,8,Pune,Groceries,154,150,Warehouse_South,667,2
2024-08-08,3,8,Pune,Clothing,73,800,Warehouse_West,670,2
2024-08-08,3,8,Pune,Furniture,14,12000,Warehouse_North,950,1
2024-08-08,3,8,Pune,Medicines,131,200,Warehouse_North,433,1
2024-08-08,3,8,Hyderabad,Electronics,33,8500,Warehouse_North,802,4
2024-08-08,3,8,Hyderabad,Groceries,123,150,Warehouse_South,336,3
2024-08-08,3,8,Hyderabad,Clothing,62,800,Warehouse_West,942,2
2024-08-08,3,8,Hyderabad,Furniture,17,12000,Warehouse_South,426,3
2024-08-08,3,8,Hyderabad,Medicines,144,200,Warehouse_South,330,1
2024-08-09,4,8,Mumbai,Electronics,53,8500,Warehouse_North,350,4
2024-08-09,4,8,Mumbai,Groceries,194,150,Warehouse_South,664,2
2024-08-09,4,8,Mumbai,Clothing,105,800,Warehouse_West,555,4
2024-08-09,4,8,Mumbai,Furniture,29,12000,Warehouse_South,992,3
2024-08-09,4,8,Mumbai,Medicines,192,200,Warehouse_West,434,1
2024-08-09,4,8,Delhi,Electronics,53,8500,Warehouse_West,455,3
2024-08-09,4,8,Delhi,Groceries,208,150,Warehouse_West,524,4
2024-08-09,4,8,Delhi,Clothing,93,800,Warehouse_North,972,2
2024-08-09,4,8,Delhi,Furniture,21,12000,Warehouse_North,965,4
2024-08-09,4,8,Delhi,Medicines,191,200,Warehouse_North,343,2
2024-08-09,4,8,Bangalore,Electronics,40,8500,Warehouse_South,884,4
2024-08-09,4,8,Bangalore,Groceries,208,150,Warehouse_South,735,3
2024-08-09,4,8,Bangalore,Clothing,95,800,Warehouse_South,949,3
2024-08-09,4,8,Bangalore,Furniture,20,12000,Warehouse_West,444,2
2024-08-09,4,8,Bangalore,Medicines,194,200,Warehouse_North,819,2
2024-08-09,4,8,Chennai,Electronics,39,8500,Warehouse_West,845,4
2024-08-09,4,8,Chennai,Groceries,169,150,Warehouse_South,211,3
2024-08-09,4,8,Chennai,Clothing,75,800,Warehouse_North,940,1
2024-08-09,4,8,Chennai,Furniture,14,12000,Warehouse_West,448,4
2024-08-09,4,8,Chennai,Medicines,167,200,Warehouse_South,769,4
2024-08-09,4,8,Pune,Electronics,35,8500,Warehouse_West,948,3
2024-08-09,4,8,Pune,Groceries,180,150,Warehouse_South,729,4
2024-08-09,4,8,Pune,Clothing,59,800,Warehouse_South,619,3
2024-08-09,4,8,Pune,Furniture,14,12000,Warehouse_South,471,1
2024-08-09,4,8,Pune,Medicines,157,200,Warehouse_West,400,2
2024-08-09,4,8,Hyderabad,Electronics,45,8500,Warehouse_North,672,3
2024-08-09,4,8,Hyderabad,Groceries,103,150,Warehouse_South,777,2
2024-08-09,4,8,Hyderabad,Clothing,78,800,Warehouse_North,956,1
2024-08-09,4,8,Hyderabad,Furniture,18,12000,Warehouse_South,492,1
2024-08-09,4,8,Hyderabad,Medicines,120,200,Warehouse_North,349,2
2024-08-10,5,8,Mumbai,Electronics,83,8500,Warehouse_North,850,3
2024-08-10,5,8,Mumbai,Groceries,384,150,Warehouse_West,593,3
2024-08-10,5,8,Mumbai,Clothing,154,800,Warehouse_South,835,4
2024-08-10,5,8,Mumbai,Furniture,34,12000,Warehouse_West,231,4
2024-08-10,5,8,Mumbai,Medicines,256,200,Warehouse_South,787,4
2024-08-10,5,8,Delhi,Electronics,81,8500,Warehouse_North,567,4
2024-08-10,5,8,Delhi,Groceries,340,150,Warehouse_North,757,3
2024-08-10,5,8,Delhi,Clothing,136,800,Warehouse_North,765,3
2024-08-10,5,8,Delhi,Furniture,32,12000,Warehouse_North,525,4
2024-08-10,5,8,Delhi,Medicines,248,200,Warehouse_South,723,1
2024-08-10,5,8,Bangalore,Electronics,69,8500,Warehouse_South,313,3
2024-08-10,5,8,Bangalore,Groceries,287,150,Warehouse_South,436,2
2024-08-10,5,8,Bangalore,Clothing,92,800,Warehouse_South,837,4
2024-08-10,5,8,Bangalore,Furniture,36,12000,Warehouse_South,583,1
2024-08-10,5,8,Bangalore,Medicines,245,200,Warehouse_North,314,3
2024-08-10,5,8,Chennai,Electronics,57,8500,Warehouse_West,323,4
2024-08-10,5,8,Chennai,Groceries,247,150,Warehouse_West,662,2
2024-08-10,5,8,Chennai,Clothing,109,800,Warehouse_West,230,4
2024-08-10,5,8,Chennai,Furniture,26,12000,Warehouse_South,996,3
2024-08-10,5,8,Chennai,Medicines,215,200,Warehouse_North,455,2
2024-08-10,5,8,Pune,Electronics,47,8500,Warehouse_North,274,1
2024-08-10,5,8,Pune,Groceries,254,150,Warehouse_West,659,4
2024-08-10,5,8,Pune,Clothing,88,800,Warehouse_South,200,1
2024-08-10,5,8,Pune,Furniture,24,12000,Warehouse_West,407,2
2024-08-10,5,8,Pune,Medicines,159,200,Warehouse_West,985,4
2024-08-10,5,8,Hyderabad,Electronics,64,8500,Warehouse_South,548,1
2024-08-10,5,8,Hyderabad,Groceries,223,150,Warehouse_North,789,2
2024-08-10,5,8,Hyderabad,Clothing,111,800,Warehouse_North,990,2
2024-08-10,5,8,Hyderabad,Furniture,20,12000,Warehouse_South,346,4
2024-08-10,5,8,Hyderabad,Medicines,169,200,Warehouse_West,452,3
2024-08-11,6,8,Mumbai,Electronics,85,8500,Warehouse_North,823,1
2024-08-11,6,8,Mumbai,Groceries,307,150,Warehouse_North,522,4
2024-08-11,6,8,Mumbai,Clothing,166,800,Warehouse_North,619,2
2024-08-11,6,8,Mumbai,Furniture,36,12000,Warehouse_South,349,1
2024-08-11,6,8,Mumbai,Medicines,276,200,Warehouse_South,490,2
2024-08-11,6,8,Delhi,Electronics,74,8500,Warehouse_North,950,2
2024-08-11,6,8,Delhi,Groceries,363,150,Warehouse_South,736,1
2024-08-11,6,8,Delhi,Clothing,131,800,Warehouse_North,936,3
2024-08-11,6,8,Delhi,Furniture,42,12000,Warehouse_South,794,4
2024-08-11,6,8,Delhi,Medicines,278,200,Warehouse_South,689,1
2024-08-11,6,8,Bangalore,Electronics,68,8500,Warehouse_South,887,4
2024-08-11,6,8,Bangalore,Groceries,232,150,Warehouse_South,575,1
2024-08-11,6,8,Bangalore,Clothing,124,800,Warehouse_North,562,3
2024-08-11,6,8,Bangalore,Furniture,30,12000,Warehouse_West,415,4
2024-08-11,6,8,Bangalore,Medicines,217,200,Warehouse_South,277,1
2024-08-11,6,8,Chennai,Electronics,49,8500,Warehouse_North,973,2
2024-08-11,6,8,Chennai,Groceries,253,150,Warehouse_North,596,4
2024-08-11,6,8,Chennai,Clothing,111,800,Warehouse_North,385,2
2024-08-11,6,8,Chennai,Furniture,29,12000,Warehouse_West,209,1
2024-08-11,6,8,Chennai,Medicines,205,200,Warehouse_South,993,1
2024-08-11,6,8,Pune,Electronics,59,8500,Warehouse_West,697,3
2024-08-11,6,8,Pune,Groceries,252,150,Warehouse_North,387,4
2024-08-11,6,8,Pune,Clothing,101,800,Warehouse_North,866,2
2024-08-11,6,8,Pune,Furniture,18,12000,Warehouse_West,996,2
2024-08-11,6,8,Pune,Medicines,174,200,Warehouse_South,294,1
2024-08-11,6,8,Hyderabad,Electronics,51,8500,Warehouse_West,598,3
2024-08-11,6,8,Hyderabad,Groceries,283,150,Warehouse_North,960,4
2024-08-11,6,8,Hyderabad,Clothing,110,800,Warehouse_South,234,2
2024-08-11,6,8,Hyderabad,Furniture,26,12000,Warehouse_West,832,1
2024-08-11,6,8,Hyderabad,Medicines,197,200,Warehouse_South,495,1
2024-08-12,0,8,Mumbai,Electronics,56,8500,Warehouse_North,651,2
2024-08-12,0,8,Mumbai,Groceries,285,150,Warehouse_West,661,1
2024-08-12,0,8,Mumbai,Clothing,107,800,Warehouse_North,225,1
2024-08-12,0,8,Mumbai,Furniture,22,12000,Warehouse_North,226,2
2024-08-12,0,8,Mumbai,Medicines,173,200,Warehouse_South,467,2
2024-08-12,0,8,Delhi,Electronics,48,8500,Warehouse_West,594,1
2024-08-12,0,8,Delhi,Groceries,275,150,Warehouse_North,989,1
2024-08-12,0,8,Delhi,Clothing,133,800,Warehouse_South,971,4
2024-08-12,0,8,Delhi,Furniture,24,12000,Warehouse_South,939,4
2024-08-12,0,8,Delhi,Medicines,175,200,Warehouse_West,629,4
2024-08-12,0,8,Bangalore,Electronics,55,8500,Warehouse_North,778,3
2024-08-12,0,8,Bangalore,Groceries,224,150,Warehouse_West,530,2
2024-08-12,0,8,Bangalore,Clothing,90,800,Warehouse_South,452,1
2024-08-12,0,8,Bangalore,Furniture,19,12000,Warehouse_West,438,3
2024-08-12,0,8,Bangalore,Medicines,186,200,Warehouse_South,452,1
2024-08-12,0,8,Chennai,Electronics,42,8500,Warehouse_South,910,1
2024-08-12,0,8,Chennai,Groceries,183,150,Warehouse_South,846,3
2024-08-12,0,8,Chennai,Clothing,77,800,Warehouse_North,558,3
2024-08-12,0,8,Chennai,Furniture,15,12000,Warehouse_South,937,1
2024-08-12,0,8,Chennai,Medicines,188,200,Warehouse_West,753,4
2024-08-12,0,8,Pune,Electronics,40,8500,Warehouse_West,807,2
2024-08-12,0,8,Pune,Groceries,215,150,Warehouse_South,788,3
2024-08-12,0,8,Pune,Clothing,58,800,Warehouse_South,364,2
2024-08-12,0,8,Pune,Furniture,14,12000,Warehouse_North,287,4
2024-08-12,0,8,Pune,Medicines,130,200,Warehouse_West,864,3
2024-08-12,0,8,Hyderabad,Electronics,40,8500,Warehouse_South,420,3
2024-08-12,0,8,Hyderabad,Groceries,148,150,Warehouse_North,634,1
2024-08-12,0,8,Hyderabad,Clothing,38,800,Warehouse_North,264,1
2024-08-12,0,8,Hyderabad,Furniture,15,12000,Warehouse_West,765,3
2024-08-12,0,8,Hyderabad,Medicines,103,200,Warehouse_North,950,4
2024-08-13,1,8,Mumbai,Electronics,50,8500,Warehouse_South,571,2
2024-08-13,1,8,Mumbai,Groceries,223,150,Warehouse_West,714,2
2024-08-13,1,8,Mumbai,Clothing,107,800,Warehouse_South,906,3
2024-08-13,1,8,Mumbai,Furniture,28,12000,Warehouse_North,567,2
2024-08-13,1,8,Mumbai,Medicines,171,200,Warehouse_North,271,1
2024-08-13,1,8,Delhi,Electronics,55,8500,Warehouse_North,547,3
2024-08-13,1,8,Delhi,Groceries,244,150,Warehouse_South,854,3
2024-08-13,1,8,Delhi,Clothing,83,800,Warehouse_South,345,2
2024-08-13,1,8,Delhi,Furniture,28,12000,Warehouse_North,698,3
2024-08-13,1,8,Delhi,Medicines,183,200,Warehouse_West,905,3
2024-08-13,1,8,Bangalore,Electronics,53,8500,Warehouse_West,471,1
2024-08-13,1,8,Bangalore,Groceries,260,150,Warehouse_South,409,3
2024-08-13,1,8,Bangalore,Clothing,105,800,Warehouse_West,940,2
2024-08-13,1,8,Bangalore,Furniture,19,12000,Warehouse_West,599,2
2024-08-13,1,8,Bangalore,Medicines,136,200,Warehouse_North,281,4
2024-08-13,1,8,Chennai,Electronics,43,8500,Warehouse_North,370,2
2024-08-13,1,8,Chennai,Groceries,143,150,Warehouse_South,913,4
2024-08-13,1,8,Chennai,Clothing,64,800,Warehouse_North,695,4
2024-08-13,1,8,Chennai,Furniture,18,12000,Warehouse_West,657,4
2024-08-13,1,8,Chennai,Medicines,165,200,Warehouse_South,889,4
2024-08-13,1,8,Pune,Electronics,42,8500,Warehouse_West,679,1
2024-08-13,1,8,Pune,Groceries,121,150,Warehouse_South,538,4
2024-08-13,1,8,Pune,Clothing,62,800,Warehouse_West,229,1
2024-08-13,1,8,Pune,Furniture,13,12000,Warehouse_North,701,2
2024-08-13,1,8,Pune,Medicines,116,200,Warehouse_West,448,4
2024-08-13,1,8,Hyderabad,Electronics,38,8500,Warehouse_South,889,2
2024-08-13,1,8,Hyderabad,Groceries,142,150,Warehouse_West,505,1
2024-08-13,1,8,Hyderabad,Clothing,88,800,Warehouse_South,667,4
2024-08-13,1,8,Hyderabad,Furniture,16,12000,Warehouse_South,313,4
2024-08-13,1,8,Hyderabad,Medicines,143,200,Warehouse_North,745,2
2024-08-14,2,8,Mumbai,Electronics,56,8500,Warehouse_West,856,3
2024-08-14,2,8,Mumbai,Groceries,226,150,Warehouse_South,336,3
2024-08-14,2,8,Mumbai,Clothing,88,800,Warehouse_South,510,4
2024-08-14,2,8,Mumbai,Furniture,27,12000,Warehouse_North,748,2
2024-08-14,2,8,Mumbai,Medicines,159,200,Warehouse_North,723,1
2024-08-14,2,8,Delhi,Electronics,47,8500,Warehouse_South,253,3
2024-08-14,2,8,Delhi,Groceries,269,150,Warehouse_South,295,1
2024-08-14,2,8,Delhi,Clothing,95,800,Warehouse_North,447,3
2024-08-14,2,8,Delhi,Furniture,20,12000,Warehouse_South,293,4
2024-08-14,2,8,Delhi,Medicines,167,200,Warehouse_West,792,1
2024-08-14,2,8,Bangalore,Electronics,54,8500,Warehouse_South,609,3
2024-08-14,2,8,Bangalore,Groceries,203,150,Warehouse_North,727,2
2024-08-14,2,8,Bangalore,Clothing,83,800,Warehouse_North,577,2
2024-08-14,2,8,Bangalore,Furniture,19,12000,Warehouse_North,997,4
2024-08-14,2,8,Bangalore,Medicines,144,200,Warehouse_South,242,1
2024-08-14,2,8,Chennai,Electronics,40,8500,Warehouse_West,643,2
2024-08-14,2,8,Chennai,Groceries,259,150,Warehouse_North,658,4
2024-08-14,2,8,Chennai,Clothing,73,800,Warehouse_South,556,2
2024-08-14,2,8,Chennai,Furniture,18,12000,Warehouse_North,971,3
2024-08-14,2,8,Chennai,Medicines,118,200,Warehouse_West,539,2
2024-08-14,2,8,Pune,Electronics,32,8500,Warehouse_South,831,4
2024-08-14,2,8,Pune,Groceries,100,150,Warehouse_North,416,1
2024-08-14,2,8,Pune,Clothing,69,800,Warehouse_North,253,4
2024-08-14,2,8,Pune,Furniture,23,12000,Warehouse_South,791,3
2024-08-14,2,8,Pune,Medicines,130,200,Warehouse_South,970,2
2024-08-14,2,8,Hyderabad,Electronics,38,8500,Warehouse_West,713,2
2024-08-14,2,8,Hyderabad,Groceries,176,150,Warehouse_South,338,1
2024-08-14,2,8,Hyderabad,Clothing,68,800,Warehouse_South,827,4
2024-08-14,2,8,Hyderabad,Furniture,17,12000,Warehouse_South,457,1
2024-08-14,2,8,Hyderabad,Medicines,112,200,Warehouse_North,576,1
2024-08-15,3,8,Mumbai,Electronics,49,8500,Warehouse_North,283,4
2024-08-15,3,8,Mumbai,Groceries,217,150,Warehouse_South,374,3
2024-08-15,3,8,Mumbai,Clothing,100,800,Warehouse_West,573,4
2024-08-15,3,8,Mumbai,Furniture,28,12000,Warehouse_West,538,1
2024-08-15,3,8,Mumbai,Medicines,172,200,Warehouse_South,495,3
2024-08-15,3,8,Delhi,Electronics,65,8500,Warehouse_North,396,1
2024-08-15,3,8,Delhi,Groceries,249,150,Warehouse_North,917,2
2024-08-15,3,8,Delhi,Clothing,88,800,Warehouse_South,765,4
2024-08-15,3,8,Delhi,Furniture,29,12000,Warehouse_North,469,2
2024-08-15,3,8,Delhi,Medicines,190,200,Warehouse_North,317,2
2024-08-15,3,8,Bangalore,Electronics,34,8500,Warehouse_North,286,2
2024-08-15,3,8,Bangalore,Groceries,232,150,Warehouse_North,323,3
2024-08-15,3,8,Bangalore,Clothing,101,800,Warehouse_West,293,2
2024-08-15,3,8,Bangalore,Furniture,22,12000,Warehouse_West,607,4
2024-08-15,3,8,Bangalore,Medicines,169,200,Warehouse_West,519,3
2024-08-15,3,8,Chennai,Electronics,41,8500,Warehouse_North,316,4
2024-08-15,3,8,Chennai,Groceries,218,150,Warehouse_West,793,4
2024-08-15,3,8,Chennai,Clothing,55,800,Warehouse_North,841,4
2024-08-15,3,8,Chennai,Furniture,21,12000,Warehouse_South,323,4
2024-08-15,3,8,Chennai,Medicines,107,200,Warehouse_North,964,2
2024-08-15,3,8,Pune,Electronics,45,8500,Warehouse_North,663,1
2024-08-15,3,8,Pune,Groceries,156,150,Warehouse_West,604,2
2024-08-15,3,8,Pune,Clothing,60,800,Warehouse_South,896,1
2024-08-15,3,8,Pune,Furniture,20,12000,Warehouse_West,541,1
2024-08-15,3,8,Pune,Medicines,145,200,Warehouse_South,530,1
2024-08-15,3,8,Hyderabad,Electronics,31,8500,Warehouse_West,879,3
2024-08-15,3,8,Hyderabad,Groceries,180,150,Warehouse_North,511,3
2024-08-15,3,8,Hyderabad,Clothing,74,800,Warehouse_West,254,1
2024-08-15,3,8,Hyderabad,Furniture,17,12000,Warehouse_West,493,4
2024-08-15,3,8,Hyderabad,Medicines,118,200,Warehouse_West,574,2
2024-08-16,4,8,Mumbai,Electronics,58,8500,Warehouse_West,589,4
2024-08-16,4,8,Mumbai,Groceries,286,150,Warehouse_West,884,3
2024-08-16,4,8,Mumbai,Clothing,97,800,Warehouse_North,340,4
2024-08-16,4,8,Mumbai,Furniture,24,12000,Warehouse_South,352,1
2024-08-16,4,8,Mumbai,Medicines,200,200,Warehouse_North,495,3
2024-08-16,4,8,Delhi,Electronics,52,8500,Warehouse_North,780,1
2024-08-16,4,8,Delhi,Groceries,249,150,Warehouse_South,961,1
2024-08-16,4,8,Delhi,Clothing,84,800,Warehouse_North,984,1
2024-08-16,4,8,Delhi,Furniture,25,12000,Warehouse_South,300,3
2024-08-16,4,8,Delhi,Medicines,148,200,Warehouse_West,991,1
2024-08-16,4,8,Bangalore,Electronics,54,8500,Warehouse_North,472,3
2024-08-16,4,8,Bangalore,Groceries,205,150,Warehouse_West,956,1
2024-08-16,4,8,Bangalore,Clothing,75,800,Warehouse_North,661,4
2024-08-16,4,8,Bangalore,Furniture,23,12000,Warehouse_West,408,3
2024-08-16,4,8,Bangalore,Medicines,178,200,Warehouse_West,713,4
2024-08-16,4,8,Chennai,Electronics,51,8500,Warehouse_South,347,1
2024-08-16,4,8,Chennai,Groceries,183,150,Warehouse_South,282,2
2024-08-16,4,8,Chennai,Clothing,67,800,Warehouse_North,652,3
2024-08-16,4,8,Chennai,Furniture,24,12000,Warehouse_South,706,1
2024-08-16,4,8,Chennai,Medicines,173,200,Warehouse_West,821,1
2024-08-16,4,8,Pune,Electronics,34,8500,Warehouse_North,259,2
2024-08-16,4,8,Pune,Groceries,144,150,Warehouse_West,381,3
2024-08-16,4,8,Pune,Clothing,56,800,Warehouse_South,282,4
2024-08-16,4,8,Pune,Furniture,20,12000,Warehouse_South,482,1
2024-08-16,4,8,Pune,Medicines,93,200,Warehouse_West,780,3
2024-08-16,4,8,Hyderabad,Electronics,33,8500,Warehouse_South,810,1
2024-08-16,4,8,Hyderabad,Groceries,132,150,Warehouse_West,804,3
2024-08-16,4,8,Hyderabad,Clothing,53,800,Warehouse_West,601,4
2024-08-16,4,8,Hyderabad,Furniture,16,12000,Warehouse_South,378,2
2024-08-16,4,8,Hyderabad,Medicines,131,200,Warehouse_South,662,3
2024-08-17,5,8,Mumbai,Electronics,93,8500,Warehouse_West,592,4
2024-08-17,5,8,Mumbai,Groceries,398,150,Warehouse_West,386,3
2024-08-17,5,8,Mumbai,Clothing,153,800,Warehouse_North,526,4
2024-08-17,5,8,Mumbai,Furniture,32,12000,Warehouse_North,307,1
2024-08-17,5,8,Mumbai,Medicines,280,200,Warehouse_South,447,1
2024-08-17,5,8,Delhi,Electronics,81,8500,Warehouse_North,637,1
2024-08-17,5,8,Delhi,Groceries,314,150,Warehouse_West,444,1
2024-08-17,5,8,Delhi,Clothing,138,800,Warehouse_South,427,2
2024-08-17,5,8,Delhi,Furniture,35,12000,Warehouse_North,688,4
2024-08-17,5,8,Delhi,Medicines,240,200,Warehouse_South,903,4
2024-08-17,5,8,Bangalore,Electronics,74,8500,Warehouse_South,251,2
2024-08-17,5,8,Bangalore,Groceries,305,150,Warehouse_North,331,2
2024-08-17,5,8,Bangalore,Clothing,136,800,Warehouse_South,354,1
2024-08-17,5,8,Bangalore,Furniture,34,12000,Warehouse_West,294,4
2024-08-17,5,8,Bangalore,Medicines,211,200,Warehouse_North,404,3
2024-08-17,5,8,Chennai,Electronics,72,8500,Warehouse_West,455,4
2024-08-17,5,8,Chennai,Groceries,283,150,Warehouse_South,534,1
2024-08-17,5,8,Chennai,Clothing,106,800,Warehouse_West,398,4
2024-08-17,5,8,Chennai,Furniture,29,12000,Warehouse_South,596,1
2024-08-17,5,8,Chennai,Medicines,202,200,Warehouse_West,762,3
2024-08-17,5,8,Pune,Electronics,63,8500,Warehouse_West,999,4
2024-08-17,5,8,Pune,Groceries,223,150,Warehouse_West,609,2
2024-08-17,5,8,Pune,Clothing,86,800,Warehouse_West,793,2
2024-08-17,5,8,Pune,Furniture,19,12000,Warehouse_South,240,3
2024-08-17,5,8,Pune,Medicines,169,200,Warehouse_South,531,1
2024-08-17,5,8,Hyderabad,Electronics,58,8500,Warehouse_North,975,4
2024-08-17,5,8,Hyderabad,Groceries,205,150,Warehouse_South,720,1
2024-08-17,5,8,Hyderabad,Clothing,98,800,Warehouse_South,545,4
2024-08-17,5,8,Hyderabad,Furniture,24,12000,Warehouse_West,627,2
2024-08-17,5,8,Hyderabad,Medicines,169,200,Warehouse_South,825,2
2024-08-18,6,8,Mumbai,Electronics,74,8500,Warehouse_North,309,3
2024-08-18,6,8,Mumbai,Groceries,308,150,Warehouse_North,687,1
2024-08-18,6,8,Mumbai,Clothing,142,800,Warehouse_West,221,2
2024-08-18,6,8,Mumbai,Furniture,29,12000,Warehouse_North,471,2
2024-08-18,6,8,Mumbai,Medicines,260,200,Warehouse_West,576,4
2024-08-18,6,8,Delhi,Electronics,80,8500,Warehouse_North,791,2
2024-08-18,6,8,Delhi,Groceries,325,150,Warehouse_South,528,1
2024-08-18,6,8,Delhi,Clothing,124,800,Warehouse_South,587,4
2024-08-18,6,8,Delhi,Furniture,32,12000,Warehouse_South,516,2
2024-08-18,6,8,Delhi,Medicines,229,200,Warehouse_West,780,1
2024-08-18,6,8,Bangalore,Electronics,65,8500,Warehouse_West,858,1
2024-08-18,6,8,Bangalore,Groceries,317,150,Warehouse_South,435,3
2024-08-18,6,8,Bangalore,Clothing,128,800,Warehouse_West,660,1
2024-08-18,6,8,Bangalore,Furniture,36,12000,Warehouse_North,419,1
2024-08-18,6,8,Bangalore,Medicines,252,200,Warehouse_South,706,3
2024-08-18,6,8,Chennai,Electronics,58,8500,Warehouse_West,436,2
2024-08-18,6,8,Chennai,Groceries,300,150,Warehouse_North,927,2
2024-08-18,6,8,Chennai,Clothing,110,800,Warehouse_North,575,4
2024-08-18,6,8,Chennai,Furniture,22,12000,Warehouse_North,835,1
2024-08-18,6,8,Chennai,Medicines,167,200,Warehouse_West,917,4
2024-08-18,6,8,Pune,Electronics,47,8500,Warehouse_West,542,1
2024-08-18,6,8,Pune,Groceries,185,150,Warehouse_South,311,2
2024-08-18,6,8,Pune,Clothing,99,800,Warehouse_West,564,3
2024-08-18,6,8,Pune,Furniture,22,12000,Warehouse_North,779,1
2024-08-18,6,8,Pune,Medicines,181,200,Warehouse_North,647,2
2024-08-18,6,8,Hyderabad,Electronics,51,8500,Warehouse_West,273,3
2024-08-18,6,8,Hyderabad,Groceries,283,150,Warehouse_South,527,2
2024-08-18,6,8,Hyderabad,Clothing,113,800,Warehouse_South,784,2
2024-08-18,6,8,Hyderabad,Furniture,21,12000,Warehouse_South,252,4
2024-08-18,6,8,Hyderabad,Medicines,170,200,Warehouse_North,839,4
2024-08-19,0,8,Mumbai,Electronics,64,8500,Warehouse_North,870,4
2024-08-19,0,8,Mumbai,Groceries,270,150,Warehouse_North,270,1
2024-08-19,0,8,Mumbai,Clothing,103,800,Warehouse_South,868,1
2024-08-19,0,8,Mumbai,Furniture,26,12000,Warehouse_South,748,1
2024-08-19,0,8,Mumbai,Medicines,164,200,Warehouse_South,685,3
2024-08-19,0,8,Delhi,Electronics,54,8500,Warehouse_West,727,4
2024-08-19,0,8,Delhi,Groceries,219,150,Warehouse_South,515,1
2024-08-19,0,8,Delhi,Clothing,108,800,Warehouse_North,363,2
2024-08-19,0,8,Delhi,Furniture,24,12000,Warehouse_South,371,2
2024-08-19,0,8,Delhi,Medicines,205,200,Warehouse_North,924,1
2024-08-19,0,8,Bangalore,Electronics,58,8500,Warehouse_West,759,1
2024-08-19,0,8,Bangalore,Groceries,281,150,Warehouse_North,833,2
2024-08-19,0,8,Bangalore,Clothing,88,800,Warehouse_West,497,4
2024-08-19,0,8,Bangalore,Furniture,21,12000,Warehouse_North,793,2
2024-08-19,0,8,Bangalore,Medicines,152,200,Warehouse_South,768,3
2024-08-19,0,8,Chennai,Electronics,31,8500,Warehouse_South,890,1
2024-08-19,0,8,Chennai,Groceries,250,150,Warehouse_South,581,4
2024-08-19,0,8,Chennai,Clothing,68,800,Warehouse_South,494,2
2024-08-19,0,8,Chennai,Furniture,17,12000,Warehouse_South,842,1
2024-08-19,0,8,Chennai,Medicines,144,200,Warehouse_North,358,1
2024-08-19,0,8,Pune,Electronics,38,8500,Warehouse_South,538,2
2024-08-19,0,8,Pune,Groceries,164,150,Warehouse_North,437,1
2024-08-19,0,8,Pune,Clothing,68,800,Warehouse_North,967,3
2024-08-19,0,8,Pune,Furniture,18,12000,Warehouse_South,276,1
2024-08-19,0,8,Pune,Medicines,138,200,Warehouse_South,612,4
2024-08-19,0,8,Hyderabad,Electronics,43,8500,Warehouse_South,770,4
2024-08-19,0,8,Hyderabad,Groceries,178,150,Warehouse_North,442,2
2024-08-19,0,8,Hyderabad,Clothing,69,800,Warehouse_West,679,1
2024-08-19,0,8,Hyderabad,Furniture,19,12000,Warehouse_North,392,2
2024-08-19,0,8,Hyderabad,Medicines,121,200,Warehouse_South,696,4
2024-08-20,1,8,Mumbai,Electronics,52,8500,Warehouse_West,235,1
2024-08-20,1,8,Mumbai,Groceries,297,150,Warehouse_North,964,2
2024-08-20,1,8,Mumbai,Clothing,97,800,Warehouse_North,568,1
2024-08-20,1,8,Mumbai,Furniture,23,12000,Warehouse_West,385,2
2024-08-20,1,8,Mumbai,Medicines,198,200,Warehouse_West,278,2
2024-08-20,1,8,Delhi,Electronics,51,8500,Warehouse_West,715,1
2024-08-20,1,8,Delhi,Groceries,260,150,Warehouse_West,430,3
2024-08-20,1,8,Delhi,Clothing,97,800,Warehouse_South,611,2
2024-08-20,1,8,Delhi,Furniture,21,12000,Warehouse_North,652,2
2024-08-20,1,8,Delhi,Medicines,177,200,Warehouse_North,469,3
2024-08-20,1,8,Bangalore,Electronics,47,8500,Warehouse_North,314,4
2024-08-20,1,8,Bangalore,Groceries,249,150,Warehouse_West,957,1
2024-08-20,1,8,Bangalore,Clothing,92,800,Warehouse_South,930,3
2024-08-20,1,8,Bangalore,Furniture,20,12000,Warehouse_North,906,1
2024-08-20,1,8,Bangalore,Medicines,180,200,Warehouse_South,472,1
2024-08-20,1,8,Chennai,Electronics,39,8500,Warehouse_North,561,4
2024-08-20,1,8,Chennai,Groceries,196,150,Warehouse_South,787,4
2024-08-20,1,8,Chennai,Clothing,71,800,Warehouse_South,395,1
2024-08-20,1,8,Chennai,Furniture,19,12000,Warehouse_North,282,2
2024-08-20,1,8,Chennai,Medicines,145,200,Warehouse_North,930,4
2024-08-20,1,8,Pune,Electronics,35,8500,Warehouse_North,579,1
2024-08-20,1,8,Pune,Groceries,118,150,Warehouse_South,376,3
2024-08-20,1,8,Pune,Clothing,73,800,Warehouse_West,375,2
2024-08-20,1,8,Pune,Furniture,12,12000,Warehouse_South,445,3
2024-08-20,1,8,Pune,Medicines,147,200,Warehouse_West,229,2
2024-08-20,1,8,Hyderabad,Electronics,45,8500,Warehouse_North,556,3
2024-08-20,1,8,Hyderabad,Groceries,145,150,Warehouse_North,984,1
2024-08-20,1,8,Hyderabad,Clothing,60,800,Warehouse_South,581,4
2024-08-20,1,8,Hyderabad,Furniture,18,12000,Warehouse_North,618,3
2024-08-20,1,8,Hyderabad,Medicines,120,200,Warehouse_South,884,3
2024-08-21,2,8,Mumbai,Electronics,53,8500,Warehouse_West,880,1
2024-08-21,2,8,Mumbai,Groceries,225,150,Warehouse_South,830,1
2024-08-21,2,8,Mumbai,Clothing,92,800,Warehouse_North,381,1
2024-08-21,2,8,Mumbai,Furniture,26,12000,Warehouse_South,722,2
2024-08-21,2,8,Mumbai,Medicines,195,200,Warehouse_West,653,3
2024-08-21,2,8,Delhi,Electronics,48,8500,Warehouse_North,286,2
2024-08-21,2,8,Delhi,Groceries,204,150,Warehouse_South,284,3
2024-08-21,2,8,Delhi,Clothing,91,800,Warehouse_North,732,1
2024-08-21,2,8,Delhi,Furniture,22,12000,Warehouse_West,968,3
2024-08-21,2,8,Delhi,Medicines,179,200,Warehouse_South,234,4
2024-08-21,2,8,Bangalore,Electronics,55,8500,Warehouse_South,238,1
2024-08-21,2,8,Bangalore,Groceries,238,150,Warehouse_West,952,1
2024-08-21,2,8,Bangalore,Clothing,99,800,Warehouse_South,439,3
2024-08-21,2,8,Bangalore,Furniture,16,12000,Warehouse_South,644,4
2024-08-21,2,8,Bangalore,Medicines,157,200,Warehouse_West,822,1
2024-08-21,2,8,Chennai,Electronics,36,8500,Warehouse_South,251,1
2024-08-21,2,8,Chennai,Groceries,158,150,Warehouse_West,317,3
2024-08-21,2,8,Chennai,Clothing,72,800,Warehouse_North,623,3
2024-08-21,2,8,Chennai,Furniture,18,12000,Warehouse_West,421,1
2024-08-21,2,8,Chennai,Medicines,106,200,Warehouse_South,989,2
2024-08-21,2,8,Pune,Electronics,42,8500,Warehouse_West,316,4
2024-08-21,2,8,Pune,Groceries,167,150,Warehouse_West,646,1
2024-08-21,2,8,Pune,Clothing,57,800,Warehouse_North,800,4
2024-08-21,2,8,Pune,Furniture,17,12000,Warehouse_South,960,2
2024-08-21,2,8,Pune,Medicines,103,200,Warehouse_South,506,4
2024-08-21,2,8,Hyderabad,Electronics,39,8500,Warehouse_South,460,3
2024-08-21,2,8,Hyderabad,Groceries,132,150,Warehouse_North,605,1
2024-08-21,2,8,Hyderabad,Clothing,71,800,Warehouse_South,971,2
2024-08-21,2,8,Hyderabad,Furniture,19,12000,Warehouse_North,685,4
2024-08-21,2,8,Hyderabad,Medicines,118,200,Warehouse_West,841,3
2024-08-22,3,8,Mumbai,Electronics,60,8500,Warehouse_North,556,2
2024-08-22,3,8,Mumbai,Groceries,274,150,Warehouse_South,685,4
2024-08-22,3,8,Mumbai,Clothing,94,800,Warehouse_North,606,3
2024-08-22,3,8,Mumbai,Furniture,29,12000,Warehouse_North,476,3
2024-08-22,3,8,Mumbai,Medicines,169,200,Warehouse_West,670,4
2024-08-22,3,8,Delhi,Electronics,49,8500,Warehouse_West,633,4
2024-08-22,3,8,Delhi,Groceries,239,150,Warehouse_West,800,2
2024-08-22,3,8,Delhi,Clothing,86,800,Warehouse_South,304,4
2024-08-22,3,8,Delhi,Furniture,21,12000,Warehouse_North,736,1
2024-08-22,3,8,Delhi,Medicines,170,200,Warehouse_West,214,2
2024-08-22,3,8,Bangalore,Electronics,55,8500,Warehouse_West,885,1
2024-08-22,3,8,Bangalore,Groceries,248,150,Warehouse_North,865,1
2024-08-22,3,8,Bangalore,Clothing,71,800,Warehouse_West,255,1
2024-08-22,3,8,Bangalore,Furniture,23,12000,Warehouse_North,429,1
2024-08-22,3,8,Bangalore,Medicines,166,200,Warehouse_South,221,2
2024-08-22,3,8,Chennai,Electronics,42,8500,Warehouse_North,587,2
2024-08-22,3,8,Chennai,Groceries,197,150,Warehouse_South,602,1
2024-08-22,3,8,Chennai,Clothing,84,800,Warehouse_West,583,3
2024-08-22,3,8,Chennai,Furniture,17,12000,Warehouse_North,925,3
2024-08-22,3,8,Chennai,Medicines,118,200,Warehouse_South,953,1
2024-08-22,3,8,Pune,Electronics,40,8500,Warehouse_North,298,4
2024-08-22,3,8,Pune,Groceries,159,150,Warehouse_South,374,3
2024-08-22,3,8,Pune,Clothing,73,800,Warehouse_North,360,4
2024-08-22,3,8,Pune,Furniture,17,12000,Warehouse_North,852,2
2024-08-22,3,8,Pune,Medicines,147,200,Warehouse_South,480,1
2024-08-22,3,8,Hyderabad,Electronics,42,8500,Warehouse_North,353,4
2024-08-22,3,8,Hyderabad,Groceries,183,150,Warehouse_North,772,1
2024-08-22,3,8,Hyderabad,Clothing,55,800,Warehouse_North,397,4
2024-08-22,3,8,Hyderabad,Furniture,14,12000,Warehouse_West,753,1
2024-08-22,3,8,Hyderabad,Medicines,94,200,Warehouse_West,825,1
2024-08-23,4,8,Mumbai,Electronics,51,8500,Warehouse_South,804,4
2024-08-23,4,8,Mumbai,Groceries,246,150,Warehouse_North,555,4
2024-08-23,4,8,Mumbai,Clothing,93,800,Warehouse_North,591,1
2024-08-23,4,8,Mumbai,Furniture,27,12000,Warehouse_West,601,3
2024-08-23,4,8,Mumbai,Medicines,201,200,Warehouse_West,714,4
2024-08-23,4,8,Delhi,Electronics,53,8500,Warehouse_North,422,1
2024-08-23,4,8,Delhi,Groceries,320,150,Warehouse_North,660,4
2024-08-23,4,8,Delhi,Clothing,110,800,Warehouse_North,736,3
2024-08-23,4,8,Delhi,Furniture,21,12000,Warehouse_South,277,3
2024-08-23,4,8,Delhi,Medicines,194,200,Warehouse_North,554,4
2024-08-23,4,8,Bangalore,Electronics,46,8500,Warehouse_West,548,3
2024-08-23,4,8,Bangalore,Groceries,225,150,Warehouse_South,927,4
2024-08-23,4,8,Bangalore,Clothing,78,800,Warehouse_North,470,2
2024-08-23,4,8,Bangalore,Furniture,17,12000,Warehouse_North,219,1
2024-08-23,4,8,Bangalore,Medicines,154,200,Warehouse_West,206,4
2024-08-23,4,8,Chennai,Electronics,30,8500,Warehouse_North,903,1
2024-08-23,4,8,Chennai,Groceries,234,150,Warehouse_North,301,2
2024-08-23,4,8,Chennai,Clothing,79,800,Warehouse_West,712,1
2024-08-23,4,8,Chennai,Furniture,20,12000,Warehouse_North,348,1
2024-08-23,4,8,Chennai,Medicines,152,200,Warehouse_West,670,3
2024-08-23,4,8,Pune,Electronics,42,8500,Warehouse_North,311,3
2024-08-23,4,8,Pune,Groceries,98,150,Warehouse_South,965,1
2024-08-23,4,8,Pune,Clothing,62,800,Warehouse_South,979,2
2024-08-23,4,8,Pune,Furniture,21,12000,Warehouse_North,837,1
2024-08-23,4,8,Pune,Medicines,117,200,Warehouse_North,468,1
2024-08-23,4,8,Hyderabad,Electronics,50,8500,Warehouse_North,304,2
2024-08-23,4,8,Hyderabad,Groceries,151,150,Warehouse_North,606,4
2024-08-23,4,8,Hyderabad,Clothing,77,800,Warehouse_North,993,4
2024-08-23,4,8,Hyderabad,Furniture,19,12000,Warehouse_North,456,2
2024-08-23,4,8,Hyderabad,Medicines,105,200,Warehouse_West,938,2
2024-08-24,5,8,Mumbai,Electronics,92,8500,Warehouse_West,779,3
2024-08-24,5,8,Mumbai,Groceries,331,150,Warehouse_South,503,3
2024-08-24,5,8,Mumbai,Clothing,153,800,Warehouse_North,418,1
2024-08-24,5,8,Mumbai,Furniture,40,12000,Warehouse_West,356,4
2024-08-24,5,8,Mumbai,Medicines,251,200,Warehouse_North,361,2
2024-08-24,5,8,Delhi,Electronics,82,8500,Warehouse_West,350,1
2024-08-24,5,8,Delhi,Groceries,312,150,Warehouse_North,364,4
2024-08-24,5,8,Delhi,Clothing,119,800,Warehouse_West,803,2
2024-08-24,5,8,Delhi,Furniture,32,12000,Warehouse_South,965,2
2024-08-24,5,8,Delhi,Medicines,289,200,Warehouse_North,401,1
2024-08-24,5,8,Bangalore,Electronics,62,8500,Warehouse_West,638,1
2024-08-24,5,8,Bangalore,Groceries,274,150,Warehouse_North,891,4
2024-08-24,5,8,Bangalore,Clothing,132,800,Warehouse_South,905,2
2024-08-24,5,8,Bangalore,Furniture,32,12000,Warehouse_West,837,3
2024-08-24,5,8,Bangalore,Medicines,217,200,Warehouse_South,710,4
2024-08-24,5,8,Chennai,Electronics,60,8500,Warehouse_West,813,1
2024-08-24,5,8,Chennai,Groceries,257,150,Warehouse_North,962,4
2024-08-24,5,8,Chennai,Clothing,120,800,Warehouse_North,678,1
2024-08-24,5,8,Chennai,Furniture,23,12000,Warehouse_North,775,4
2024-08-24,5,8,Chennai,Medicines,176,200,Warehouse_South,588,4
2024-08-24,5,8,Pune,Electronics,58,8500,Warehouse_North,711,2
2024-08-24,5,8,Pune,Groceries,226,150,Warehouse_West,251,4
2024-08-24,5,8,Pune,Clothing,83,800,Warehouse_West,479,4
2024-08-24,5,8,Pune,Furniture,23,12000,Warehouse_South,965,1
2024-08-24,5,8,Pune,Medicines,179,200,Warehouse_South,889,2
2024-08-24,5,8,Hyderabad,Electronics,58,8500,Warehouse_North,891,4
2024-08-24,5,8,Hyderabad,Groceries,197,150,Warehouse_South,607,1
2024-08-24,5,8,Hyderabad,Clothing,93,800,Warehouse_South,915,1
2024-08-24,5,8,Hyderabad,Furniture,27,12000,Warehouse_North,811,1
2024-08-24,5,8,Hyderabad,Medicines,162,200,Warehouse_North,309,3
2024-08-25,6,8,Mumbai,Electronics,103,8500,Warehouse_North,303,4
2024-08-25,6,8,Mumbai,Groceries,347,150,Warehouse_North,400,3
2024-08-25,6,8,Mumbai,Clothing,127,800,Warehouse_North,234,1
2024-08-25,6,8,Mumbai,Furniture,34,12000,Warehouse_South,670,3
2024-08-25,6,8,Mumbai,Medicines,276,200,Warehouse_North,316,2
2024-08-25,6,8,Delhi,Electronics,81,8500,Warehouse_South,643,3
2024-08-25,6,8,Delhi,Groceries,238,150,Warehouse_West,430,3
2024-08-25,6,8,Delhi,Clothing,139,800,Warehouse_South,594,4
2024-08-25,6,8,Delhi,Furniture,31,12000,Warehouse_West,555,1
2024-08-25,6,8,Delhi,Medicines,238,200,Warehouse_North,540,3
2024-08-25,6,8,Bangalore,Electronics,74,8500,Warehouse_West,871,1
2024-08-25,6,8,Bangalore,Groceries,292,150,Warehouse_West,328,4
2024-08-25,6,8,Bangalore,Clothing,138,800,Warehouse_West,308,1
2024-08-25,6,8,Bangalore,Furniture,31,12000,Warehouse_West,990,4
2024-08-25,6,8,Bangalore,Medicines,210,200,Warehouse_South,681,2
2024-08-25,6,8,Chennai,Electronics,65,8500,Warehouse_West,878,1
2024-08-25,6,8,Chennai,Groceries,245,150,Warehouse_West,772,3
2024-08-25,6,8,Chennai,Clothing,98,800,Warehouse_West,406,2
2024-08-25,6,8,Chennai,Furniture,26,12000,Warehouse_West,228,2
2024-08-25,6,8,Chennai,Medicines,163,200,Warehouse_North,966,2
2024-08-25,6,8,Pune,Electronics,57,8500,Warehouse_West,565,1
2024-08-25,6,8,Pune,Groceries,257,150,Warehouse_North,859,2
2024-08-25,6,8,Pune,Clothing,120,800,Warehouse_North,359,4
2024-08-25,6,8,Pune,Furniture,26,12000,Warehouse_North,404,3
2024-08-25,6,8,Pune,Medicines,196,200,Warehouse_South,599,1
2024-08-25,6,8,Hyderabad,Electronics,54,8500,Warehouse_South,281,2
2024-08-25,6,8,Hyderabad,Groceries,272,150,Warehouse_North,405,2
2024-08-25,6,8,Hyderabad,Clothing,107,800,Warehouse_South,875,4
2024-08-25,6,8,Hyderabad,Furniture,25,12000,Warehouse_West,628,3
2024-08-25,6,8,Hyderabad,Medicines,148,200,Warehouse_South,483,2
2024-08-26,0,8,Mumbai,Electronics,49,8500,Warehouse_West,564,2
2024-08-26,0,8,Mumbai,Groceries,278,150,Warehouse_West,817,1
2024-08-26,0,8,Mumbai,Clothing,104,800,Warehouse_North,700,3
2024-08-26,0,8,Mumbai,Furniture,23,12000,Warehouse_West,467,3
2024-08-26,0,8,Mumbai,Medicines,183,200,Warehouse_West,213,4
2024-08-26,0,8,Delhi,Electronics,44,8500,Warehouse_North,354,1
2024-08-26,0,8,Delhi,Groceries,201,150,Warehouse_North,362,3
2024-08-26,0,8,Delhi,Clothing,71,800,Warehouse_South,602,3
2024-08-26,0,8,Delhi,Furniture,21,12000,Warehouse_South,819,2
2024-08-26,0,8,Delhi,Medicines,160,200,Warehouse_South,828,4
2024-08-26,0,8,Bangalore,Electronics,33,8500,Warehouse_West,644,2
2024-08-26,0,8,Bangalore,Groceries,169,150,Warehouse_North,896,4
2024-08-26,0,8,Bangalore,Clothing,88,800,Warehouse_North,622,4
2024-08-26,0,8,Bangalore,Furniture,12,12000,Warehouse_West,830,1
2024-08-26,0,8,Bangalore,Medicines,164,200,Warehouse_West,352,1
2024-08-26,0,8,Chennai,Electronics,38,8500,Warehouse_South,441,4
2024-08-26,0,8,Chennai,Groceries,185,150,Warehouse_West,824,4
2024-08-26,0,8,Chennai,Clothing,91,800,Warehouse_West,800,3
2024-08-26,0,8,Chennai,Furniture,19,12000,Warehouse_West,618,2
2024-08-26,0,8,Chennai,Medicines,173,200,Warehouse_South,272,3
2024-08-26,0,8,Pune,Electronics,47,8500,Warehouse_North,755,4
2024-08-26,0,8,Pune,Groceries,174,150,Warehouse_South,460,3
2024-08-26,0,8,Pune,Clothing,70,800,Warehouse_West,982,1
2024-08-26,0,8,Pune,Furniture,22,12000,Warehouse_North,836,2
2024-08-26,0,8,Pune,Medicines,134,200,Warehouse_South,623,4
2024-08-26,0,8,Hyderabad,Electronics,35,8500,Warehouse_West,649,1
2024-08-26,0,8,Hyderabad,Groceries,164,150,Warehouse_West,733,2
2024-08-26,0,8,Hyderabad,Clothing,49,800,Warehouse_North,288,2
2024-08-26,0,8,Hyderabad,Furniture,16,12000,Warehouse_North,653,2
2024-08-26,0,8,Hyderabad,Medicines,145,200,Warehouse_North,278,3
2024-08-27,1,8,Mumbai,Electronics,57,8500,Warehouse_South,866,1
2024-08-27,1,8,Mumbai,Groceries,253,150,Warehouse_West,644,4
2024-08-27,1,8,Mumbai,Clothing,111,800,Warehouse_West,969,1
2024-08-27,1,8,Mumbai,Furniture,24,12000,Warehouse_West,697,1
2024-08-27,1,8,Mumbai,Medicines,171,200,Warehouse_South,762,2
2024-08-27,1,8,Delhi,Electronics,41,8500,Warehouse_North,977,4
2024-08-27,1,8,Delhi,Groceries,236,150,Warehouse_North,453,4
2024-08-27,1,8,Delhi,Clothing,91,800,Warehouse_North,772,3
2024-08-27,1,8,Delhi,Furniture,26,12000,Warehouse_West,424,2
2024-08-27,1,8,Delhi,Medicines,166,200,Warehouse_North,302,3
2024-08-27,1,8,Bangalore,Electronics,47,8500,Warehouse_North,781,3
2024-08-27,1,8,Bangalore,Groceries,262,150,Warehouse_West,721,1
2024-08-27,1,8,Bangalore,Clothing,93,800,Warehouse_South,539,4
2024-08-27,1,8,Bangalore,Furniture,23,12000,Warehouse_South,356,4
2024-08-27,1,8,Bangalore,Medicines,174,200,Warehouse_West,357,1
2024-08-27,1,8,Chennai,Electronics,37,8500,Warehouse_South,690,3
2024-08-27,1,8,Chennai,Groceries,251,150,Warehouse_North,561,4
2024-08-27,1,8,Chennai,Clothing,78,800,Warehouse_North,403,4
2024-08-27,1,8,Chennai,Furniture,22,12000,Warehouse_South,807,2
2024-08-27,1,8,Chennai,Medicines,134,200,Warehouse_North,457,2
2024-08-27,1,8,Pune,Electronics,39,8500,Warehouse_North,527,2
2024-08-27,1,8,Pune,Groceries,161,150,Warehouse_South,328,1
2024-08-27,1,8,Pune,Clothing,68,800,Warehouse_North,363,1
2024-08-27,1,8,Pune,Furniture,15,12000,Warehouse_West,842,4
2024-08-27,1,8,Pune,Medicines,112,200,Warehouse_South,784,2
2024-08-27,1,8,Hyderabad,Electronics,35,8500,Warehouse_West,266,2
2024-08-27,1,8,Hyderabad,Groceries,139,150,Warehouse_South,354,3
2024-08-27,1,8,Hyderabad,Clothing,60,800,Warehouse_South,679,3
2024-08-27,1,8,Hyderabad,Furniture,11,12000,Warehouse_South,354,3
2024-08-27,1,8,Hyderabad,Medicines,129,200,Warehouse_West,218,1
2024-08-28,2,8,Mumbai,Electronics,48,8500,Warehouse_South,844,2
2024-08-28,2,8,Mumbai,Groceries,226,150,Warehouse_South,651,4
2024-08-28,2,8,Mumbai,Clothing,110,800,Warehouse_North,936,4
2024-08-28,2,8,Mumbai,Furniture,26,12000,Warehouse_North,991,3
2024-08-28,2,8,Mumbai,Medicines,184,200,Warehouse_West,814,1
2024-08-28,2,8,Delhi,Electronics,52,8500,Warehouse_North,228,2
2024-08-28,2,8,Delhi,Groceries,204,150,Warehouse_North,586,4
2024-08-28,2,8,Delhi,Clothing,91,800,Warehouse_South,932,3
2024-08-28,2,8,Delhi,Furniture,25,12000,Warehouse_South,839,1
2024-08-28,2,8,Delhi,Medicines,206,200,Warehouse_West,680,4
2024-08-28,2,8,Bangalore,Electronics,51,8500,Warehouse_South,544,1
2024-08-28,2,8,Bangalore,Groceries,226,150,Warehouse_West,220,1
2024-08-28,2,8,Bangalore,Clothing,73,800,Warehouse_North,497,4
2024-08-28,2,8,Bangalore,Furniture,16,12000,Warehouse_South,752,4
2024-08-28,2,8,Bangalore,Medicines,131,200,Warehouse_North,448,1
2024-08-28,2,8,Chennai,Electronics,31,8500,Warehouse_West,638,4
2024-08-28,2,8,Chennai,Groceries,146,150,Warehouse_West,832,3
2024-08-28,2,8,Chennai,Clothing,49,800,Warehouse_North,223,2
2024-08-28,2,8,Chennai,Furniture,14,12000,Warehouse_North,327,2
2024-08-28,2,8,Chennai,Medicines,90,200,Warehouse_West,620,4
2024-08-28,2,8,Pune,Electronics,32,8500,Warehouse_West,862,2
2024-08-28,2,8,Pune,Groceries,157,150,Warehouse_North,624,4
2024-08-28,2,8,Pune,Clothing,75,800,Warehouse_North,916,4
2024-08-28,2,8,Pune,Furniture,14,12000,Warehouse_North,679,4
2024-08-28,2,8,Pune,Medicines,109,200,Warehouse_South,516,2
2024-08-28,2,8,Hyderabad,Electronics,24,8500,Warehouse_South,475,1
2024-08-28,2,8,Hyderabad,Groceries,171,150,Warehouse_West,638,2
2024-08-28,2,8,Hyderabad,Clothing,49,800,Warehouse_West,469,1
2024-08-28,2,8,Hyderabad,Furniture,18,12000,Warehouse_North,664,1
2024-08-28,2,8,Hyderabad,Medicines,105,200,Warehouse_North,663,1
2024-08-29,3,8,Mumbai,Electronics,53,8500,Warehouse_North,257,2
2024-08-29,3,8,Mumbai,Groceries,279,150,Warehouse_North,660,4
2024-08-29,3,8,Mumbai,Clothing,129,800,Warehouse_North,295,1
2024-08-29,3,8,Mumbai,Furniture,24,12000,Warehouse_West,772,1
2024-08-29,3,8,Mumbai,Medicines,172,200,Warehouse_West,403,2
2024-08-29,3,8,Delhi,Electronics,54,8500,Warehouse_North,670,4
2024-08-29,3,8,Delhi,Groceries,284,150,Warehouse_West,739,2
2024-08-29,3,8,Delhi,Clothing,66,800,Warehouse_North,882,2
2024-08-29,3,8,Delhi,Furniture,25,12000,Warehouse_North,919,1
2024-08-29,3,8,Delhi,Medicines,219,200,Warehouse_West,959,2
2024-08-29,3,8,Bangalore,Electronics,50,8500,Warehouse_South,500,4
2024-08-29,3,8,Bangalore,Groceries,241,150,Warehouse_South,276,1
2024-08-29,3,8,Bangalore,Clothing,74,800,Warehouse_North,949,1
2024-08-29,3,8,Bangalore,Furniture,19,12000,Warehouse_West,360,2
2024-08-29,3,8,Bangalore,Medicines,170,200,Warehouse_South,629,4
2024-08-29,3,8,Chennai,Electronics,49,8500,Warehouse_South,225,2
2024-08-29,3,8,Chennai,Groceries,160,150,Warehouse_West,989,1
2024-08-29,3,8,Chennai,Clothing,71,800,Warehouse_North,466,2
2024-08-29,3,8,Chennai,Furniture,16,12000,Warehouse_West,729,1
2024-08-29,3,8,Chennai,Medicines,166,200,Warehouse_North,823,4
2024-08-29,3,8,Pune,Electronics,29,8500,Warehouse_West,781,4
2024-08-29,3,8,Pune,Groceries,135,150,Warehouse_South,402,3
2024-08-29,3,8,Pune,Clothing,68,800,Warehouse_North,336,1
2024-08-29,3,8,Pune,Furniture,17,12000,Warehouse_North,476,1
2024-08-29,3,8,Pune,Medicines,116,200,Warehouse_North,530,2
2024-08-29,3,8,Hyderabad,Electronics,49,8500,Warehouse_West,869,3
2024-08-29,3,8,Hyderabad,Groceries,199,150,Warehouse_North,747,2
2024-08-29,3,8,Hyderabad,Clothing,56,800,Warehouse_North,292,3
2024-08-29,3,8,Hyderabad,Furniture,15,12000,Warehouse_West,877,3
2024-08-29,3,8,Hyderabad,Medicines,127,200,Warehouse_North,406,1
2024-08-30,4,8,Mumbai,Electronics,67,8500,Warehouse_South,947,1
2024-08-30,4,8,Mumbai,Groceries,241,150,Warehouse_West,825,4
2024-08-30,4,8,Mumbai,Clothing,98,800,Warehouse_South,809,3
2024-08-30,4,8,Mumbai,Furniture,28,12000,Warehouse_North,925,4
2024-08-30,4,8,Mumbai,Medicines,187,200,Warehouse_South,897,4
2024-08-30,4,8,Delhi,Electronics,46,8500,Warehouse_North,791,1
2024-08-30,4,8,Delhi,Groceries,245,150,Warehouse_West,373,2
2024-08-30,4,8,Delhi,Clothing,100,800,Warehouse_South,220,3
2024-08-30,4,8,Delhi,Furniture,25,12000,Warehouse_North,601,1
2024-08-30,4,8,Delhi,Medicines,233,200,Warehouse_West,984,2
2024-08-30,4,8,Bangalore,Electronics,53,8500,Warehouse_West,786,3
2024-08-30,4,8,Bangalore,Groceries,197,150,Warehouse_North,708,2
2024-08-30,4,8,Bangalore,Clothing,86,800,Warehouse_North,452,2
2024-08-30,4,8,Bangalore,Furniture,23,12000,Warehouse_West,533,4
2024-08-30,4,8,Bangalore,Medicines,197,200,Warehouse_South,410,1
2024-08-30,4,8,Chennai,Electronics,34,8500,Warehouse_North,538,3
2024-08-30,4,8,Chennai,Groceries,180,150,Warehouse_South,232,3
2024-08-30,4,8,Chennai,Clothing,83,800,Warehouse_North,325,3
2024-08-30,4,8,Chennai,Furniture,16,12000,Warehouse_West,597,3
2024-08-30,4,8,Chennai,Medicines,153,200,Warehouse_West,936,1
2024-08-30,4,8,Pune,Electronics,35,8500,Warehouse_West,919,1
2024-08-30,4,8,Pune,Groceries,156,150,Warehouse_West,970,1
2024-08-30,4,8,Pune,Clothing,55,800,Warehouse_West,876,1
2024-08-30,4,8,Pune,Furniture,14,12000,Warehouse_South,576,3
2024-08-30,4,8,Pune,Medicines,131,200,Warehouse_South,434,2
2024-08-30,4,8,Hyderabad,Electronics,44,8500,Warehouse_West,868,3
2024-08-30,4,8,Hyderabad,Groceries,197,150,Warehouse_North,871,3
2024-08-30,4,8,Hyderabad,Clothing,91,800,Warehouse_West,617,4
2024-08-30,4,8,Hyderabad,Furniture,14,12000,Warehouse_South,420,1
2024-08-30,4,8,Hyderabad,Medicines,133,200,Warehouse_North,281,4
2024-08-31,5,8,Mumbai,Electronics,80,8500,Warehouse_West,881,2
2024-08-31,5,8,Mumbai,Groceries,429,150,Warehouse_South,976,2
2024-08-31,5,8,Mumbai,Clothing,141,800,Warehouse_North,824,4
2024-08-31,5,8,Mumbai,Furniture,35,12000,Warehouse_South,347,1
2024-08-31,5,8,Mumbai,Medicines,273,200,Warehouse_North,518,1
2024-08-31,5,8,Delhi,Electronics,81,8500,Warehouse_North,379,3
2024-08-31,5,8,Delhi,Groceries,313,150,Warehouse_North,772,4
2024-08-31,5,8,Delhi,Clothing,126,800,Warehouse_South,874,3
2024-08-31,5,8,Delhi,Furniture,31,12000,Warehouse_South,381,3
2024-08-31,5,8,Delhi,Medicines,212,200,Warehouse_West,757,3
2024-08-31,5,8,Bangalore,Electronics,58,8500,Warehouse_West,894,3
2024-08-31,5,8,Bangalore,Groceries,328,150,Warehouse_North,751,4
2024-08-31,5,8,Bangalore,Clothing,118,800,Warehouse_West,675,4
2024-08-31,5,8,Bangalore,Furniture,28,12000,Warehouse_South,332,4
2024-08-31,5,8,Bangalore,Medicines,236,200,Warehouse_West,245,2
2024-08-31,5,8,Chennai,Electronics,62,8500,Warehouse_West,436,1
2024-08-31,5,8,Chennai,Groceries,277,150,Warehouse_North,926,1
2024-08-31,5,8,Chennai,Clothing,109,800,Warehouse_West,864,4
2024-08-31,5,8,Chennai,Furniture,25,12000,Warehouse_West,550,1
2024-08-31,5,8,Chennai,Medicines,163,200,Warehouse_North,782,1
2024-08-31,5,8,Pune,Electronics,61,8500,Warehouse_South,445,3
2024-08-31,5,8,Pune,Groceries,278,150,Warehouse_West,699,2
2024-08-31,5,8,Pune,Clothing,104,800,Warehouse_South,403,3
2024-08-31,5,8,Pune,Furniture,27,12000,Warehouse_West,558,1
2024-08-31,5,8,Pune,Medicines,175,200,Warehouse_South,718,3
2024-08-31,5,8,Hyderabad,Electronics,55,8500,Warehouse_North,727,4
2024-08-31,5,8,Hyderabad,Groceries,218,150,Warehouse_South,529,2
2024-08-31,5,8,Hyderabad,Clothing,112,800,Warehouse_North,408,3
2024-08-31,5,8,Hyderabad,Furniture,19,12000,Warehouse_South,993,4
2024-08-31,5,8,Hyderabad,Medicines,207,200,Warehouse_West,662,4
2024-09-01,6,9,Mumbai,Electronics,92,8500,Warehouse_North,761,1
2024-09-01,6,9,Mumbai,Groceries,465,150,Warehouse_West,744,3
2024-09-01,6,9,Mumbai,Clothing,162,800,Warehouse_South,552,1
2024-09-01,6,9,Mumbai,Furniture,40,12000,Warehouse_South,923,4
2024-09-01,6,9,Mumbai,Medicines,322,200,Warehouse_South,546,2
2024-09-01,6,9,Delhi,Electronics,79,8500,Warehouse_South,692,3
2024-09-01,6,9,Delhi,Groceries,366,150,Warehouse_North,452,2
2024-09-01,6,9,Delhi,Clothing,171,800,Warehouse_West,229,3
2024-09-01,6,9,Delhi,Furniture,44,12000,Warehouse_South,486,1
2024-09-01,6,9,Delhi,Medicines,290,200,Warehouse_North,708,1
2024-09-01,6,9,Bangalore,Electronics,87,8500,Warehouse_North,730,3
2024-09-01,6,9,Bangalore,Groceries,344,150,Warehouse_West,313,4
2024-09-01,6,9,Bangalore,Clothing,162,800,Warehouse_West,202,2
2024-09-01,6,9,Bangalore,Furniture,36,12000,Warehouse_North,644,2
2024-09-01,6,9,Bangalore,Medicines,238,200,Warehouse_North,327,2
2024-09-01,6,9,Chennai,Electronics,54,8500,Warehouse_South,932,3
2024-09-01,6,9,Chennai,Groceries,306,150,Warehouse_South,643,4
2024-09-01,6,9,Chennai,Clothing,137,800,Warehouse_West,404,4
2024-09-01,6,9,Chennai,Furniture,35,12000,Warehouse_West,230,1
2024-09-01,6,9,Chennai,Medicines,250,200,Warehouse_North,260,3
2024-09-01,6,9,Pune,Electronics,71,8500,Warehouse_West,778,4
2024-09-01,6,9,Pune,Groceries,248,150,Warehouse_West,690,4
2024-09-01,6,9,Pune,Clothing,109,800,Warehouse_North,324,3
2024-09-01,6,9,Pune,Furniture,28,12000,Warehouse_North,917,4
2024-09-01,6,9,Pune,Medicines,189,200,Warehouse_South,508,2
2024-09-01,6,9,Hyderabad,Electronics,51,8500,Warehouse_West,505,1
2024-09-01,6,9,Hyderabad,Groceries,281,150,Warehouse_North,817,4
2024-09-01,6,9,Hyderabad,Clothing,93,800,Warehouse_West,225,1
2024-09-01,6,9,Hyderabad,Furniture,27,12000,Warehouse_North,943,4
2024-09-01,6,9,Hyderabad,Medicines,176,200,Warehouse_North,582,1
2024-09-02,0,9,Mumbai,Electronics,61,8500,Warehouse_North,769,2
2024-09-02,0,9,Mumbai,Groceries,254,150,Warehouse_North,745,4
2024-09-02,0,9,Mumbai,Clothing,131,800,Warehouse_North,328,4
2024-09-02,0,9,Mumbai,Furniture,32,12000,Warehouse_West,632,2
2024-09-02,0,9,Mumbai,Medicines,183,200,Warehouse_West,543,1
2024-09-02,0,9,Delhi,Electronics,60,8500,Warehouse_North,751,2
2024-09-02,0,9,Delhi,Groceries,347,150,Warehouse_North,659,1
2024-09-02,0,9,Delhi,Clothing,112,800,Warehouse_North,927,3
2024-09-02,0,9,Delhi,Furniture,29,12000,Warehouse_West,795,4
2024-09-02,0,9,Delhi,Medicines,186,200,Warehouse_West,526,2
2024-09-02,0,9,Bangalore,Electronics,54,8500,Warehouse_North,817,1
2024-09-02,0,9,Bangalore,Groceries,271,150,Warehouse_North,650,3
2024-09-02,0,9,Bangalore,Clothing,106,800,Warehouse_West,250,3
2024-09-02,0,9,Bangalore,Furniture,20,12000,Warehouse_North,460,4
2024-09-02,0,9,Bangalore,Medicines,199,200,Warehouse_North,517,1
2024-09-02,0,9,Chennai,Electronics,66,8500,Warehouse_South,825,3
2024-09-02,0,9,Chennai,Groceries,196,150,Warehouse_West,903,3
2024-09-02,0,9,Chennai,Clothing,72,800,Warehouse_South,504,3
2024-09-02,0,9,Chennai,Furniture,18,12000,Warehouse_North,923,3
2024-09-02,0,9,Chennai,Medicines,153,200,Warehouse_West,579,3
2024-09-02,0,9,Pune,Electronics,50,8500,Warehouse_South,729,2
2024-09-02,0,9,Pune,Groceries,213,150,Warehouse_South,522,1
2024-09-02,0,9,Pune,Clothing,82,800,Warehouse_West,920,2
2024-09-02,0,9,Pune,Furniture,19,12000,Warehouse_West,445,1
2024-09-02,0,9,Pune,Medicines,143,200,Warehouse_North,396,2
2024-09-02,0,9,Hyderabad,Electronics,27,8500,Warehouse_West,248,4
2024-09-02,0,9,Hyderabad,Groceries,142,150,Warehouse_West,412,1
2024-09-02,0,9,Hyderabad,Clothing,94,800,Warehouse_West,960,3
2024-09-02,0,9,Hyderabad,Furniture,19,12000,Warehouse_West,949,2
2024-09-02,0,9,Hyderabad,Medicines,170,200,Warehouse_North,685,1
2024-09-03,1,9,Mumbai,Electronics,68,8500,Warehouse_North,215,2
2024-09-03,1,9,Mumbai,Groceries,270,150,Warehouse_West,545,4
2024-09-03,1,9,Mumbai,Clothing,99,800,Warehouse_South,775,1
2024-09-03,1,9,Mumbai,Furniture,27,12000,Warehouse_North,466,1
2024-09-03,1,9,Mumbai,Medicines,247,200,Warehouse_West,779,1
2024-09-03,1,9,Delhi,Electronics,48,8500,Warehouse_South,791,3
2024-09-03,1,9,Delhi,Groceries,297,150,Warehouse_South,831,3
2024-09-03,1,9,Delhi,Clothing,132,800,Warehouse_North,913,4
2024-09-03,1,9,Delhi,Furniture,28,12000,Warehouse_South,676,2
2024-09-03,1,9,Delhi,Medicines,176,200,Warehouse_West,491,4
2024-09-03,1,9,Bangalore,Electronics,67,8500,Warehouse_South,729,2
2024-09-03,1,9,Bangalore,Groceries,230,150,Warehouse_North,489,1
2024-09-03,1,9,Bangalore,Clothing,95,800,Warehouse_West,390,3
2024-09-03,1,9,Bangalore,Furniture,24,12000,Warehouse_West,834,2
2024-09-03,1,9,Bangalore,Medicines,211,200,Warehouse_South,868,4
2024-09-03,1,9,Chennai,Electronics,43,8500,Warehouse_West,372,3
2024-09-03,1,9,Chennai,Groceries,231,150,Warehouse_North,557,2
2024-09-03,1,9,Chennai,Clothing,97,800,Warehouse_North,518,1
2024-09-03,1,9,Chennai,Furniture,20,12000,Warehouse_South,292,3
2024-09-03,1,9,Chennai,Medicines,149,200,Warehouse_West,327,4
2024-09-03,1,9,Pune,Electronics,47,8500,Warehouse_West,390,2
2024-09-03,1,9,Pune,Groceries,213,150,Warehouse_North,812,3
2024-09-03,1,9,Pune,Clothing,84,800,Warehouse_South,952,4
2024-09-03,1,9,Pune,Furniture,20,12000,Warehouse_North,305,1
2024-09-03,1,9,Pune,Medicines,145,200,Warehouse_West,969,3
2024-09-03,1,9,Hyderabad,Electronics,45,8500,Warehouse_North,927,4
2024-09-03,1,9,Hyderabad,Groceries,246,150,Warehouse_North,470,1
2024-09-03,1,9,Hyderabad,Clothing,79,800,Warehouse_South,995,3
2024-09-03,1,9,Hyderabad,Furniture,16,12000,Warehouse_South,843,2
2024-09-03,1,9,Hyderabad,Medicines,177,200,Warehouse_South,587,3
2024-09-04,2,9,Mumbai,Electronics,60,8500,Warehouse_South,888,1
2024-09-04,2,9,Mumbai,Groceries,273,150,Warehouse_North,282,2
2024-09-04,2,9,Mumbai,Clothing,112,800,Warehouse_South,782,3
2024-09-04,2,9,Mumbai,Furniture,34,12000,Warehouse_West,760,1
2024-09-04,2,9,Mumbai,Medicines,226,200,Warehouse_North,848,3
2024-09-04,2,9,Delhi,Electronics,72,8500,Warehouse_West,772,1
2024-09-04,2,9,Delhi,Groceries,224,150,Warehouse_West,380,4
2024-09-04,2,9,Delhi,Clothing,112,800,Warehouse_West,354,3
2024-09-04,2,9,Delhi,Furniture,28,12000,Warehouse_West,876,4
2024-09-04,2,9,Delhi,Medicines,224,200,Warehouse_North,965,1
2024-09-04,2,9,Bangalore,Electronics,64,8500,Warehouse_South,844,1
2024-09-04,2,9,Bangalore,Groceries,260,150,Warehouse_West,576,1
2024-09-04,2,9,Bangalore,Clothing,106,800,Warehouse_North,510,2
2024-09-04,2,9,Bangalore,Furniture,26,12000,Warehouse_North,674,1
2024-09-04,2,9,Bangalore,Medicines,183,200,Warehouse_North,789,2
2024-09-04,2,9,Chennai,Electronics,58,8500,Warehouse_North,528,3
2024-09-04,2,9,Chennai,Groceries,199,150,Warehouse_West,631,4
2024-09-04,2,9,Chennai,Clothing,91,800,Warehouse_North,601,2
2024-09-04,2,9,Chennai,Furniture,24,12000,Warehouse_South,304,3
2024-09-04,2,9,Chennai,Medicines,154,200,Warehouse_South,940,4
2024-09-04,2,9,Pune,Electronics,34,8500,Warehouse_West,273,1
2024-09-04,2,9,Pune,Groceries,236,150,Warehouse_North,735,3
2024-09-04,2,9,Pune,Clothing,70,800,Warehouse_South,252,3
2024-09-04,2,9,Pune,Furniture,26,12000,Warehouse_West,400,4
2024-09-04,2,9,Pune,Medicines,152,200,Warehouse_West,287,2
2024-09-04,2,9,Hyderabad,Electronics,38,8500,Warehouse_South,482,1
2024-09-04,2,9,Hyderabad,Groceries,260,150,Warehouse_West,839,2
2024-09-04,2,9,Hyderabad,Clothing,65,800,Warehouse_North,881,3
2024-09-04,2,9,Hyderabad,Furniture,27,12000,Warehouse_South,681,2
2024-09-04,2,9,Hyderabad,Medicines,142,200,Warehouse_West,731,3
2024-09-05,3,9,Mumbai,Electronics,60,8500,Warehouse_North,777,3
2024-09-05,3,9,Mumbai,Groceries,299,150,Warehouse_North,783,2
2024-09-05,3,9,Mumbai,Clothing,124,800,Warehouse_West,980,2
2024-09-05,3,9,Mumbai,Furniture,27,12000,Warehouse_South,639,3
2024-09-05,3,9,Mumbai,Medicines,199,200,Warehouse_South,713,2
2024-09-05,3,9,Delhi,Electronics,69,8500,Warehouse_North,296,3
2024-09-05,3,9,Delhi,Groceries,242,150,Warehouse_West,355,1
2024-09-05,3,9,Delhi,Clothing,115,800,Warehouse_North,781,4
2024-09-05,3,9,Delhi,Furniture,22,12000,Warehouse_South,284,2
2024-09-05,3,9,Delhi,Medicines,263,200,Warehouse_North,729,4
2024-09-05,3,9,Bangalore,Electronics,55,8500,Warehouse_North,333,2
2024-09-05,3,9,Bangalore,Groceries,301,150,Warehouse_North,603,1
2024-09-05,3,9,Bangalore,Clothing,102,800,Warehouse_South,505,4
2024-09-05,3,9,Bangalore,Furniture,28,12000,Warehouse_North,318,3
2024-09-05,3,9,Bangalore,Medicines,190,200,Warehouse_West,438,4
2024-09-05,3,9,Chennai,Electronics,46,8500,Warehouse_West,388,1
2024-09-05,3,9,Chennai,Groceries,206,150,Warehouse_South,851,2
2024-09-05,3,9,Chennai,Clothing,93,800,Warehouse_South,380,1
2024-09-05,3,9,Chennai,Furniture,22,12000,Warehouse_West,758,2
2024-09-05,3,9,Chennai,Medicines,178,200,Warehouse_West,948,4
2024-09-05,3,9,Pune,Electronics,33,8500,Warehouse_North,752,4
2024-09-05,3,9,Pune,Groceries,173,150,Warehouse_West,929,1
2024-09-05,3,9,Pune,Clothing,67,800,Warehouse_South,764,1
2024-09-05,3,9,Pune,Furniture,16,12000,Warehouse_West,703,1
2024-09-05,3,9,Pune,Medicines,144,200,Warehouse_West,836,4
2024-09-05,3,9,Hyderabad,Electronics,47,8500,Warehouse_South,594,3
2024-09-05,3,9,Hyderabad,Groceries,216,150,Warehouse_North,514,1
2024-09-05,3,9,Hyderabad,Clothing,87,800,Warehouse_South,879,4
2024-09-05,3,9,Hyderabad,Furniture,18,12000,Warehouse_North,443,1
2024-09-05,3,9,Hyderabad,Medicines,164,200,Warehouse_North,461,3
2024-09-06,4,9,Mumbai,Electronics,78,8500,Warehouse_North,976,1
2024-09-06,4,9,Mumbai,Groceries,321,150,Warehouse_South,655,4
2024-09-06,4,9,Mumbai,Clothing,134,800,Warehouse_West,461,1
2024-09-06,4,9,Mumbai,Furniture,30,12000,Warehouse_West,662,3
2024-09-06,4,9,Mumbai,Medicines,210,200,Warehouse_West,977,1
2024-09-06,4,9,Delhi,Electronics,68,8500,Warehouse_North,212,1
2024-09-06,4,9,Delhi,Groceries,291,150,Warehouse_North,401,4
2024-09-06,4,9,Delhi,Clothing,102,800,Warehouse_North,540,4
2024-09-06,4,9,Delhi,Furniture,28,12000,Warehouse_South,496,4
2024-09-06,4,9,Delhi,Medicines,214,200,Warehouse_West,630,2
2024-09-06,4,9,Bangalore,Electronics,59,8500,Warehouse_West,555,2
2024-09-06,4,9,Bangalore,Groceries,179,150,Warehouse_North,403,2
2024-09-06,4,9,Bangalore,Clothing,108,800,Warehouse_West,468,1
2024-09-06,4,9,Bangalore,Furniture,24,12000,Warehouse_South,336,4
2024-09-06,4,9,Bangalore,Medicines,183,200,Warehouse_South,278,3
2024-09-06,4,9,Chennai,Electronics,52,8500,Warehouse_North,256,4
2024-09-06,4,9,Chennai,Groceries,232,150,Warehouse_West,971,2
2024-09-06,4,9,Chennai,Clothing,72,800,Warehouse_South,944,1
2024-09-06,4,9,Chennai,Furniture,20,12000,Warehouse_North,642,3
2024-09-06,4,9,Chennai,Medicines,153,200,Warehouse_South,368,1
2024-09-06,4,9,Pune,Electronics,37,8500,Warehouse_North,878,3
2024-09-06,4,9,Pune,Groceries,161,150,Warehouse_North,606,4
2024-09-06,4,9,Pune,Clothing,89,800,Warehouse_West,499,2
2024-09-06,4,9,Pune,Furniture,21,12000,Warehouse_North,964,1
2024-09-06,4,9,Pune,Medicines,93,200,Warehouse_North,765,4
2024-09-06,4,9,Hyderabad,Electronics,47,8500,Warehouse_South,665,4
2024-09-06,4,9,Hyderabad,Groceries,251,150,Warehouse_West,218,2
2024-09-06,4,9,Hyderabad,Clothing,89,800,Warehouse_West,614,4
2024-09-06,4,9,Hyderabad,Furniture,18,12000,Warehouse_West,642,1
2024-09-06,4,9,Hyderabad,Medicines,143,200,Warehouse_South,708,1
2024-09-07,5,9,Mumbai,Electronics,89,8500,Warehouse_West,290,3
2024-09-07,5,9,Mumbai,Groceries,422,150,Warehouse_South,499,2
2024-09-07,5,9,Mumbai,Clothing,176,800,Warehouse_North,796,2
2024-09-07,5,9,Mumbai,Furniture,43,12000,Warehouse_South,627,1
2024-09-07,5,9,Mumbai,Medicines,350,200,Warehouse_West,419,1
2024-09-07,5,9,Delhi,Electronics,98,8500,Warehouse_West,518,1
2024-09-07,5,9,Delhi,Groceries,410,150,Warehouse_South,445,4
2024-09-07,5,9,Delhi,Clothing,142,800,Warehouse_South,816,1
2024-09-07,5,9,Delhi,Furniture,39,12000,Warehouse_West,693,4
2024-09-07,5,9,Delhi,Medicines,285,200,Warehouse_West,607,2
2024-09-07,5,9,Bangalore,Electronics,67,8500,Warehouse_West,760,4
2024-09-07,5,9,Bangalore,Groceries,363,150,Warehouse_West,926,3
2024-09-07,5,9,Bangalore,Clothing,165,800,Warehouse_West,515,1
2024-09-07,5,9,Bangalore,Furniture,33,12000,Warehouse_North,350,4
2024-09-07,5,9,Bangalore,Medicines,265,200,Warehouse_South,606,3
2024-09-07,5,9,Chennai,Electronics,80,8500,Warehouse_North,735,4
2024-09-07,5,9,Chennai,Groceries,371,150,Warehouse_North,937,3
2024-09-07,5,9,Chennai,Clothing,129,800,Warehouse_North,611,2
2024-09-07,5,9,Chennai,Furniture,29,12000,Warehouse_West,671,4
2024-09-07,5,9,Chennai,Medicines,175,200,Warehouse_West,236,4
2024-09-07,5,9,Pune,Electronics,59,8500,Warehouse_North,677,1
2024-09-07,5,9,Pune,Groceries,275,150,Warehouse_North,915,3
2024-09-07,5,9,Pune,Clothing,97,800,Warehouse_North,411,1
2024-09-07,5,9,Pune,Furniture,25,12000,Warehouse_West,953,2
2024-09-07,5,9,Pune,Medicines,201,200,Warehouse_South,283,4
2024-09-07,5,9,Hyderabad,Electronics,64,8500,Warehouse_West,980,1
2024-09-07,5,9,Hyderabad,Groceries,265,150,Warehouse_South,358,1
2024-09-07,5,9,Hyderabad,Clothing,95,800,Warehouse_South,670,4
2024-09-07,5,9,Hyderabad,Furniture,32,12000,Warehouse_North,583,2
2024-09-07,5,9,Hyderabad,Medicines,154,200,Warehouse_North,499,1
2024-09-08,6,9,Mumbai,Electronics,87,8500,Warehouse_South,635,2
2024-09-08,6,9,Mumbai,Groceries,404,150,Warehouse_North,893,4
2024-09-08,6,9,Mumbai,Clothing,154,800,Warehouse_West,757,4
2024-09-08,6,9,Mumbai,Furniture,42,12000,Warehouse_North,918,3
2024-09-08,6,9,Mumbai,Medicines,335,200,Warehouse_North,450,1
2024-09-08,6,9,Delhi,Electronics,82,8500,Warehouse_West,246,3
2024-09-08,6,9,Delhi,Groceries,357,150,Warehouse_South,519,4
2024-09-08,6,9,Delhi,Clothing,169,800,Warehouse_North,850,1
2024-09-08,6,9,Delhi,Furniture,42,12000,Warehouse_West,650,1
2024-09-08,6,9,Delhi,Medicines,301,200,Warehouse_West,857,2
2024-09-08,6,9,Bangalore,Electronics,77,8500,Warehouse_South,748,1
2024-09-08,6,9,Bangalore,Groceries,378,150,Warehouse_North,248,4
2024-09-08,6,9,Bangalore,Clothing,147,800,Warehouse_South,752,4
2024-09-08,6,9,Bangalore,Furniture,31,12000,Warehouse_South,410,2
2024-09-08,6,9,Bangalore,Medicines,262,200,Warehouse_West,481,2
2024-09-08,6,9,Chennai,Electronics,68,8500,Warehouse_West,250,3
2024-09-08,6,9,Chennai,Groceries,315,150,Warehouse_North,245,3
2024-09-08,6,9,Chennai,Clothing,109,800,Warehouse_West,761,3
2024-09-08,6,9,Chennai,Furniture,32,12000,Warehouse_North,767,4
2024-09-08,6,9,Chennai,Medicines,196,200,Warehouse_South,926,2
2024-09-08,6,9,Pune,Electronics,68,8500,Warehouse_North,330,1
2024-09-08,6,9,Pune,Groceries,260,150,Warehouse_South,313,4
2024-09-08,6,9,Pune,Clothing,103,800,Warehouse_North,332,4
2024-09-08,6,9,Pune,Furniture,25,12000,Warehouse_West,225,4
2024-09-08,6,9,Pune,Medicines,190,200,Warehouse_South,473,2
2024-09-08,6,9,Hyderabad,Electronics,66,8500,Warehouse_North,226,1
2024-09-08,6,9,Hyderabad,Groceries,291,150,Warehouse_South,523,3
2024-09-08,6,9,Hyderabad,Clothing,109,800,Warehouse_West,934,1
2024-09-08,6,9,Hyderabad,Furniture,29,12000,Warehouse_North,488,4
2024-09-08,6,9,Hyderabad,Medicines,234,200,Warehouse_North,547,4
2024-09-09,0,9,Mumbai,Electronics,72,8500,Warehouse_South,330,1
2024-09-09,0,9,Mumbai,Groceries,308,150,Warehouse_South,252,1
2024-09-09,0,9,Mumbai,Clothing,118,800,Warehouse_North,268,3
2024-09-09,0,9,Mumbai,Furniture,32,12000,Warehouse_North,636,1
2024-09-09,0,9,Mumbai,Medicines,220,200,Warehouse_North,305,2
2024-09-09,0,9,Delhi,Electronics,61,8500,Warehouse_South,833,3
2024-09-09,0,9,Delhi,Groceries,264,150,Warehouse_South,520,4
2024-09-09,0,9,Delhi,Clothing,116,800,Warehouse_North,725,3
2024-09-09,0,9,Delhi,Furniture,25,12000,Warehouse_South,721,4
2024-09-09,0,9,Delhi,Medicines,210,200,Warehouse_North,440,4
2024-09-09,0,9,Bangalore,Electronics,60,8500,Warehouse_North,728,4
2024-09-09,0,9,Bangalore,Groceries,229,150,Warehouse_North,575,4
2024-09-09,0,9,Bangalore,Clothing,108,800,Warehouse_West,549,2
2024-09-09,0,9,Bangalore,Furniture,25,12000,Warehouse_West,560,3
2024-09-09,0,9,Bangalore,Medicines,174,200,Warehouse_North,428,4
2024-09-09,0,9,Chennai,Electronics,51,8500,Warehouse_West,417,4
2024-09-09,0,9,Chennai,Groceries,287,150,Warehouse_South,869,4
2024-09-09,0,9,Chennai,Clothing,85,800,Warehouse_South,223,2
2024-09-09,0,9,Chennai,Furniture,17,12000,Warehouse_West,458,4
2024-09-09,0,9,Chennai,Medicines,176,200,Warehouse_West,537,3
2024-09-09,0,9,Pune,Electronics,36,8500,Warehouse_West,363,2
2024-09-09,0,9,Pune,Groceries,231,150,Warehouse_West,864,4
2024-09-09,0,9,Pune,Clothing,93,800,Warehouse_South,303,4
2024-09-09,0,9,Pune,Furniture,23,12000,Warehouse_North,363,1
2024-09-09,0,9,Pune,Medicines,125,200,Warehouse_West,563,1
2024-09-09,0,9,Hyderabad,Electronics,43,8500,Warehouse_South,328,3
2024-09-09,0,9,Hyderabad,Groceries,208,150,Warehouse_North,619,2
2024-09-09,0,9,Hyderabad,Clothing,83,800,Warehouse_South,408,1
2024-09-09,0,9,Hyderabad,Furniture,21,12000,Warehouse_West,634,3
2024-09-09,0,9,Hyderabad,Medicines,150,200,Warehouse_South,628,2
2024-09-10,1,9,Mumbai,Electronics,70,8500,Warehouse_North,634,4
2024-09-10,1,9,Mumbai,Groceries,226,150,Warehouse_West,291,4
2024-09-10,1,9,Mumbai,Clothing,127,800,Warehouse_North,931,4
2024-09-10,1,9,Mumbai,Furniture,33,12000,Warehouse_North,964,2
2024-09-10,1,9,Mumbai,Medicines,183,200,Warehouse_West,745,1
2024-09-10,1,9,Delhi,Electronics,70,8500,Warehouse_North,714,2
2024-09-10,1,9,Delhi,Groceries,278,150,Warehouse_North,235,3
2024-09-10,1,9,Delhi,Clothing,95,800,Warehouse_South,488,1
2024-09-10,1,9,Delhi,Furniture,30,12000,Warehouse_North,936,3
2024-09-10,1,9,Delhi,Medicines,254,200,Warehouse_North,235,1
2024-09-10,1,9,Bangalore,Electronics,48,8500,Warehouse_West,234,3
2024-09-10,1,9,Bangalore,Groceries,271,150,Warehouse_South,629,2
2024-09-10,1,9,Bangalore,Clothing,75,800,Warehouse_South,700,1
2024-09-10,1,9,Bangalore,Furniture,24,12000,Warehouse_South,493,2
2024-09-10,1,9,Bangalore,Medicines,221,200,Warehouse_West,220,4
2024-09-10,1,9,Chennai,Electronics,46,8500,Warehouse_South,289,4
2024-09-10,1,9,Chennai,Groceries,171,150,Warehouse_West,707,4
2024-09-10,1,9,Chennai,Clothing,87,800,Warehouse_West,879,2
2024-09-10,1,9,Chennai,Furniture,23,12000,Warehouse_South,587,1
2024-09-10,1,9,Chennai,Medicines,177,200,Warehouse_West,538,1
2024-09-10,1,9,Pune,Electronics,36,8500,Warehouse_South,991,2
2024-09-10,1,9,Pune,Groceries,198,150,Warehouse_North,369,1
2024-09-10,1,9,Pune,Clothing,80,800,Warehouse_West,331,4
2024-09-10,1,9,Pune,Furniture,23,12000,Warehouse_West,468,3
2024-09-10,1,9,Pune,Medicines,152,200,Warehouse_South,791,4
2024-09-10,1,9,Hyderabad,Electronics,45,8500,Warehouse_South,871,2
2024-09-10,1,9,Hyderabad,Groceries,184,150,Warehouse_West,660,1
2024-09-10,1,9,Hyderabad,Clothing,92,800,Warehouse_West,280,3
2024-09-10,1,9,Hyderabad,Furniture,25,12000,Warehouse_West,573,1
2024-09-10,1,9,Hyderabad,Medicines,145,200,Warehouse_South,654,3
2024-09-11,2,9,Mumbai,Electronics,60,8500,Warehouse_North,933,4
2024-09-11,2,9,Mumbai,Groceries,302,150,Warehouse_South,773,2
2024-09-11,2,9,Mumbai,Clothing,141,800,Warehouse_North,559,1
2024-09-11,2,9,Mumbai,Furniture,27,12000,Warehouse_South,248,3
2024-09-11,2,9,Mumbai,Medicines,213,200,Warehouse_West,402,3
2024-09-11,2,9,Delhi,Electronics,72,8500,Warehouse_South,958,3
2024-09-11,2,9,Delhi,Groceries,316,150,Warehouse_North,593,1
2024-09-11,2,9,Delhi,Clothing,107,800,Warehouse_West,770,4
2024-09-11,2,9,Delhi,Furniture,26,12000,Warehouse_West,773,2
2024-09-11,2,9,Delhi,Medicines,182,200,Warehouse_South,239,1
2024-09-11,2,9,Bangalore,Electronics,63,8500,Warehouse_West,479,1
2024-09-11,2,9,Bangalore,Groceries,278,150,Warehouse_West,247,1
2024-09-11,2,9,Bangalore,Clothing,105,800,Warehouse_North,700,4
2024-09-11,2,9,Bangalore,Furniture,25,12000,Warehouse_West,463,2
2024-09-11,2,9,Bangalore,Medicines,242,200,Warehouse_South,539,3
2024-09-11,2,9,Chennai,Electronics,44,8500,Warehouse_North,777,4
2024-09-11,2,9,Chennai,Groceries,222,150,Warehouse_West,605,3
2024-09-11,2,9,Chennai,Clothing,68,800,Warehouse_South,435,2
2024-09-11,2,9,Chennai,Furniture,24,12000,Warehouse_North,942,4
2024-09-11,2,9,Chennai,Medicines,168,200,Warehouse_West,522,1
2024-09-11,2,9,Pune,Electronics,53,8500,Warehouse_West,757,1
2024-09-11,2,9,Pune,Groceries,176,150,Warehouse_North,882,2
2024-09-11,2,9,Pune,Clothing,83,800,Warehouse_South,428,4
2024-09-11,2,9,Pune,Furniture,25,12000,Warehouse_North,790,3
2024-09-11,2,9,Pune,Medicines,199,200,Warehouse_South,387,1
2024-09-11,2,9,Hyderabad,Electronics,49,8500,Warehouse_South,621,4
2024-09-11,2,9,Hyderabad,Groceries,249,150,Warehouse_North,708,2
2024-09-11,2,9,Hyderabad,Clothing,74,800,Warehouse_West,201,1
2024-09-11,2,9,Hyderabad,Furniture,19,12000,Warehouse_West,780,1
2024-09-11,2,9,Hyderabad,Medicines,166,200,Warehouse_South,217,3
2024-09-12,3,9,Mumbai,Electronics,67,8500,Warehouse_West,550,3
2024-09-12,3,9,Mumbai,Groceries,328,150,Warehouse_North,998,1
2024-09-12,3,9,Mumbai,Clothing,144,800,Warehouse_South,997,2
2024-09-12,3,9,Mumbai,Furniture,31,12000,Warehouse_North,742,1
2024-09-12,3,9,Mumbai,Medicines,215,200,Warehouse_South,237,3
2024-09-12,3,9,Delhi,Electronics,68,8500,Warehouse_North,643,4
2024-09-12,3,9,Delhi,Groceries,292,150,Warehouse_West,288,3
2024-09-12,3,9,Delhi,Clothing,138,800,Warehouse_South,633,2
2024-09-12,3,9,Delhi,Furniture,27,12000,Warehouse_West,603,3
2024-09-12,3,9,Delhi,Medicines,217,200,Warehouse_West,394,3
2024-09-12,3,9,Bangalore,Electronics,51,8500,Warehouse_West,784,2
2024-09-12,3,9,Bangalore,Groceries,276,150,Warehouse_West,381,4
2024-09-12,3,9,Bangalore,Clothing,117,800,Warehouse_South,606,1
2024-09-12,3,9,Bangalore,Furniture,28,12000,Warehouse_North,561,1
2024-09-12,3,9,Bangalore,Medicines,180,200,Warehouse_North,422,3
2024-09-12,3,9,Chennai,Electronics,47,8500,Warehouse_South,882,3
2024-09-12,3,9,Chennai,Groceries,229,150,Warehouse_North,414,2
2024-09-12,3,9,Chennai,Clothing,104,800,Warehouse_West,643,1
2024-09-12,3,9,Chennai,Furniture,23,12000,Warehouse_North,211,2
2024-09-12,3,9,Chennai,Medicines,128,200,Warehouse_West,688,3
2024-09-12,3,9,Pune,Electronics,43,8500,Warehouse_South,536,4
2024-09-12,3,9,Pune,Groceries,209,150,Warehouse_North,527,2
2024-09-12,3,9,Pune,Clothing,85,800,Warehouse_South,296,3
2024-09-12,3,9,Pune,Furniture,15,12000,Warehouse_North,941,1
2024-09-12,3,9,Pune,Medicines,125,200,Warehouse_West,381,4
2024-09-12,3,9,Hyderabad,Electronics,43,8500,Warehouse_South,365,4
2024-09-12,3,9,Hyderabad,Groceries,182,150,Warehouse_South,368,4
2024-09-12,3,9,Hyderabad,Clothing,66,800,Warehouse_West,797,4
2024-09-12,3,9,Hyderabad,Furniture,19,12000,Warehouse_West,741,1
2024-09-12,3,9,Hyderabad,Medicines,184,200,Warehouse_West,262,4
2024-09-13,4,9,Mumbai,Electronics,61,8500,Warehouse_West,431,2
2024-09-13,4,9,Mumbai,Groceries,308,150,Warehouse_North,328,3
2024-09-13,4,9,Mumbai,Clothing,94,800,Warehouse_North,814,1
2024-09-13,4,9,Mumbai,Furniture,23,12000,Warehouse_South,980,2
2024-09-13,4,9,Mumbai,Medicines,210,200,Warehouse_West,424,3
2024-09-13,4,9,Delhi,Electronics,61,8500,Warehouse_West,979,1
2024-09-13,4,9,Delhi,Groceries,278,150,Warehouse_North,206,4
2024-09-13,4,9,Delhi,Clothing,118,800,Warehouse_North,466,1
2024-09-13,4,9,Delhi,Furniture,27,12000,Warehouse_West,573,1
2024-09-13,4,9,Delhi,Medicines,220,200,Warehouse_West,240,1
2024-09-13,4,9,Bangalore,Electronics,65,8500,Warehouse_North,306,1
2024-09-13,4,9,Bangalore,Groceries,265,150,Warehouse_West,999,1
2024-09-13,4,9,Bangalore,Clothing,117,800,Warehouse_South,414,1
2024-09-13,4,9,Bangalore,Furniture,28,12000,Warehouse_South,471,2
2024-09-13,4,9,Bangalore,Medicines,205,200,Warehouse_West,826,1
2024-09-13,4,9,Chennai,Electronics,50,8500,Warehouse_North,736,1
2024-09-13,4,9,Chennai,Groceries,271,150,Warehouse_West,747,3
2024-09-13,4,9,Chennai,Clothing,76,800,Warehouse_West,438,4
2024-09-13,4,9,Chennai,Furniture,22,12000,Warehouse_South,468,3
2024-09-13,4,9,Chennai,Medicines,175,200,Warehouse_West,932,4
2024-09-13,4,9,Pune,Electronics,42,8500,Warehouse_West,620,3
2024-09-13,4,9,Pune,Groceries,239,150,Warehouse_South,937,1
2024-09-13,4,9,Pune,Clothing,70,800,Warehouse_South,627,1
2024-09-13,4,9,Pune,Furniture,22,12000,Warehouse_South,843,4
2024-09-13,4,9,Pune,Medicines,174,200,Warehouse_South,551,1
2024-09-13,4,9,Hyderabad,Electronics,57,8500,Warehouse_North,371,2
2024-09-13,4,9,Hyderabad,Groceries,178,150,Warehouse_West,999,1
2024-09-13,4,9,Hyderabad,Clothing,69,800,Warehouse_South,473,1
2024-09-13,4,9,Hyderabad,Furniture,16,12000,Warehouse_North,748,1
2024-09-13,4,9,Hyderabad,Medicines,138,200,Warehouse_South,582,3
2024-09-14,5,9,Mumbai,Electronics,113,8500,Warehouse_North,859,2
2024-09-14,5,9,Mumbai,Groceries,436,150,Warehouse_West,436,2
2024-09-14,5,9,Mumbai,Clothing,173,800,Warehouse_North,440,1
2024-09-14,5,9,Mumbai,Furniture,39,12000,Warehouse_North,896,3
2024-09-14,5,9,Mumbai,Medicines,312,200,Warehouse_North,472,3
2024-09-14,5,9,Delhi,Electronics,87,8500,Warehouse_North,629,3
2024-09-14,5,9,Delhi,Groceries,357,150,Warehouse_West,293,2
2024-09-14,5,9,Delhi,Clothing,154,800,Warehouse_North,763,2
2024-09-14,5,9,Delhi,Furniture,38,12000,Warehouse_North,898,1
2024-09-14,5,9,Delhi,Medicines,278,200,Warehouse_North,582,4
2024-09-14,5,9,Bangalore,Electronics,80,8500,Warehouse_North,246,3
2024-09-14,5,9,Bangalore,Groceries,334,150,Warehouse_West,926,3
2024-09-14,5,9,Bangalore,Clothing,133,800,Warehouse_South,592,2
2024-09-14,5,9,Bangalore,Furniture,31,12000,Warehouse_West,330,3
2024-09-14,5,9,Bangalore,Medicines,300,200,Warehouse_West,281,1
2024-09-14,5,9,Chennai,Electronics,66,8500,Warehouse_West,230,2
2024-09-14,5,9,Chennai,Groceries,298,150,Warehouse_North,485,2
2024-09-14,5,9,Chennai,Clothing,119,800,Warehouse_North,593,3
2024-09-14,5,9,Chennai,Furniture,29,12000,Warehouse_West,734,3
2024-09-14,5,9,Chennai,Medicines,239,200,Warehouse_North,591,4
2024-09-14,5,9,Pune,Electronics,60,8500,Warehouse_South,671,3
2024-09-14,5,9,Pune,Groceries,255,150,Warehouse_South,439,4
2024-09-14,5,9,Pune,Clothing,106,800,Warehouse_South,926,2
2024-09-14,5,9,Pune,Furniture,31,12000,Warehouse_South,981,2
2024-09-14,5,9,Pune,Medicines,206,200,Warehouse_West,706,2
2024-09-14,5,9,Hyderabad,Electronics,61,8500,Warehouse_South,229,1
2024-09-14,5,9,Hyderabad,Groceries,283,150,Warehouse_South,327,2
2024-09-14,5,9,Hyderabad,Clothing,108,800,Warehouse_West,227,2
2024-09-14,5,9,Hyderabad,Furniture,26,12000,Warehouse_West,471,1
2024-09-14,5,9,Hyderabad,Medicines,216,200,Warehouse_North,905,2
2024-09-15,6,9,Mumbai,Electronics,88,8500,Warehouse_North,664,3
2024-09-15,6,9,Mumbai,Groceries,443,150,Warehouse_West,390,1
2024-09-15,6,9,Mumbai,Clothing,163,800,Warehouse_West,494,3
2024-09-15,6,9,Mumbai,Furniture,47,12000,Warehouse_North,943,1
2024-09-15,6,9,Mumbai,Medicines,326,200,Warehouse_North,460,3
2024-09-15,6,9,Delhi,Electronics,85,8500,Warehouse_South,550,3
2024-09-15,6,9,Delhi,Groceries,387,150,Warehouse_South,279,1
2024-09-15,6,9,Delhi,Clothing,147,800,Warehouse_South,816,1
2024-09-15,6,9,Delhi,Furniture,37,12000,Warehouse_West,471,3
2024-09-15,6,9,Delhi,Medicines,275,200,Warehouse_West,689,2
2024-09-15,6,9,Bangalore,Electronics,77,8500,Warehouse_West,275,1
2024-09-15,6,9,Bangalore,Groceries,381,150,Warehouse_West,457,4
2024-09-15,6,9,Bangalore,Clothing,139,800,Warehouse_North,454,4
2024-09-15,6,9,Bangalore,Furniture,40,12000,Warehouse_West,876,1
2024-09-15,6,9,Bangalore,Medicines,288,200,Warehouse_West,310,4
2024-09-15,6,9,Chennai,Electronics,76,8500,Warehouse_West,865,3
2024-09-15,6,9,Chennai,Groceries,306,150,Warehouse_North,763,3
2024-09-15,6,9,Chennai,Clothing,121,800,Warehouse_West,706,3
2024-09-15,6,9,Chennai,Furniture,27,12000,Warehouse_South,965,4
2024-09-15,6,9,Chennai,Medicines,192,200,Warehouse_West,458,3
2024-09-15,6,9,Pune,Electronics,57,8500,Warehouse_North,205,3
2024-09-15,6,9,Pune,Groceries,298,150,Warehouse_South,281,2
2024-09-15,6,9,Pune,Clothing,110,800,Warehouse_South,952,2
2024-09-15,6,9,Pune,Furniture,24,12000,Warehouse_South,998,4
2024-09-15,6,9,Pune,Medicines,198,200,Warehouse_West,714,3
2024-09-15,6,9,Hyderabad,Electronics,59,8500,Warehouse_North,786,2
2024-09-15,6,9,Hyderabad,Groceries,259,150,Warehouse_North,787,4
2024-09-15,6,9,Hyderabad,Clothing,123,800,Warehouse_North,399,3
2024-09-15,6,9,Hyderabad,Furniture,25,12000,Warehouse_West,668,3
2024-09-15,6,9,Hyderabad,Medicines,178,200,Warehouse_West,243,4
2024-09-16,0,9,Mumbai,Electronics,64,8500,Warehouse_West,433,2
2024-09-16,0,9,Mumbai,Groceries,262,150,Warehouse_West,616,1
2024-09-16,0,9,Mumbai,Clothing,130,800,Warehouse_North,220,3
2024-09-16,0,9,Mumbai,Furniture,26,12000,Warehouse_South,408,2
2024-09-16,0,9,Mumbai,Medicines,197,200,Warehouse_South,592,3
2024-09-16,0,9,Delhi,Electronics,70,8500,Warehouse_North,715,4
2024-09-16,0,9,Delhi,Groceries,307,150,Warehouse_West,276,3
2024-09-16,0,9,Delhi,Clothing,133,800,Warehouse_West,742,3
2024-09-16,0,9,Delhi,Furniture,25,12000,Warehouse_West,415,2
2024-09-16,0,9,Delhi,Medicines,200,200,Warehouse_South,866,1
2024-09-16,0,9,Bangalore,Electronics,50,8500,Warehouse_North,950,1
2024-09-16,0,9,Bangalore,Groceries,235,150,Warehouse_South,413,3
2024-09-16,0,9,Bangalore,Clothing,95,800,Warehouse_North,304,4
2024-09-16,0,9,Bangalore,Furniture,26,12000,Warehouse_West,598,2
2024-09-16,0,9,Bangalore,Medicines,234,200,Warehouse_South,665,1
2024-09-16,0,9,Chennai,Electronics,45,8500,Warehouse_West,737,2
2024-09-16,0,9,Chennai,Groceries,218,150,Warehouse_West,910,2
2024-09-16,0,9,Chennai,Clothing,87,800,Warehouse_North,213,4
2024-09-16,0,9,Chennai,Furniture,16,12000,Warehouse_North,861,4
2024-09-16,0,9,Chennai,Medicines,162,200,Warehouse_North,535,1
2024-09-16,0,9,Pune,Electronics,46,8500,Warehouse_West,693,3
2024-09-16,0,9,Pune,Groceries,223,150,Warehouse_West,720,1
2024-09-16,0,9,Pune,Clothing,78,800,Warehouse_South,696,2
2024-09-16,0,9,Pune,Furniture,24,12000,Warehouse_North,374,2
2024-09-16,0,9,Pune,Medicines,161,200,Warehouse_North,253,2
2024-09-16,0,9,Hyderabad,Electronics,37,8500,Warehouse_North,675,2
2024-09-16,0,9,Hyderabad,Groceries,157,150,Warehouse_South,958,1
2024-09-16,0,9,Hyderabad,Clothing,76,800,Warehouse_North,668,4
2024-09-16,0,9,Hyderabad,Furniture,20,12000,Warehouse_North,761,2
2024-09-16,0,9,Hyderabad,Medicines,144,200,Warehouse_South,582,1
2024-09-17,1,9,Mumbai,Electronics,58,8500,Warehouse_West,591,2
2024-09-17,1,9,Mumbai,Groceries,326,150,Warehouse_South,543,3
2024-09-17,1,9,Mumbai,Clothing,120,800,Warehouse_West,975,1
2024-09-17,1,9,Mumbai,Furniture,29,12000,Warehouse_South,885,4
2024-09-17,1,9,Mumbai,Medicines,213,200,Warehouse_North,978,2
2024-09-17,1,9,Delhi,Electronics,55,8500,Warehouse_West,519,1
2024-09-17,1,9,Delhi,Groceries,241,150,Warehouse_South,853,3
2024-09-17,1,9,Delhi,Clothing,107,800,Warehouse_North,810,1
2024-09-17,1,9,Delhi,Furniture,22,12000,Warehouse_West,537,4
2024-09-17,1,9,Delhi,Medicines,184,200,Warehouse_South,977,4
2024-09-17,1,9,Bangalore,Electronics,58,8500,Warehouse_West,670,4
2024-09-17,1,9,Bangalore,Groceries,270,150,Warehouse_North,296,3
2024-09-17,1,9,Bangalore,Clothing,102,800,Warehouse_South,331,2
2024-09-17,1,9,Bangalore,Furniture,23,12000,Warehouse_West,231,1
2024-09-17,1,9,Bangalore,Medicines,170,200,Warehouse_South,232,3
2024-09-17,1,9,Chennai,Electronics,44,8500,Warehouse_South,760,2
2024-09-17,1,9,Chennai,Groceries,255,150,Warehouse_South,991,3
2024-09-17,1,9,Chennai,Clothing,76,800,Warehouse_North,355,1
2024-09-17,1,9,Chennai,Furniture,19,12000,Warehouse_North,378,1
2024-09-17,1,9,Chennai,Medicines,201,200,Warehouse_West,700,1
2024-09-17,1,9,Pune,Electronics,41,8500,Warehouse_West,563,2
2024-09-17,1,9,Pune,Groceries,196,150,Warehouse_North,650,4
2024-09-17,1,9,Pune,Clothing,71,800,Warehouse_South,569,1
2024-09-17,1,9,Pune,Furniture,18,12000,Warehouse_South,586,3
2024-09-17,1,9,Pune,Medicines,139,200,Warehouse_North,598,3
2024-09-17,1,9,Hyderabad,Electronics,43,8500,Warehouse_South,299,2
2024-09-17,1,9,Hyderabad,Groceries,190,150,Warehouse_South,620,3
2024-09-17,1,9,Hyderabad,Clothing,96,800,Warehouse_North,426,1
2024-09-17,1,9,Hyderabad,Furniture,17,12000,Warehouse_North,572,3
2024-09-17,1,9,Hyderabad,Medicines,134,200,Warehouse_North,218,4
2024-09-18,2,9,Mumbai,Electronics,73,8500,Warehouse_North,859,2
2024-09-18,2,9,Mumbai,Groceries,281,150,Warehouse_West,572,1
2024-09-18,2,9,Mumbai,Clothing,101,800,Warehouse_South,573,3
2024-09-18,2,9,Mumbai,Furniture,28,12000,Warehouse_North,466,4
2024-09-18,2,9,Mumbai,Medicines,229,200,Warehouse_South,763,1
2024-09-18,2,9,Delhi,Electronics,60,8500,Warehouse_North,618,3
2024-09-18,2,9,Delhi,Groceries,306,150,Warehouse_South,420,1
2024-09-18,2,9,Delhi,Clothing,101,800,Warehouse_West,542,1
2024-09-18,2,9,Delhi,Furniture,30,12000,Warehouse_North,749,3
2024-09-18,2,9,Delhi,Medicines,214,200,Warehouse_South,654,2
2024-09-18,2,9,Bangalore,Electronics,62,8500,Warehouse_North,226,3
2024-09-18,2,9,Bangalore,Groceries,295,150,Warehouse_North,647,1
2024-09-18,2,9,Bangalore,Clothing,121,800,Warehouse_North,853,2
2024-09-18,2,9,Bangalore,Furniture,30,12000,Warehouse_North,266,4
2024-09-18,2,9,Bangalore,Medicines,159,200,Warehouse_South,801,2
2024-09-18,2,9,Chennai,Electronics,58,8500,Warehouse_West,979,2
2024-09-18,2,9,Chennai,Groceries,175,150,Warehouse_South,720,3
2024-09-18,2,9,Chennai,Clothing,85,800,Warehouse_South,251,3
2024-09-18,2,9,Chennai,Furniture,19,12000,Warehouse_South,779,1
2024-09-18,2,9,Chennai,Medicines,148,200,Warehouse_West,437,2
2024-09-18,2,9,Pune,Electronics,46,8500,Warehouse_North,271,3
2024-09-18,2,9,Pune,Groceries,244,150,Warehouse_North,690,2
2024-09-18,2,9,Pune,Clothing,80,800,Warehouse_South,353,2
2024-09-18,2,9,Pune,Furniture,18,12000,Warehouse_South,309,3
2024-09-18,2,9,Pune,Medicines,147,200,Warehouse_West,566,3
2024-09-18,2,9,Hyderabad,Electronics,40,8500,Warehouse_South,438,2
2024-09-18,2,9,Hyderabad,Groceries,216,150,Warehouse_North,832,2
2024-09-18,2,9,Hyderabad,Clothing,95,800,Warehouse_South,855,2
2024-09-18,2,9,Hyderabad,Furniture,18,12000,Warehouse_West,636,1
2024-09-18,2,9,Hyderabad,Medicines,139,200,Warehouse_North,513,3
2024-09-19,3,9,Mumbai,Electronics,57,8500,Warehouse_South,348,1
2024-09-19,3,9,Mumbai,Groceries,314,150,Warehouse_South,447,1
2024-09-19,3,9,Mumbai,Clothing,130,800,Warehouse_South,905,4
2024-09-19,3,9,Mumbai,Furniture,24,12000,Warehouse_North,209,3
2024-09-19,3,9,Mumbai,Medicines,205,200,Warehouse_West,904,1
2024-09-19,3,9,Delhi,Electronics,63,8500,Warehouse_West,248,4
2024-09-19,3,9,Delhi,Groceries,345,150,Warehouse_North,416,2
2024-09-19,3,9,Delhi,Clothing,142,800,Warehouse_South,773,3
2024-09-19,3,9,Delhi,Furniture,28,12000,Warehouse_West,441,3
2024-09-19,3,9,Delhi,Medicines,225,200,Warehouse_West,439,4
2024-09-19,3,9,Bangalore,Electronics,56,8500,Warehouse_North,591,3
2024-09-19,3,9,Bangalore,Groceries,270,150,Warehouse_West,960,3
2024-09-19,3,9,Bangalore,Clothing,105,800,Warehouse_North,847,2
2024-09-19,3,9,Bangalore,Furniture,25,12000,Warehouse_North,205,1
2024-09-19,3,9,Bangalore,Medicines,217,200,Warehouse_South,926,1
2024-09-19,3,9,Chennai,Electronics,43,8500,Warehouse_South,738,1
2024-09-19,3,9,Chennai,Groceries,260,150,Warehouse_West,250,1
2024-09-19,3,9,Chennai,Clothing,99,800,Warehouse_West,786,2
2024-09-19,3,9,Chennai,Furniture,22,12000,Warehouse_West,227,1
2024-09-19,3,9,Chennai,Medicines,175,200,Warehouse_South,804,1
2024-09-19,3,9,Pune,Electronics,48,8500,Warehouse_West,854,3
2024-09-19,3,9,Pune,Groceries,190,150,Warehouse_South,426,2
2024-09-19,3,9,Pune,Clothing,89,800,Warehouse_West,955,3
2024-09-19,3,9,Pune,Furniture,18,12000,Warehouse_South,205,1
2024-09-19,3,9,Pune,Medicines,124,200,Warehouse_West,481,3
2024-09-19,3,9,Hyderabad,Electronics,51,8500,Warehouse_South,784,3
2024-09-19,3,9,Hyderabad,Groceries,187,150,Warehouse_South,262,1
2024-09-19,3,9,Hyderabad,Clothing,74,800,Warehouse_North,845,2
2024-09-19,3,9,Hyderabad,Furniture,20,12000,Warehouse_West,325,1
2024-09-19,3,9,Hyderabad,Medicines,147,200,Warehouse_West,612,2
2024-09-20,4,9,Mumbai,Electronics,57,8500,Warehouse_West,427,4
2024-09-20,4,9,Mumbai,Groceries,285,150,Warehouse_South,769,4
2024-09-20,4,9,Mumbai,Clothing,101,800,Warehouse_West,241,1
2024-09-20,4,9,Mumbai,Furniture,28,12000,Warehouse_North,755,3
2024-09-20,4,9,Mumbai,Medicines,182,200,Warehouse_West,232,3
2024-09-20,4,9,Delhi,Electronics,67,8500,Warehouse_North,820,2
2024-09-20,4,9,Delhi,Groceries,280,150,Warehouse_West,372,4
2024-09-20,4,9,Delhi,Clothing,113,800,Warehouse_West,612,2
2024-09-20,4,9,Delhi,Furniture,27,12000,Warehouse_South,204,3
2024-09-20,4,9,Delhi,Medicines,195,200,Warehouse_South,871,4
2024-09-20,4,9,Bangalore,Electronics,50,8500,Warehouse_West,866,4
2024-09-20,4,9,Bangalore,Groceries,255,150,Warehouse_North,992,4
2024-09-20,4,9,Bangalore,Clothing,125,800,Warehouse_West,853,4
2024-09-20,4,9,Bangalore,Furniture,30,12000,Warehouse_South,960,3
2024-09-20,4,9,Bangalore,Medicines,210,200,Warehouse_West,324,4
2024-09-20,4,9,Chennai,Electronics,36,8500,Warehouse_South,614,2
2024-09-20,4,9,Chennai,Groceries,258,150,Warehouse_South,415,1
2024-09-20,4,9,Chennai,Clothing,80,800,Warehouse_North,765,1
2024-09-20,4,9,Chennai,Furniture,28,12000,Warehouse_North,348,3
2024-09-20,4,9,Chennai,Medicines,158,200,Warehouse_South,990,2
2024-09-20,4,9,Pune,Electronics,34,8500,Warehouse_North,248,1
2024-09-20,4,9,Pune,Groceries,204,150,Warehouse_South,909,4
2024-09-20,4,9,Pune,Clothing,69,800,Warehouse_West,965,2
2024-09-20,4,9,Pune,Furniture,15,12000,Warehouse_North,419,2
2024-09-20,4,9,Pune,Medicines,131,200,Warehouse_South,332,1
2024-09-20,4,9,Hyderabad,Electronics,47,8500,Warehouse_South,208,3
2024-09-20,4,9,Hyderabad,Groceries,173,150,Warehouse_North,510,2
2024-09-20,4,9,Hyderabad,Clothing,82,800,Warehouse_South,542,2
2024-09-20,4,9,Hyderabad,Furniture,19,12000,Warehouse_North,484,2
2024-09-20,4,9,Hyderabad,Medicines,145,200,Warehouse_West,554,2
2024-09-21,5,9,Mumbai,Electronics,98,8500,Warehouse_South,247,3
2024-09-21,5,9,Mumbai,Groceries,464,150,Warehouse_South,831,4
2024-09-21,5,9,Mumbai,Clothing,150,800,Warehouse_West,943,2
2024-09-21,5,9,Mumbai,Furniture,40,12000,Warehouse_North,247,1
2024-09-21,5,9,Mumbai,Medicines,327,200,Warehouse_South,420,1
2024-09-21,5,9,Delhi,Electronics,78,8500,Warehouse_West,542,2
2024-09-21,5,9,Delhi,Groceries,411,150,Warehouse_West,909,3
2024-09-21,5,9,Delhi,Clothing,168,800,Warehouse_South,540,3
2024-09-21,5,9,Delhi,Furniture,42,12000,Warehouse_North,456,2
2024-09-21,5,9,Delhi,Medicines,300,200,Warehouse_North,400,1
2024-09-21,5,9,Bangalore,Electronics,83,8500,Warehouse_North,996,4
2024-09-21,5,9,Bangalore,Groceries,374,150,Warehouse_West,226,2
2024-09-21,5,9,Bangalore,Clothing,151,800,Warehouse_West,229,1
2024-09-21,5,9,Bangalore,Furniture,35,12000,Warehouse_West,427,2
2024-09-21,5,9,Bangalore,Medicines,263,200,Warehouse_South,238,1
2024-09-21,5,9,Chennai,Electronics,63,8500,Warehouse_South,625,3
2024-09-21,5,9,Chennai,Groceries,295,150,Warehouse_West,356,4
2024-09-21,5,9,Chennai,Clothing,123,800,Warehouse_North,456,4
2024-09-21,5,9,Chennai,Furniture,33,12000,Warehouse_West,531,2
2024-09-21,5,9,Chennai,Medicines,230,200,Warehouse_West,351,3
2024-09-21,5,9,Pune,Electronics,75,8500,Warehouse_West,790,3
2024-09-21,5,9,Pune,Groceries,231,150,Warehouse_West,599,3
2024-09-21,5,9,Pune,Clothing,121,800,Warehouse_South,658,3
2024-09-21,5,9,Pune,Furniture,25,12000,Warehouse_North,653,3
2024-09-21,5,9,Pune,Medicines,195,200,Warehouse_North,888,3
2024-09-21,5,9,Hyderabad,Electronics,68,8500,Warehouse_West,510,3
2024-09-21,5,9,Hyderabad,Groceries,305,150,Warehouse_West,997,1
2024-09-21,5,9,Hyderabad,Clothing,120,800,Warehouse_West,291,1
2024-09-21,5,9,Hyderabad,Furniture,25,12000,Warehouse_North,206,4
2024-09-21,5,9,Hyderabad,Medicines,207,200,Warehouse_West,549,1
2024-09-22,6,9,Mumbai,Electronics,90,8500,Warehouse_South,399,4
2024-09-22,6,9,Mumbai,Groceries,443,150,Warehouse_North,725,2
2024-09-22,6,9,Mumbai,Clothing,173,800,Warehouse_South,560,2
2024-09-22,6,9,Mumbai,Furniture,40,12000,Warehouse_South,367,2
2024-09-22,6,9,Mumbai,Medicines,343,200,Warehouse_North,432,3
2024-09-22,6,9,Delhi,Electronics,86,8500,Warehouse_North,488,1
2024-09-22,6,9,Delhi,Groceries,397,150,Warehouse_West,225,2
2024-09-22,6,9,Delhi,Clothing,166,800,Warehouse_North,605,2
2024-09-22,6,9,Delhi,Furniture,40,12000,Warehouse_South,320,3
2024-09-22,6,9,Delhi,Medicines,297,200,Warehouse_South,223,2
2024-09-22,6,9,Bangalore,Electronics,75,8500,Warehouse_North,921,1
2024-09-22,6,9,Bangalore,Groceries,384,150,Warehouse_North,698,2
2024-09-22,6,9,Bangalore,Clothing,165,800,Warehouse_North,231,3
2024-09-22,6,9,Bangalore,Furniture,35,12000,Warehouse_South,214,2
2024-09-22,6,9,Bangalore,Medicines,260,200,Warehouse_North,731,2
2024-09-22,6,9,Chennai,Electronics,77,8500,Warehouse_South,790,1
2024-09-22,6,9,Chennai,Groceries,317,150,Warehouse_South,912,4
2024-09-22,6,9,Chennai,Clothing,131,800,Warehouse_South,513,3
2024-09-22,6,9,Chennai,Furniture,29,12000,Warehouse_South,912,3
2024-09-22,6,9,Chennai,Medicines,222,200,Warehouse_North,558,2
2024-09-22,6,9,Pune,Electronics,56,8500,Warehouse_South,286,3
2024-09-22,6,9,Pune,Groceries,300,150,Warehouse_West,594,4
2024-09-22,6,9,Pune,Clothing,111,800,Warehouse_North,875,2
2024-09-22,6,9,Pune,Furniture,33,12000,Warehouse_West,775,3
2024-09-22,6,9,Pune,Medicines,180,200,Warehouse_North,970,2
2024-09-22,6,9,Hyderabad,Electronics,70,8500,Warehouse_West,681,3
2024-09-22,6,9,Hyderabad,Groceries,263,150,Warehouse_North,636,2
2024-09-22,6,9,Hyderabad,Clothing,125,800,Warehouse_North,549,2
2024-09-22,6,9,Hyderabad,Furniture,31,12000,Warehouse_South,739,1
2024-09-22,6,9,Hyderabad,Medicines,186,200,Warehouse_South,762,3
2024-09-23,0,9,Mumbai,Electronics,66,8500,Warehouse_South,817,4
2024-09-23,0,9,Mumbai,Groceries,334,150,Warehouse_West,567,4
2024-09-23,0,9,Mumbai,Clothing,96,800,Warehouse_South,462,1
2024-09-23,0,9,Mumbai,Furniture,32,12000,Warehouse_North,339,1
2024-09-23,0,9,Mumbai,Medicines,198,200,Warehouse_South,317,1
2024-09-23,0,9,Delhi,Electronics,69,8500,Warehouse_West,834,3
2024-09-23,0,9,Delhi,Groceries,239,150,Warehouse_West,499,3
2024-09-23,0,9,Delhi,Clothing,123,800,Warehouse_North,580,2
2024-09-23,0,9,Delhi,Furniture,31,12000,Warehouse_South,785,4
2024-09-23,0,9,Delhi,Medicines,203,200,Warehouse_West,595,3
2024-09-23,0,9,Bangalore,Electronics,63,8500,Warehouse_West,415,3
2024-09-23,0,9,Bangalore,Groceries,272,150,Warehouse_North,957,1
2024-09-23,0,9,Bangalore,Clothing,102,800,Warehouse_West,763,2
2024-09-23,0,9,Bangalore,Furniture,25,12000,Warehouse_South,293,4
2024-09-23,0,9,Bangalore,Medicines,205,200,Warehouse_North,220,1
2024-09-23,0,9,Chennai,Electronics,58,8500,Warehouse_North,932,2
2024-09-23,0,9,Chennai,Groceries,210,150,Warehouse_South,624,3
2024-09-23,0,9,Chennai,Clothing,86,800,Warehouse_West,577,2
2024-09-23,0,9,Chennai,Furniture,22,12000,Warehouse_South,366,3
2024-09-23,0,9,Chennai,Medicines,151,200,Warehouse_West,806,4
2024-09-23,0,9,Pune,Electronics,33,8500,Warehouse_South,806,1
2024-09-23,0,9,Pune,Groceries,178,150,Warehouse_North,938,1
2024-09-23,0,9,Pune,Clothing,76,800,Warehouse_North,748,2
2024-09-23,0,9,Pune,Furniture,17,12000,Warehouse_West,740,2
2024-09-23,0,9,Pune,Medicines,172,200,Warehouse_West,285,2
2024-09-23,0,9,Hyderabad,Electronics,25,8500,Warehouse_North,395,3
2024-09-23,0,9,Hyderabad,Groceries,152,150,Warehouse_West,289,3
2024-09-23,0,9,Hyderabad,Clothing,77,800,Warehouse_West,677,1
2024-09-23,0,9,Hyderabad,Furniture,19,12000,Warehouse_West,932,3
2024-09-23,0,9,Hyderabad,Medicines,145,200,Warehouse_South,983,1
2024-09-24,1,9,Mumbai,Electronics,71,8500,Warehouse_West,202,2
2024-09-24,1,9,Mumbai,Groceries,292,150,Warehouse_West,441,1
2024-09-24,1,9,Mumbai,Clothing,106,800,Warehouse_West,858,1
2024-09-24,1,9,Mumbai,Furniture,26,12000,Warehouse_South,234,3
2024-09-24,1,9,Mumbai,Medicines,253,200,Warehouse_North,833,4
2024-09-24,1,9,Delhi,Electronics,65,8500,Warehouse_North,690,1
2024-09-24,1,9,Delhi,Groceries,264,150,Warehouse_South,823,2
2024-09-24,1,9,Delhi,Clothing,102,800,Warehouse_South,372,1
2024-09-24,1,9,Delhi,Furniture,26,12000,Warehouse_West,960,4
2024-09-24,1,9,Delhi,Medicines,216,200,Warehouse_South,522,1
2024-09-24,1,9,Bangalore,Electronics,65,8500,Warehouse_South,609,2
2024-09-24,1,9,Bangalore,Groceries,215,150,Warehouse_South,704,1
2024-09-24,1,9,Bangalore,Clothing,113,800,Warehouse_South,317,2
2024-09-24,1,9,Bangalore,Furniture,24,12000,Warehouse_South,907,2
2024-09-24,1,9,Bangalore,Medicines,208,200,Warehouse_North,916,1
2024-09-24,1,9,Chennai,Electronics,50,8500,Warehouse_North,371,2
2024-09-24,1,9,Chennai,Groceries,262,150,Warehouse_South,943,3
2024-09-24,1,9,Chennai,Clothing,84,800,Warehouse_North,946,3
2024-09-24,1,9,Chennai,Furniture,20,12000,Warehouse_North,769,2
2024-09-24,1,9,Chennai,Medicines,127,200,Warehouse_North,654,3
2024-09-24,1,9,Pune,Electronics,39,8500,Warehouse_West,288,3
2024-09-24,1,9,Pune,Groceries,237,150,Warehouse_South,790,1
2024-09-24,1,9,Pune,Clothing,93,800,Warehouse_South,348,4
2024-09-24,1,9,Pune,Furniture,19,12000,Warehouse_West,980,2
2024-09-24,1,9,Pune,Medicines,136,200,Warehouse_West,496,2
2024-09-24,1,9,Hyderabad,Electronics,42,8500,Warehouse_North,591,3
2024-09-24,1,9,Hyderabad,Groceries,233,150,Warehouse_South,449,2
2024-09-24,1,9,Hyderabad,Clothing,86,800,Warehouse_West,714,2
2024-09-24,1,9,Hyderabad,Furniture,21,12000,Warehouse_North,443,4
2024-09-24,1,9,Hyderabad,Medicines,163,200,Warehouse_West,984,4
2024-09-25,2,9,Mumbai,Electronics,73,8500,Warehouse_South,632,3
2024-09-25,2,9,Mumbai,Groceries,341,150,Warehouse_North,958,2
2024-09-25,2,9,Mumbai,Clothing,100,800,Warehouse_North,584,4
2024-09-25,2,9,Mumbai,Furniture,31,12000,Warehouse_South,271,1
2024-09-25,2,9,Mumbai,Medicines,208,200,Warehouse_North,817,1
2024-09-25,2,9,Delhi,Electronics,62,8500,Warehouse_West,621,1
2024-09-25,2,9,Delhi,Groceries,288,150,Warehouse_South,459,3
2024-09-25,2,9,Delhi,Clothing,82,800,Warehouse_West,534,3
2024-09-25,2,9,Delhi,Furniture,26,12000,Warehouse_South,653,4
2024-09-25,2,9,Delhi,Medicines,210,200,Warehouse_South,576,2
2024-09-25,2,9,Bangalore,Electronics,58,8500,Warehouse_West,730,1
2024-09-25,2,9,Bangalore,Groceries,229,150,Warehouse_North,700,2
2024-09-25,2,9,Bangalore,Clothing,115,800,Warehouse_West,969,2
2024-09-25,2,9,Bangalore,Furniture,23,12000,Warehouse_North,948,1
2024-09-25,2,9,Bangalore,Medicines,171,200,Warehouse_West,781,1
2024-09-25,2,9,Chennai,Electronics,44,8500,Warehouse_South,378,4
2024-09-25,2,9,Chennai,Groceries,236,150,Warehouse_South,360,3
2024-09-25,2,9,Chennai,Clothing,78,800,Warehouse_West,231,1
2024-09-25,2,9,Chennai,Furniture,20,12000,Warehouse_North,675,4
2024-09-25,2,9,Chennai,Medicines,144,200,Warehouse_West,588,1
2024-09-25,2,9,Pune,Electronics,50,8500,Warehouse_West,903,4
2024-09-25,2,9,Pune,Groceries,128,150,Warehouse_North,766,1
2024-09-25,2,9,Pune,Clothing,91,800,Warehouse_South,655,2
2024-09-25,2,9,Pune,Furniture,22,12000,Warehouse_West,632,2
2024-09-25,2,9,Pune,Medicines,167,200,Warehouse_South,927,2
2024-09-25,2,9,Hyderabad,Electronics,47,8500,Warehouse_South,950,1
2024-09-25,2,9,Hyderabad,Groceries,211,150,Warehouse_North,853,1
2024-09-25,2,9,Hyderabad,Clothing,97,800,Warehouse_North,806,3
2024-09-25,2,9,Hyderabad,Furniture,22,12000,Warehouse_West,906,1
2024-09-25,2,9,Hyderabad,Medicines,138,200,Warehouse_West,951,3
2024-09-26,3,9,Mumbai,Electronics,72,8500,Warehouse_South,652,2
2024-09-26,3,9,Mumbai,Groceries,274,150,Warehouse_North,708,3
2024-09-26,3,9,Mumbai,Clothing,131,800,Warehouse_South,721,1
2024-09-26,3,9,Mumbai,Furniture,31,12000,Warehouse_South,310,3
2024-09-26,3,9,Mumbai,Medicines,179,200,Warehouse_South,696,4
2024-09-26,3,9,Delhi,Electronics,61,8500,Warehouse_North,944,1
2024-09-26,3,9,Delhi,Groceries,231,150,Warehouse_West,470,4
2024-09-26,3,9,Delhi,Clothing,119,800,Warehouse_West,738,4
2024-09-26,3,9,Delhi,Furniture,23,12000,Warehouse_West,820,4
2024-09-26,3,9,Delhi,Medicines,219,200,Warehouse_South,886,4
2024-09-26,3,9,Bangalore,Electronics,55,8500,Warehouse_West,962,1
2024-09-26,3,9,Bangalore,Groceries,319,150,Warehouse_South,585,1
2024-09-26,3,9,Bangalore,Clothing,95,800,Warehouse_North,588,4
2024-09-26,3,9,Bangalore,Furniture,20,12000,Warehouse_North,802,1
2024-09-26,3,9,Bangalore,Medicines,183,200,Warehouse_North,909,2
2024-09-26,3,9,Chennai,Electronics,56,8500,Warehouse_South,311,4
2024-09-26,3,9,Chennai,Groceries,179,150,Warehouse_South,967,2
2024-09-26,3,9,Chennai,Clothing,78,800,Warehouse_West,872,3
2024-09-26,3,9,Chennai,Furniture,22,12000,Warehouse_North,272,2
2024-09-26,3,9,Chennai,Medicines,97,200,Warehouse_North,909,1
2024-09-26,3,9,Pune,Electronics,46,8500,Warehouse_South,230,3
2024-09-26,3,9,Pune,Groceries,243,150,Warehouse_South,916,4
2024-09-26,3,9,Pune,Clothing,86,800,Warehouse_North,490,2
2024-09-26,3,9,Pune,Furniture,20,12000,Warehouse_West,223,3
2024-09-26,3,9,Pune,Medicines,176,200,Warehouse_North,745,1
2024-09-26,3,9,Hyderabad,Electronics,42,8500,Warehouse_West,410,2
2024-09-26,3,9,Hyderabad,Groceries,176,150,Warehouse_South,641,3
2024-09-26,3,9,Hyderabad,Clothing,68,800,Warehouse_South,733,1
2024-09-26,3,9,Hyderabad,Furniture,19,12000,Warehouse_South,330,2
2024-09-26,3,9,Hyderabad,Medicines,146,200,Warehouse_North,342,3
2024-09-27,4,9,Mumbai,Electronics,65,8500,Warehouse_North,318,1
2024-09-27,4,9,Mumbai,Groceries,288,150,Warehouse_West,785,1
2024-09-27,4,9,Mumbai,Clothing,127,800,Warehouse_South,672,4
2024-09-27,4,9,Mumbai,Furniture,28,12000,Warehouse_West,249,1
2024-09-27,4,9,Mumbai,Medicines,231,200,Warehouse_North,727,4
2024-09-27,4,9,Delhi,Electronics,55,8500,Warehouse_West,578,2
2024-09-27,4,9,Delhi,Groceries,249,150,Warehouse_South,591,2
2024-09-27,4,9,Delhi,Clothing,113,800,Warehouse_North,769,2
2024-09-27,4,9,Delhi,Furniture,19,12000,Warehouse_North,631,3
2024-09-27,4,9,Delhi,Medicines,185,200,Warehouse_North,288,1
2024-09-27,4,9,Bangalore,Electronics,64,8500,Warehouse_South,302,3
2024-09-27,4,9,Bangalore,Groceries,250,150,Warehouse_South,882,1
2024-09-27,4,9,Bangalore,Clothing,80,800,Warehouse_West,780,4
2024-09-27,4,9,Bangalore,Furniture,32,12000,Warehouse_South,612,4
2024-09-27,4,9,Bangalore,Medicines,173,200,Warehouse_West,459,4
2024-09-27,4,9,Chennai,Electronics,53,8500,Warehouse_South,503,4
2024-09-27,4,9,Chennai,Groceries,208,150,Warehouse_West,280,4
2024-09-27,4,9,Chennai,Clothing,88,800,Warehouse_West,375,1
2024-09-27,4,9,Chennai,Furniture,26,12000,Warehouse_North,544,2
2024-09-27,4,9,Chennai,Medicines,172,200,Warehouse_West,608,2
2024-09-27,4,9,Pune,Electronics,48,8500,Warehouse_South,621,2
2024-09-27,4,9,Pune,Groceries,224,150,Warehouse_West,558,2
2024-09-27,4,9,Pune,Clothing,85,800,Warehouse_West,294,2
2024-09-27,4,9,Pune,Furniture,20,12000,Warehouse_West,974,4
2024-09-27,4,9,Pune,Medicines,128,200,Warehouse_West,820,4
2024-09-27,4,9,Hyderabad,Electronics,31,8500,Warehouse_North,294,1
2024-09-27,4,9,Hyderabad,Groceries,244,150,Warehouse_South,358,3
2024-09-27,4,9,Hyderabad,Clothing,73,800,Warehouse_West,800,4
2024-09-27,4,9,Hyderabad,Furniture,24,12000,Warehouse_North,514,3
2024-09-27,4,9,Hyderabad,Medicines,159,200,Warehouse_West,803,2
2024-09-28,5,9,Mumbai,Electronics,95,8500,Warehouse_South,958,2
2024-09-28,5,9,Mumbai,Groceries,453,150,Warehouse_South,571,3
2024-09-28,5,9,Mumbai,Clothing,165,800,Warehouse_North,316,3
2024-09-28,5,9,Mumbai,Furniture,40,12000,Warehouse_North,461,2
2024-09-28,5,9,Mumbai,Medicines,369,200,Warehouse_North,724,4
2024-09-28,5,9,Delhi,Electronics,83,8500,Warehouse_North,848,4
2024-09-28,5,9,Delhi,Groceries,393,150,Warehouse_West,664,4
2024-09-28,5,9,Delhi,Clothing,130,800,Warehouse_South,359,2
2024-09-28,5,9,Delhi,Furniture,38,12000,Warehouse_North,396,4
2024-09-28,5,9,Delhi,Medicines,286,200,Warehouse_West,425,3
2024-09-28,5,9,Bangalore,Electronics,84,8500,Warehouse_West,736,4
2024-09-28,5,9,Bangalore,Groceries,366,150,Warehouse_North,403,4
2024-09-28,5,9,Bangalore,Clothing,134,800,Warehouse_North,401,3
2024-09-28,5,9,Bangalore,Furniture,39,12000,Warehouse_South,904,4
2024-09-28,5,9,Bangalore,Medicines,294,200,Warehouse_South,970,1
2024-09-28,5,9,Chennai,Electronics,70,8500,Warehouse_South,751,2
2024-09-28,5,9,Chennai,Groceries,291,150,Warehouse_West,831,1
2024-09-28,5,9,Chennai,Clothing,137,800,Warehouse_South,241,2
2024-09-28,5,9,Chennai,Furniture,34,12000,Warehouse_South,467,2
2024-09-28,5,9,Chennai,Medicines,215,200,Warehouse_West,906,4
2024-09-28,5,9,Pune,Electronics,51,8500,Warehouse_North,517,4
2024-09-28,5,9,Pune,Groceries,270,150,Warehouse_North,493,2
2024-09-28,5,9,Pune,Clothing,110,800,Warehouse_South,384,3
2024-09-28,5,9,Pune,Furniture,26,12000,Warehouse_North,724,3
2024-09-28,5,9,Pune,Medicines,213,200,Warehouse_South,839,3
2024-09-28,5,9,Hyderabad,Electronics,61,8500,Warehouse_North,808,4
2024-09-28,5,9,Hyderabad,Groceries,299,150,Warehouse_South,828,4
2024-09-28,5,9,Hyderabad,Clothing,101,800,Warehouse_North,548,2
2024-09-28,5,9,Hyderabad,Furniture,23,12000,Warehouse_North,237,4
2024-09-28,5,9,Hyderabad,Medicines,212,200,Warehouse_North,261,1
2024-09-29,6,9,Mumbai,Electronics,91,8500,Warehouse_North,980,3
2024-09-29,6,9,Mumbai,Groceries,454,150,Warehouse_West,794,4
2024-09-29,6,9,Mumbai,Clothing,172,800,Warehouse_South,509,3
2024-09-29,6,9,Mumbai,Furniture,42,12000,Warehouse_North,224,3
2024-09-29,6,9,Mumbai,Medicines,327,200,Warehouse_South,994,1
2024-09-29,6,9,Delhi,Electronics,90,8500,Warehouse_West,758,1
2024-09-29,6,9,Delhi,Groceries,374,150,Warehouse_South,266,4
2024-09-29,6,9,Delhi,Clothing,166,800,Warehouse_South,884,3
2024-09-29,6,9,Delhi,Furniture,43,12000,Warehouse_West,805,1
2024-09-29,6,9,Delhi,Medicines,293,200,Warehouse_West,638,4
2024-09-29,6,9,Bangalore,Electronics,89,8500,Warehouse_North,662,2
2024-09-29,6,9,Bangalore,Groceries,391,150,Warehouse_South,462,1
2024-09-29,6,9,Bangalore,Clothing,144,800,Warehouse_North,801,2
2024-09-29,6,9,Bangalore,Furniture,33,12000,Warehouse_North,375,1
2024-09-29,6,9,Bangalore,Medicines,268,200,Warehouse_South,496,4
2024-09-29,6,9,Chennai,Electronics,74,8500,Warehouse_West,674,4
2024-09-29,6,9,Chennai,Groceries,334,150,Warehouse_North,380,1
2024-09-29,6,9,Chennai,Clothing,119,800,Warehouse_North,548,1
2024-09-29,6,9,Chennai,Furniture,34,12000,Warehouse_South,582,2
2024-09-29,6,9,Chennai,Medicines,230,200,Warehouse_North,313,2
2024-09-29,6,9,Pune,Electronics,62,8500,Warehouse_West,789,4
2024-09-29,6,9,Pune,Groceries,252,150,Warehouse_South,584,4
2024-09-29,6,9,Pune,Clothing,119,800,Warehouse_North,386,2
2024-09-29,6,9,Pune,Furniture,27,12000,Warehouse_South,301,3
2024-09-29,6,9,Pune,Medicines,254,200,Warehouse_South,323,2
2024-09-29,6,9,Hyderabad,Electronics,79,8500,Warehouse_North,448,4
2024-09-29,6,9,Hyderabad,Groceries,268,150,Warehouse_North,783,3
2024-09-29,6,9,Hyderabad,Clothing,114,800,Warehouse_West,680,2
2024-09-29,6,9,Hyderabad,Furniture,28,12000,Warehouse_West,226,1
2024-09-29,6,9,Hyderabad,Medicines,219,200,Warehouse_South,334,2
2024-09-30,0,9,Mumbai,Electronics,66,8500,Warehouse_West,426,3
2024-09-30,0,9,Mumbai,Groceries,294,150,Warehouse_South,459,2
2024-09-30,0,9,Mumbai,Clothing,127,800,Warehouse_West,902,1
2024-09-30,0,9,Mumbai,Furniture,27,12000,Warehouse_South,477,3
2024-09-30,0,9,Mumbai,Medicines,225,200,Warehouse_West,256,4
2024-09-30,0,9,Delhi,Electronics,55,8500,Warehouse_West,936,3
2024-09-30,0,9,Delhi,Groceries,299,150,Warehouse_South,487,4
2024-09-30,0,9,Delhi,Clothing,111,800,Warehouse_North,906,2
2024-09-30,0,9,Delhi,Furniture,27,12000,Warehouse_North,588,3
2024-09-30,0,9,Delhi,Medicines,242,200,Warehouse_South,412,1
2024-09-30,0,9,Bangalore,Electronics,55,8500,Warehouse_South,432,4
2024-09-30,0,9,Bangalore,Groceries,229,150,Warehouse_West,460,4
2024-09-30,0,9,Bangalore,Clothing,96,800,Warehouse_West,646,2
2024-09-30,0,9,Bangalore,Furniture,26,12000,Warehouse_West,245,2
2024-09-30,0,9,Bangalore,Medicines,223,200,Warehouse_West,913,2
2024-09-30,0,9,Chennai,Electronics,54,8500,Warehouse_North,237,3
2024-09-30,0,9,Chennai,Groceries,259,150,Warehouse_South,657,4
2024-09-30,0,9,Chennai,Clothing,97,800,Warehouse_West,724,2
2024-09-30,0,9,Chennai,Furniture,24,12000,Warehouse_South,798,4
2024-09-30,0,9,Chennai,Medicines,181,200,Warehouse_North,711,1
2024-09-30,0,9,Pune,Electronics,49,8500,Warehouse_West,921,2
2024-09-30,0,9,Pune,Groceries,214,150,Warehouse_West,273,3
2024-09-30,0,9,Pune,Clothing,76,800,Warehouse_South,789,3
2024-09-30,0,9,Pune,Furniture,17,12000,Warehouse_South,324,2
2024-09-30,0,9,Pune,Medicines,146,200,Warehouse_North,601,4
2024-09-30,0,9,Hyderabad,Electronics,45,8500,Warehouse_North,345,3
2024-09-30,0,9,Hyderabad,Groceries,224,150,Warehouse_North,211,4
2024-09-30,0,9,Hyderabad,Clothing,62,800,Warehouse_North,967,2
2024-09-30,0,9,Hyderabad,Furniture,20,12000,Warehouse_North,339,4
2024-09-30,0,9,Hyderabad,Medicines,137,200,Warehouse_North,336,3
2024-10-01,1,10,Mumbai,Electronics,132,8500,Warehouse_North,360,1
2024-10-01,1,10,Mumbai,Groceries,559,150,Warehouse_West,287,3
2024-10-01,1,10,Mumbai,Clothing,220,800,Warehouse_West,482,2
2024-10-01,1,10,Mumbai,Furniture,51,12000,Warehouse_North,651,1
2024-10-01,1,10,Mumbai,Medicines,395,200,Warehouse_South,646,2
2024-10-01,1,10,Delhi,Electronics,127,8500,Warehouse_South,442,1
2024-10-01,1,10,Delhi,Groceries,592,150,Warehouse_West,807,2
2024-10-01,1,10,Delhi,Clothing,207,800,Warehouse_North,712,2
2024-10-01,1,10,Delhi,Furniture,53,12000,Warehouse_South,587,3
2024-10-01,1,10,Delhi,Medicines,394,200,Warehouse_South,595,1
2024-10-01,1,10,Bangalore,Electronics,102,8500,Warehouse_North,527,4
2024-10-01,1,10,Bangalore,Groceries,502,150,Warehouse_South,295,4
2024-10-01,1,10,Bangalore,Clothing,195,800,Warehouse_North,514,3
2024-10-01,1,10,Bangalore,Furniture,52,12000,Warehouse_North,468,4
2024-10-01,1,10,Bangalore,Medicines,332,200,Warehouse_North,650,1
2024-10-01,1,10,Chennai,Electronics,82,8500,Warehouse_North,575,4
2024-10-01,1,10,Chennai,Groceries,388,150,Warehouse_West,466,3
2024-10-01,1,10,Chennai,Clothing,161,800,Warehouse_North,478,3
2024-10-01,1,10,Chennai,Furniture,38,12000,Warehouse_West,445,4
2024-10-01,1,10,Chennai,Medicines,283,200,Warehouse_South,866,1
2024-10-01,1,10,Pune,Electronics,78,8500,Warehouse_West,348,4
2024-10-01,1,10,Pune,Groceries,315,150,Warehouse_North,262,2
2024-10-01,1,10,Pune,Clothing,144,800,Warehouse_North,811,3
2024-10-01,1,10,Pune,Furniture,33,12000,Warehouse_North,706,1
2024-10-01,1,10,Pune,Medicines,267,200,Warehouse_West,390,3
2024-10-01,1,10,Hyderabad,Electronics,85,8500,Warehouse_West,850,1
2024-10-01,1,10,Hyderabad,Groceries,392,150,Warehouse_North,246,3
2024-10-01,1,10,Hyderabad,Clothing,139,800,Warehouse_South,415,2
2024-10-01,1,10,Hyderabad,Furniture,34,12000,Warehouse_North,861,3
2024-10-01,1,10,Hyderabad,Medicines,247,200,Warehouse_South,213,1
2024-10-02,2,10,Mumbai,Electronics,120,8500,Warehouse_North,365,3
2024-10-02,2,10,Mumbai,Groceries,518,150,Warehouse_North,835,2
2024-10-02,2,10,Mumbai,Clothing,210,800,Warehouse_North,470,3
2024-10-02,2,10,Mumbai,Furniture,59,12000,Warehouse_North,215,4
2024-10-02,2,10,Mumbai,Medicines,426,200,Warehouse_South,842,1
2024-10-02,2,10,Delhi,Electronics,104,8500,Warehouse_West,670,4
2024-10-02,2,10,Delhi,Groceries,485,150,Warehouse_South,907,3
2024-10-02,2,10,Delhi,Clothing,203,800,Warehouse_West,596,2
2024-10-02,2,10,Delhi,Furniture,45,12000,Warehouse_South,557,1
2024-10-02,2,10,Delhi,Medicines,363,200,Warehouse_North,362,4
2024-10-02,2,10,Bangalore,Electronics,111,8500,Warehouse_South,561,4
2024-10-02,2,10,Bangalore,Groceries,437,150,Warehouse_South,903,1
2024-10-02,2,10,Bangalore,Clothing,194,800,Warehouse_South,221,1
2024-10-02,2,10,Bangalore,Furniture,47,12000,Warehouse_South,710,4
2024-10-02,2,10,Bangalore,Medicines,339,200,Warehouse_South,537,4
2024-10-02,2,10,Chennai,Electronics,90,8500,Warehouse_South,273,1
2024-10-02,2,10,Chennai,Groceries,380,150,Warehouse_West,356,3
2024-10-02,2,10,Chennai,Clothing,158,800,Warehouse_South,807,2
2024-10-02,2,10,Chennai,Furniture,38,12000,Warehouse_West,580,4
2024-10-02,2,10,Chennai,Medicines,323,200,Warehouse_North,408,4
2024-10-02,2,10,Pune,Electronics,81,8500,Warehouse_North,971,4
2024-10-02,2,10,Pune,Groceries,382,150,Warehouse_West,772,2
2024-10-02,2,10,Pune,Clothing,157,800,Warehouse_North,575,1
2024-10-02,2,10,Pune,Furniture,39,12000,Warehouse_West,946,2
2024-10-02,2,10,Pune,Medicines,279,200,Warehouse_South,227,1
2024-10-02,2,10,Hyderabad,Electronics,85,8500,Warehouse_North,828,1
2024-10-02,2,10,Hyderabad,Groceries,354,150,Warehouse_North,945,2
2024-10-02,2,10,Hyderabad,Clothing,153,800,Warehouse_South,552,2
2024-10-02,2,10,Hyderabad,Furniture,36,12000,Warehouse_North,897,3
2024-10-02,2,10,Hyderabad,Medicines,268,200,Warehouse_West,495,3
2024-10-03,3,10,Mumbai,Electronics,115,8500,Warehouse_West,333,1
2024-10-03,3,10,Mumbai,Groceries,590,150,Warehouse_West,649,4
2024-10-03,3,10,Mumbai,Clothing,218,800,Warehouse_North,660,2
2024-10-03,3,10,Mumbai,Furniture,55,12000,Warehouse_South,451,2
2024-10-03,3,10,Mumbai,Medicines,438,200,Warehouse_South,897,2
2024-10-03,3,10,Delhi,Electronics,110,8500,Warehouse_West,952,1
2024-10-03,3,10,Delhi,Groceries,449,150,Warehouse_North,521,3
2024-10-03,3,10,Delhi,Clothing,209,800,Warehouse_North,425,4
2024-10-03,3,10,Delhi,Furniture,46,12000,Warehouse_North,358,4
2024-10-03,3,10,Delhi,Medicines,402,200,Warehouse_North,523,1
2024-10-03,3,10,Bangalore,Electronics,103,8500,Warehouse_West,603,2
2024-10-03,3,10,Bangalore,Groceries,427,150,Warehouse_South,800,3
2024-10-03,3,10,Bangalore,Clothing,195,800,Warehouse_North,298,3
2024-10-03,3,10,Bangalore,Furniture,43,12000,Warehouse_North,818,4
2024-10-03,3,10,Bangalore,Medicines,397,200,Warehouse_West,549,4
2024-10-03,3,10,Chennai,Electronics,83,8500,Warehouse_North,699,1
2024-10-03,3,10,Chennai,Groceries,353,150,Warehouse_West,977,1
2024-10-03,3,10,Chennai,Clothing,162,800,Warehouse_South,820,4
2024-10-03,3,10,Chennai,Furniture,37,12000,Warehouse_North,496,2
2024-10-03,3,10,Chennai,Medicines,285,200,Warehouse_West,383,4
2024-10-03,3,10,Pune,Electronics,91,8500,Warehouse_West,885,2
2024-10-03,3,10,Pune,Groceries,329,150,Warehouse_West,567,2
2024-10-03,3,10,Pune,Clothing,132,800,Warehouse_North,728,2
2024-10-03,3,10,Pune,Furniture,37,12000,Warehouse_West,797,3
2024-10-03,3,10,Pune,Medicines,256,200,Warehouse_North,518,2
2024-10-03,3,10,Hyderabad,Electronics,71,8500,Warehouse_North,933,2
2024-10-03,3,10,Hyderabad,Groceries,362,150,Warehouse_North,424,2
2024-10-03,3,10,Hyderabad,Clothing,141,800,Warehouse_North,306,3
2024-10-03,3,10,Hyderabad,Furniture,40,12000,Warehouse_South,530,1
2024-10-03,3,10,Hyderabad,Medicines,254,200,Warehouse_West,667,4
2024-10-04,4,10,Mumbai,Electronics,124,8500,Warehouse_North,730,2
2024-10-04,4,10,Mumbai,Groceries,506,150,Warehouse_North,715,4
2024-10-04,4,10,Mumbai,Clothing,214,800,Warehouse_North,801,1
2024-10-04,4,10,Mumbai,Furniture,49,12000,Warehouse_West,457,2
2024-10-04,4,10,Mumbai,Medicines,369,200,Warehouse_South,639,1
2024-10-04,4,10,Delhi,Electronics,108,8500,Warehouse_South,567,1
2024-10-04,4,10,Delhi,Groceries,543,150,Warehouse_West,318,3
2024-10-04,4,10,Delhi,Clothing,185,800,Warehouse_North,602,2
2024-10-04,4,10,Delhi,Furniture,49,12000,Warehouse_South,698,2
2024-10-04,4,10,Delhi,Medicines,366,200,Warehouse_West,526,2
2024-10-04,4,10,Bangalore,Electronics,102,8500,Warehouse_North,781,4
2024-10-04,4,10,Bangalore,Groceries,415,150,Warehouse_South,418,1
2024-10-04,4,10,Bangalore,Clothing,200,800,Warehouse_North,542,3
2024-10-04,4,10,Bangalore,Furniture,45,12000,Warehouse_South,535,4
2024-10-04,4,10,Bangalore,Medicines,314,200,Warehouse_West,374,2
2024-10-04,4,10,Chennai,Electronics,100,8500,Warehouse_North,947,2
2024-10-04,4,10,Chennai,Groceries,351,150,Warehouse_North,764,1
2024-10-04,4,10,Chennai,Clothing,162,800,Warehouse_West,258,4
2024-10-04,4,10,Chennai,Furniture,38,12000,Warehouse_South,900,1
2024-10-04,4,10,Chennai,Medicines,268,200,Warehouse_West,415,3
2024-10-04,4,10,Pune,Electronics,78,8500,Warehouse_North,414,2
2024-10-04,4,10,Pune,Groceries,364,150,Warehouse_North,371,1
2024-10-04,4,10,Pune,Clothing,162,800,Warehouse_West,800,4
2024-10-04,4,10,Pune,Furniture,40,12000,Warehouse_West,666,3
2024-10-04,4,10,Pune,Medicines,251,200,Warehouse_South,406,1
2024-10-04,4,10,Hyderabad,Electronics,85,8500,Warehouse_West,505,3
2024-10-04,4,10,Hyderabad,Groceries,388,150,Warehouse_South,757,2
2024-10-04,4,10,Hyderabad,Clothing,134,800,Warehouse_West,460,2
2024-10-04,4,10,Hyderabad,Furniture,35,12000,Warehouse_North,967,1
2024-10-04,4,10,Hyderabad,Medicines,249,200,Warehouse_West,343,4
2024-10-05,5,10,Mumbai,Electronics,177,8500,Warehouse_West,915,1
2024-10-05,5,10,Mumbai,Groceries,781,150,Warehouse_West,531,2
2024-10-05,5,10,Mumbai,Clothing,306,800,Warehouse_West,974,2
2024-10-05,5,10,Mumbai,Furniture,75,12000,Warehouse_North,674,4
2024-10-05,5,10,Mumbai,Medicines,581,200,Warehouse_North,607,3
2024-10-05,5,10,Delhi,Electronics,156,8500,Warehouse_North,794,3
2024-10-05,5,10,Delhi,Groceries,712,150,Warehouse_South,787,2
2024-10-05,5,10,Delhi,Clothing,279,800,Warehouse_West,433,3
2024-10-05,5,10,Delhi,Furniture,72,12000,Warehouse_South,680,2
2024-10-05,5,10,Delhi,Medicines,537,200,Warehouse_West,934,4
2024-10-05,5,10,Bangalore,Electronics,142,8500,Warehouse_South,233,3
2024-10-05,5,10,Bangalore,Groceries,646,150,Warehouse_South,261,2
2024-10-05,5,10,Bangalore,Clothing,260,800,Warehouse_West,881,4
2024-10-05,5,10,Bangalore,Furniture,61,12000,Warehouse_South,827,1
2024-10-05,5,10,Bangalore,Medicines,524,200,Warehouse_West,748,3
2024-10-05,5,10,Chennai,Electronics,124,8500,Warehouse_North,898,1
2024-10-05,5,10,Chennai,Groceries,605,150,Warehouse_West,502,2
2024-10-05,5,10,Chennai,Clothing,218,800,Warehouse_West,914,4
2024-10-05,5,10,Chennai,Furniture,58,12000,Warehouse_North,682,3
2024-10-05,5,10,Chennai,Medicines,407,200,Warehouse_North,606,2
2024-10-05,5,10,Pune,Electronics,113,8500,Warehouse_West,382,3
2024-10-05,5,10,Pune,Groceries,435,150,Warehouse_West,357,3
2024-10-05,5,10,Pune,Clothing,219,800,Warehouse_West,877,3
2024-10-05,5,10,Pune,Furniture,53,12000,Warehouse_South,762,4
2024-10-05,5,10,Pune,Medicines,372,200,Warehouse_North,928,2
2024-10-05,5,10,Hyderabad,Electronics,105,8500,Warehouse_South,705,3
2024-10-05,5,10,Hyderabad,Groceries,495,150,Warehouse_West,665,3
2024-10-05,5,10,Hyderabad,Clothing,198,800,Warehouse_North,261,4
2024-10-05,5,10,Hyderabad,Furniture,52,12000,Warehouse_North,262,4
2024-10-05,5,10,Hyderabad,Medicines,396,200,Warehouse_West,300,3
2024-10-06,6,10,Mumbai,Electronics,170,8500,Warehouse_North,472,3
2024-10-06,6,10,Mumbai,Groceries,726,150,Warehouse_North,972,3
2024-10-06,6,10,Mumbai,Clothing,330,800,Warehouse_North,958,1
2024-10-06,6,10,Mumbai,Furniture,75,12000,Warehouse_West,954,4
2024-10-06,6,10,Mumbai,Medicines,586,200,Warehouse_North,316,4
2024-10-06,6,10,Delhi,Electronics,148,8500,Warehouse_West,520,3
2024-10-06,6,10,Delhi,Groceries,740,150,Warehouse_North,668,1
2024-10-06,6,10,Delhi,Clothing,263,800,Warehouse_West,995,1
2024-10-06,6,10,Delhi,Furniture,72,12000,Warehouse_South,981,2
2024-10-06,6,10,Delhi,Medicines,531,200,Warehouse_West,310,2
2024-10-06,6,10,Bangalore,Electronics,149,8500,Warehouse_West,986,2
2024-10-06,6,10,Bangalore,Groceries,677,150,Warehouse_North,761,3
2024-10-06,6,10,Bangalore,Clothing,271,800,Warehouse_South,380,1
2024-10-06,6,10,Bangalore,Furniture,66,12000,Warehouse_South,943,2
2024-10-06,6,10,Bangalore,Medicines,527,200,Warehouse_North,345,2
2024-10-06,6,10,Chennai,Electronics,120,8500,Warehouse_North,215,1
2024-10-06,6,10,Chennai,Groceries,605,150,Warehouse_West,418,3
2024-10-06,6,10,Chennai,Clothing,228,800,Warehouse_North,570,2
2024-10-06,6,10,Chennai,Furniture,60,12000,Warehouse_North,898,4
2024-10-06,6,10,Chennai,Medicines,393,200,Warehouse_South,384,1
2024-10-06,6,10,Pune,Electronics,110,8500,Warehouse_North,549,4
2024-10-06,6,10,Pune,Groceries,469,150,Warehouse_West,664,3
2024-10-06,6,10,Pune,Clothing,211,800,Warehouse_South,894,2
2024-10-06,6,10,Pune,Furniture,49,12000,Warehouse_West,470,1
2024-10-06,6,10,Pune,Medicines,355,200,Warehouse_North,929,1
2024-10-06,6,10,Hyderabad,Electronics,121,8500,Warehouse_South,439,2
2024-10-06,6,10,Hyderabad,Groceries,541,150,Warehouse_North,526,1
2024-10-06,6,10,Hyderabad,Clothing,194,800,Warehouse_West,810,1
2024-10-06,6,10,Hyderabad,Furniture,53,12000,Warehouse_North,618,1
2024-10-06,6,10,Hyderabad,Medicines,351,200,Warehouse_South,933,4
2024-10-07,0,10,Mumbai,Electronics,121,8500,Warehouse_North,393,3
2024-10-07,0,10,Mumbai,Groceries,527,150,Warehouse_South,566,2
2024-10-07,0,10,Mumbai,Clothing,224,800,Warehouse_North,922,4
2024-10-07,0,10,Mumbai,Furniture,51,12000,Warehouse_West,491,3
2024-10-07,0,10,Mumbai,Medicines,390,200,Warehouse_South,673,2
2024-10-07,0,10,Delhi,Electronics,112,8500,Warehouse_West,553,4
2024-10-07,0,10,Delhi,Groceries,507,150,Warehouse_South,757,3
2024-10-07,0,10,Delhi,Clothing,216,800,Warehouse_West,243,4
2024-10-07,0,10,Delhi,Furniture,52,12000,Warehouse_North,224,1
2024-10-07,0,10,Delhi,Medicines,386,200,Warehouse_West,356,4
2024-10-07,0,10,Bangalore,Electronics,125,8500,Warehouse_South,385,1
2024-10-07,0,10,Bangalore,Groceries,437,150,Warehouse_North,785,3
2024-10-07,0,10,Bangalore,Clothing,159,800,Warehouse_South,743,3
2024-10-07,0,10,Bangalore,Furniture,49,12000,Warehouse_West,500,1
2024-10-07,0,10,Bangalore,Medicines,337,200,Warehouse_West,252,3
2024-10-07,0,10,Chennai,Electronics,86,8500,Warehouse_South,395,3
2024-10-07,0,10,Chennai,Groceries,408,150,Warehouse_North,228,3
2024-10-07,0,10,Chennai,Clothing,158,800,Warehouse_South,657,2
2024-10-07,0,10,Chennai,Furniture,37,12000,Warehouse_South,844,2
2024-10-07,0,10,Chennai,Medicines,324,200,Warehouse_West,858,2
2024-10-07,0,10,Pune,Electronics,87,8500,Warehouse_North,685,3
2024-10-07,0,10,Pune,Groceries,397,150,Warehouse_West,445,3
2024-10-07,0,10,Pune,Clothing,131,800,Warehouse_North,336,3
2024-10-07,0,10,Pune,Furniture,33,12000,Warehouse_South,943,4
2024-10-07,0,10,Pune,Medicines,259,200,Warehouse_North,917,2
2024-10-07,0,10,Hyderabad,Electronics,80,8500,Warehouse_North,532,4
2024-10-07,0,10,Hyderabad,Groceries,347,150,Warehouse_South,885,1
2024-10-07,0,10,Hyderabad,Clothing,133,800,Warehouse_West,908,4
2024-10-07,0,10,Hyderabad,Furniture,36,12000,Warehouse_South,726,2
2024-10-07,0,10,Hyderabad,Medicines,265,200,Warehouse_South,927,3
2024-10-08,1,10,Mumbai,Electronics,118,8500,Warehouse_South,959,4
2024-10-08,1,10,Mumbai,Groceries,576,150,Warehouse_North,247,3
2024-10-08,1,10,Mumbai,Clothing,227,800,Warehouse_West,251,2
2024-10-08,1,10,Mumbai,Furniture,61,12000,Warehouse_South,810,2
2024-10-08,1,10,Mumbai,Medicines,380,200,Warehouse_South,750,2
2024-10-08,1,10,Delhi,Electronics,113,8500,Warehouse_North,586,2
2024-10-08,1,10,Delhi,Groceries,545,150,Warehouse_North,737,4
2024-10-08,1,10,Delhi,Clothing,174,800,Warehouse_South,707,1
2024-10-08,1,10,Delhi,Furniture,49,12000,Warehouse_West,602,3
2024-10-08,1,10,Delhi,Medicines,386,200,Warehouse_South,759,3
2024-10-08,1,10,Bangalore,Electronics,113,8500,Warehouse_West,247,1
2024-10-08,1,10,Bangalore,Groceries,456,150,Warehouse_West,218,3
2024-10-08,1,10,Bangalore,Clothing,186,800,Warehouse_West,428,3
2024-10-08,1,10,Bangalore,Furniture,44,12000,Warehouse_South,532,3
2024-10-08,1,10,Bangalore,Medicines,325,200,Warehouse_West,408,3
2024-10-08,1,10,Chennai,Electronics,83,8500,Warehouse_West,894,3
2024-10-08,1,10,Chennai,Groceries,399,150,Warehouse_South,718,1
2024-10-08,1,10,Chennai,Clothing,151,800,Warehouse_South,212,4
2024-10-08,1,10,Chennai,Furniture,35,12000,Warehouse_North,379,2
2024-10-08,1,10,Chennai,Medicines,257,200,Warehouse_West,482,2
2024-10-08,1,10,Pune,Electronics,82,8500,Warehouse_North,215,1
2024-10-08,1,10,Pune,Groceries,384,150,Warehouse_West,980,1
2024-10-08,1,10,Pune,Clothing,146,800,Warehouse_West,939,3
2024-10-08,1,10,Pune,Furniture,38,12000,Warehouse_South,471,3
2024-10-08,1,10,Pune,Medicines,285,200,Warehouse_West,733,4
2024-10-08,1,10,Hyderabad,Electronics,83,8500,Warehouse_West,371,3
2024-10-08,1,10,Hyderabad,Groceries,352,150,Warehouse_North,566,4
2024-10-08,1,10,Hyderabad,Clothing,135,800,Warehouse_North,639,3
2024-10-08,1,10,Hyderabad,Furniture,35,12000,Warehouse_North,294,1
2024-10-08,1,10,Hyderabad,Medicines,284,200,Warehouse_South,367,3
2024-10-09,2,10,Mumbai,Electronics,120,8500,Warehouse_West,721,1
2024-10-09,2,10,Mumbai,Groceries,520,150,Warehouse_South,566,4
2024-10-09,2,10,Mumbai,Clothing,219,800,Warehouse_North,940,3
2024-10-09,2,10,Mumbai,Furniture,54,12000,Warehouse_West,305,3
2024-10-09,2,10,Mumbai,Medicines,427,200,Warehouse_North,407,1
2024-10-09,2,10,Delhi,Electronics,123,8500,Warehouse_South,537,3
2024-10-09,2,10,Delhi,Groceries,439,150,Warehouse_South,704,3
2024-10-09,2,10,Delhi,Clothing,192,800,Warehouse_North,997,3
2024-10-09,2,10,Delhi,Furniture,47,12000,Warehouse_North,593,3
2024-10-09,2,10,Delhi,Medicines,379,200,Warehouse_North,654,2
2024-10-09,2,10,Bangalore,Electronics,94,8500,Warehouse_South,853,1
2024-10-09,2,10,Bangalore,Groceries,441,150,Warehouse_North,729,3
2024-10-09,2,10,Bangalore,Clothing,194,800,Warehouse_South,615,4
2024-10-09,2,10,Bangalore,Furniture,53,12000,Warehouse_North,886,4
2024-10-09,2,10,Bangalore,Medicines,374,200,Warehouse_South,268,4
2024-10-09,2,10,Chennai,Electronics,85,8500,Warehouse_West,552,1
2024-10-09,2,10,Chennai,Groceries,458,150,Warehouse_South,542,3
2024-10-09,2,10,Chennai,Clothing,151,800,Warehouse_North,207,4
2024-10-09,2,10,Chennai,Furniture,36,12000,Warehouse_West,571,4
2024-10-09,2,10,Chennai,Medicines,288,200,Warehouse_North,365,2
2024-10-09,2,10,Pune,Electronics,83,8500,Warehouse_West,484,1
2024-10-09,2,10,Pune,Groceries,358,150,Warehouse_West,282,4
2024-10-09,2,10,Pune,Clothing,141,800,Warehouse_North,679,1
2024-10-09,2,10,Pune,Furniture,37,12000,Warehouse_South,559,2
2024-10-09,2,10,Pune,Medicines,254,200,Warehouse_South,870,1
2024-10-09,2,10,Hyderabad,Electronics,79,8500,Warehouse_West,425,3
2024-10-09,2,10,Hyderabad,Groceries,390,150,Warehouse_South,932,3
2024-10-09,2,10,Hyderabad,Clothing,135,800,Warehouse_North,900,3
2024-10-09,2,10,Hyderabad,Furniture,33,12000,Warehouse_North,642,4
2024-10-09,2,10,Hyderabad,Medicines,262,200,Warehouse_South,746,2
2024-10-10,3,10,Mumbai,Electronics,111,8500,Warehouse_West,863,2
2024-10-10,3,10,Mumbai,Groceries,588,150,Warehouse_West,749,4
2024-10-10,3,10,Mumbai,Clothing,224,800,Warehouse_West,710,2
2024-10-10,3,10,Mumbai,Furniture,49,12000,Warehouse_North,887,3
2024-10-10,3,10,Mumbai,Medicines,439,200,Warehouse_West,441,4
2024-10-10,3,10,Delhi,Electronics,109,8500,Warehouse_West,932,3
2024-10-10,3,10,Delhi,Groceries,460,150,Warehouse_West,276,4
2024-10-10,3,10,Delhi,Clothing,198,800,Warehouse_South,211,3
2024-10-10,3,10,Delhi,Furniture,44,12000,Warehouse_North,406,1
2024-10-10,3,10,Delhi,Medicines,408,200,Warehouse_North,510,4
2024-10-10,3,10,Bangalore,Electronics,105,8500,Warehouse_West,776,4
2024-10-10,3,10,Bangalore,Groceries,470,150,Warehouse_West,655,1
2024-10-10,3,10,Bangalore,Clothing,182,800,Warehouse_West,946,2
2024-10-10,3,10,Bangalore,Furniture,45,12000,Warehouse_West,347,1
2024-10-10,3,10,Bangalore,Medicines,366,200,Warehouse_West,518,3
2024-10-10,3,10,Chennai,Electronics,83,8500,Warehouse_North,230,2
2024-10-10,3,10,Chennai,Groceries,402,150,Warehouse_West,428,1
2024-10-10,3,10,Chennai,Clothing,159,800,Warehouse_West,541,4
2024-10-10,3,10,Chennai,Furniture,39,12000,Warehouse_South,550,1
2024-10-10,3,10,Chennai,Medicines,240,200,Warehouse_West,594,3
2024-10-10,3,10,Pune,Electronics,79,8500,Warehouse_South,979,3
2024-10-10,3,10,Pune,Groceries,308,150,Warehouse_North,814,4
2024-10-10,3,10,Pune,Clothing,134,800,Warehouse_West,282,4
2024-10-10,3,10,Pune,Furniture,35,12000,Warehouse_South,998,1
2024-10-10,3,10,Pune,Medicines,273,200,Warehouse_West,576,1
2024-10-10,3,10,Hyderabad,Electronics,86,8500,Warehouse_West,331,2
2024-10-10,3,10,Hyderabad,Groceries,361,150,Warehouse_South,565,2
2024-10-10,3,10,Hyderabad,Clothing,147,800,Warehouse_West,933,2
2024-10-10,3,10,Hyderabad,Furniture,36,12000,Warehouse_North,430,3
2024-10-10,3,10,Hyderabad,Medicines,239,200,Warehouse_South,344,3
2024-10-11,4,10,Mumbai,Electronics,126,8500,Warehouse_South,210,4
2024-10-11,4,10,Mumbai,Groceries,551,150,Warehouse_West,594,1
2024-10-11,4,10,Mumbai,Clothing,206,800,Warehouse_South,772,4
2024-10-11,4,10,Mumbai,Furniture,58,12000,Warehouse_South,760,3
2024-10-11,4,10,Mumbai,Medicines,401,200,Warehouse_West,990,3
2024-10-11,4,10,Delhi,Electronics,115,8500,Warehouse_South,708,4
2024-10-11,4,10,Delhi,Groceries,481,150,Warehouse_North,281,3
2024-10-11,4,10,Delhi,Clothing,226,800,Warehouse_West,694,2
2024-10-11,4,10,Delhi,Furniture,47,12000,Warehouse_South,633,2
2024-10-11,4,10,Delhi,Medicines,351,200,Warehouse_West,831,4
2024-10-11,4,10,Bangalore,Electronics,108,8500,Warehouse_South,723,4
2024-10-11,4,10,Bangalore,Groceries,479,150,Warehouse_West,277,2
2024-10-11,4,10,Bangalore,Clothing,177,800,Warehouse_North,426,3
2024-10-11,4,10,Bangalore,Furniture,47,12000,Warehouse_North,993,1
2024-10-11,4,10,Bangalore,Medicines,359,200,Warehouse_West,225,3
2024-10-11,4,10,Chennai,Electronics,99,8500,Warehouse_South,829,1
2024-10-11,4,10,Chennai,Groceries,379,150,Warehouse_West,613,2
2024-10-11,4,10,Chennai,Clothing,158,800,Warehouse_North,479,2
2024-10-11,4,10,Chennai,Furniture,41,12000,Warehouse_West,719,3
2024-10-11,4,10,Chennai,Medicines,263,200,Warehouse_South,630,3
2024-10-11,4,10,Pune,Electronics,89,8500,Warehouse_North,534,3
2024-10-11,4,10,Pune,Groceries,349,150,Warehouse_West,335,2
2024-10-11,4,10,Pune,Clothing,145,800,Warehouse_West,724,2
2024-10-11,4,10,Pune,Furniture,35,12000,Warehouse_North,531,3
2024-10-11,4,10,Pune,Medicines,223,200,Warehouse_West,489,2
2024-10-11,4,10,Hyderabad,Electronics,89,8500,Warehouse_West,766,2
2024-10-11,4,10,Hyderabad,Groceries,446,150,Warehouse_North,610,3
2024-10-11,4,10,Hyderabad,Clothing,165,800,Warehouse_South,316,2
2024-10-11,4,10,Hyderabad,Furniture,34,12000,Warehouse_West,350,4
2024-10-11,4,10,Hyderabad,Medicines,278,200,Warehouse_North,954,2
2024-10-12,5,10,Mumbai,Electronics,153,8500,Warehouse_North,354,4
2024-10-12,5,10,Mumbai,Groceries,738,150,Warehouse_North,455,2
2024-10-12,5,10,Mumbai,Clothing,300,800,Warehouse_North,577,2
2024-10-12,5,10,Mumbai,Furniture,77,12000,Warehouse_South,740,3
2024-10-12,5,10,Mumbai,Medicines,560,200,Warehouse_North,944,4
2024-10-12,5,10,Delhi,Electronics,163,8500,Warehouse_North,984,3
2024-10-12,5,10,Delhi,Groceries,661,150,Warehouse_North,336,1
2024-10-12,5,10,Delhi,Clothing,276,800,Warehouse_West,818,4
2024-10-12,5,10,Delhi,Furniture,62,12000,Warehouse_South,702,1
2024-10-12,5,10,Delhi,Medicines,501,200,Warehouse_South,379,1
2024-10-12,5,10,Bangalore,Electronics,153,8500,Warehouse_South,275,3
2024-10-12,5,10,Bangalore,Groceries,618,150,Warehouse_West,819,1
2024-10-12,5,10,Bangalore,Clothing,271,800,Warehouse_South,325,1
2024-10-12,5,10,Bangalore,Furniture,64,12000,Warehouse_South,439,3
2024-10-12,5,10,Bangalore,Medicines,527,200,Warehouse_North,785,1
2024-10-12,5,10,Chennai,Electronics,122,8500,Warehouse_West,988,4
2024-10-12,5,10,Chennai,Groceries,547,150,Warehouse_North,820,1
2024-10-12,5,10,Chennai,Clothing,234,800,Warehouse_West,313,1
2024-10-12,5,10,Chennai,Furniture,53,12000,Warehouse_North,473,2
2024-10-12,5,10,Chennai,Medicines,444,200,Warehouse_North,316,2
2024-10-12,5,10,Pune,Electronics,112,8500,Warehouse_West,444,1
2024-10-12,5,10,Pune,Groceries,547,150,Warehouse_South,848,4
2024-10-12,5,10,Pune,Clothing,220,800,Warehouse_South,327,4
2024-10-12,5,10,Pune,Furniture,53,12000,Warehouse_North,910,4
2024-10-12,5,10,Pune,Medicines,413,200,Warehouse_West,913,3
2024-10-12,5,10,Hyderabad,Electronics,104,8500,Warehouse_North,756,1
2024-10-12,5,10,Hyderabad,Groceries,522,150,Warehouse_West,937,4
2024-10-12,5,10,Hyderabad,Clothing,202,800,Warehouse_West,396,3
2024-10-12,5,10,Hyderabad,Furniture,45,12000,Warehouse_South,806,4
2024-10-12,5,10,Hyderabad,Medicines,354,200,Warehouse_West,512,4
2024-10-13,6,10,Mumbai,Electronics,166,8500,Warehouse_South,306,2
2024-10-13,6,10,Mumbai,Groceries,698,150,Warehouse_South,692,3
2024-10-13,6,10,Mumbai,Clothing,305,800,Warehouse_West,632,4
2024-10-13,6,10,Mumbai,Furniture,80,12000,Warehouse_West,316,3
2024-10-13,6,10,Mumbai,Medicines,538,200,Warehouse_North,852,2
2024-10-13,6,10,Delhi,Electronics,156,8500,Warehouse_South,269,3
2024-10-13,6,10,Delhi,Groceries,710,150,Warehouse_West,264,3
2024-10-13,6,10,Delhi,Clothing,277,800,Warehouse_South,207,3
2024-10-13,6,10,Delhi,Furniture,77,12000,Warehouse_West,354,2
2024-10-13,6,10,Delhi,Medicines,534,200,Warehouse_West,578,3
2024-10-13,6,10,Bangalore,Electronics,128,8500,Warehouse_West,218,1
2024-10-13,6,10,Bangalore,Groceries,652,150,Warehouse_West,727,1
2024-10-13,6,10,Bangalore,Clothing,270,800,Warehouse_North,824,3
2024-10-13,6,10,Bangalore,Furniture,70,12000,Warehouse_North,558,3
2024-10-13,6,10,Bangalore,Medicines,471,200,Warehouse_South,464,3
2024-10-13,6,10,Chennai,Electronics,123,8500,Warehouse_South,969,3
2024-10-13,6,10,Chennai,Groceries,520,150,Warehouse_South,271,4
2024-10-13,6,10,Chennai,Clothing,212,800,Warehouse_North,494,3
2024-10-13,6,10,Chennai,Furniture,54,12000,Warehouse_North,510,4
2024-10-13,6,10,Chennai,Medicines,381,200,Warehouse_South,991,3
2024-10-13,6,10,Pune,Electronics,115,8500,Warehouse_North,570,3
2024-10-13,6,10,Pune,Groceries,532,150,Warehouse_North,706,4
2024-10-13,6,10,Pune,Clothing,208,800,Warehouse_North,551,4
2024-10-13,6,10,Pune,Furniture,51,12000,Warehouse_West,812,3
2024-10-13,6,10,Pune,Medicines,390,200,Warehouse_West,648,2
2024-10-13,6,10,Hyderabad,Electronics,106,8500,Warehouse_North,860,1
2024-10-13,6,10,Hyderabad,Groceries,463,150,Warehouse_South,678,3
2024-10-13,6,10,Hyderabad,Clothing,198,800,Warehouse_West,423,1
2024-10-13,6,10,Hyderabad,Furniture,49,12000,Warehouse_South,313,4
2024-10-13,6,10,Hyderabad,Medicines,363,200,Warehouse_North,958,2
2024-10-14,0,10,Mumbai,Electronics,112,8500,Warehouse_South,326,2
2024-10-14,0,10,Mumbai,Groceries,516,150,Warehouse_West,885,1
2024-10-14,0,10,Mumbai,Clothing,205,800,Warehouse_West,443,4
2024-10-14,0,10,Mumbai,Furniture,50,12000,Warehouse_South,432,2
2024-10-14,0,10,Mumbai,Medicines,419,200,Warehouse_West,617,4
2024-10-14,0,10,Delhi,Electronics,105,8500,Warehouse_South,476,2
2024-10-14,0,10,Delhi,Groceries,484,150,Warehouse_North,397,2
2024-10-14,0,10,Delhi,Clothing,190,800,Warehouse_North,879,4
2024-10-14,0,10,Delhi,Furniture,55,12000,Warehouse_South,635,2
2024-10-14,0,10,Delhi,Medicines,369,200,Warehouse_North,773,2
2024-10-14,0,10,Bangalore,Electronics,112,8500,Warehouse_West,960,4
2024-10-14,0,10,Bangalore,Groceries,475,150,Warehouse_South,621,2
2024-10-14,0,10,Bangalore,Clothing,211,800,Warehouse_North,432,4
2024-10-14,0,10,Bangalore,Furniture,47,12000,Warehouse_North,716,1
2024-10-14,0,10,Bangalore,Medicines,371,200,Warehouse_South,635,3
2024-10-14,0,10,Chennai,Electronics,100,8500,Warehouse_South,971,2
2024-10-14,0,10,Chennai,Groceries,384,150,Warehouse_South,457,2
2024-10-14,0,10,Chennai,Clothing,171,800,Warehouse_South,633,1
2024-10-14,0,10,Chennai,Furniture,40,12000,Warehouse_West,541,3
2024-10-14,0,10,Chennai,Medicines,276,200,Warehouse_South,827,3
2024-10-14,0,10,Pune,Electronics,82,8500,Warehouse_West,376,3
2024-10-14,0,10,Pune,Groceries,330,150,Warehouse_South,556,3
2024-10-14,0,10,Pune,Clothing,138,800,Warehouse_South,209,2
2024-10-14,0,10,Pune,Furniture,35,12000,Warehouse_West,913,3
2024-10-14,0,10,Pune,Medicines,249,200,Warehouse_South,419,2
2024-10-14,0,10,Hyderabad,Electronics,80,8500,Warehouse_North,976,1
2024-10-14,0,10,Hyderabad,Groceries,380,150,Warehouse_South,910,2
2024-10-14,0,10,Hyderabad,Clothing,155,800,Warehouse_North,709,4
2024-10-14,0,10,Hyderabad,Furniture,38,12000,Warehouse_South,948,1
2024-10-14,0,10,Hyderabad,Medicines,268,200,Warehouse_South,379,3
2024-10-15,1,10,Mumbai,Electronics,136,8500,Warehouse_North,943,3
2024-10-15,1,10,Mumbai,Groceries,523,150,Warehouse_North,860,1
2024-10-15,1,10,Mumbai,Clothing,228,800,Warehouse_North,560,1
2024-10-15,1,10,Mumbai,Furniture,54,12000,Warehouse_West,481,2
2024-10-15,1,10,Mumbai,Medicines,423,200,Warehouse_North,767,1
2024-10-15,1,10,Delhi,Electronics,110,8500,Warehouse_South,267,2
2024-10-15,1,10,Delhi,Groceries,481,150,Warehouse_South,878,4
2024-10-15,1,10,Delhi,Clothing,211,800,Warehouse_South,248,1
2024-10-15,1,10,Delhi,Furniture,53,12000,Warehouse_South,321,4
2024-10-15,1,10,Delhi,Medicines,333,200,Warehouse_North,465,4
2024-10-15,1,10,Bangalore,Electronics,91,8500,Warehouse_South,234,4
2024-10-15,1,10,Bangalore,Groceries,476,150,Warehouse_South,261,4
2024-10-15,1,10,Bangalore,Clothing,185,800,Warehouse_West,558,3
2024-10-15,1,10,Bangalore,Furniture,47,12000,Warehouse_South,950,4
2024-10-15,1,10,Bangalore,Medicines,290,200,Warehouse_West,650,4
2024-10-15,1,10,Chennai,Electronics,87,8500,Warehouse_North,765,4
2024-10-15,1,10,Chennai,Groceries,411,150,Warehouse_West,607,1
2024-10-15,1,10,Chennai,Clothing,157,800,Warehouse_South,573,1
2024-10-15,1,10,Chennai,Furniture,38,12000,Warehouse_South,614,2
2024-10-15,1,10,Chennai,Medicines,279,200,Warehouse_West,749,1
2024-10-15,1,10,Pune,Electronics,86,8500,Warehouse_North,351,2
2024-10-15,1,10,Pune,Groceries,345,150,Warehouse_South,626,1
2024-10-15,1,10,Pune,Clothing,149,800,Warehouse_South,941,4
2024-10-15,1,10,Pune,Furniture,40,12000,Warehouse_West,721,2
2024-10-15,1,10,Pune,Medicines,276,200,Warehouse_South,608,3
2024-10-15,1,10,Hyderabad,Electronics,79,8500,Warehouse_South,444,3
2024-10-15,1,10,Hyderabad,Groceries,353,150,Warehouse_South,770,4
2024-10-15,1,10,Hyderabad,Clothing,150,800,Warehouse_South,359,3
2024-10-15,1,10,Hyderabad,Furniture,36,12000,Warehouse_North,205,4
2024-10-15,1,10,Hyderabad,Medicines,219,200,Warehouse_North,283,2
2024-10-16,2,10,Mumbai,Electronics,118,8500,Warehouse_North,729,4
2024-10-16,2,10,Mumbai,Groceries,553,150,Warehouse_West,281,3
2024-10-16,2,10,Mumbai,Clothing,219,800,Warehouse_North,842,3
2024-10-16,2,10,Mumbai,Furniture,52,12000,Warehouse_South,912,3
2024-10-16,2,10,Mumbai,Medicines,428,200,Warehouse_West,804,1
2024-10-16,2,10,Delhi,Electronics,119,8500,Warehouse_West,495,3
2024-10-16,2,10,Delhi,Groceries,465,150,Warehouse_South,231,3
2024-10-16,2,10,Delhi,Clothing,213,800,Warehouse_West,504,1
2024-10-16,2,10,Delhi,Furniture,47,12000,Warehouse_South,932,2
2024-10-16,2,10,Delhi,Medicines,377,200,Warehouse_South,989,3
2024-10-16,2,10,Bangalore,Electronics,105,8500,Warehouse_South,794,1
2024-10-16,2,10,Bangalore,Groceries,464,150,Warehouse_North,596,4
2024-10-16,2,10,Bangalore,Clothing,189,800,Warehouse_North,815,4
2024-10-16,2,10,Bangalore,Furniture,45,12000,Warehouse_South,734,2
2024-10-16,2,10,Bangalore,Medicines,309,200,Warehouse_North,832,2
2024-10-16,2,10,Chennai,Electronics,76,8500,Warehouse_North,349,1
2024-10-16,2,10,Chennai,Groceries,354,150,Warehouse_West,381,2
2024-10-16,2,10,Chennai,Clothing,165,800,Warehouse_South,725,2
2024-10-16,2,10,Chennai,Furniture,37,12000,Warehouse_South,499,1
2024-10-16,2,10,Chennai,Medicines,311,200,Warehouse_North,934,2
2024-10-16,2,10,Pune,Electronics,91,8500,Warehouse_South,963,3
2024-10-16,2,10,Pune,Groceries,376,150,Warehouse_North,554,3
2024-10-16,2,10,Pune,Clothing,151,800,Warehouse_West,646,3
2024-10-16,2,10,Pune,Furniture,36,12000,Warehouse_West,980,3
2024-10-16,2,10,Pune,Medicines,293,200,Warehouse_West,608,1
2024-10-16,2,10,Hyderabad,Electronics,78,8500,Warehouse_South,837,3
2024-10-16,2,10,Hyderabad,Groceries,370,150,Warehouse_South,221,4
2024-10-16,2,10,Hyderabad,Clothing,155,800,Warehouse_West,974,4
2024-10-16,2,10,Hyderabad,Furniture,41,12000,Warehouse_North,501,2
2024-10-16,2,10,Hyderabad,Medicines,262,200,Warehouse_West,990,1
2024-10-17,3,10,Mumbai,Electronics,123,8500,Warehouse_North,859,4
2024-10-17,3,10,Mumbai,Groceries,522,150,Warehouse_South,458,2
2024-10-17,3,10,Mumbai,Clothing,218,800,Warehouse_West,346,2
2024-10-17,3,10,Mumbai,Furniture,54,12000,Warehouse_West,787,4
2024-10-17,3,10,Mumbai,Medicines,427,200,Warehouse_South,924,1
2024-10-17,3,10,Delhi,Electronics,126,8500,Warehouse_North,436,2
2024-10-17,3,10,Delhi,Groceries,540,150,Warehouse_North,677,1
2024-10-17,3,10,Delhi,Clothing,233,800,Warehouse_South,991,3
2024-10-17,3,10,Delhi,Furniture,54,12000,Warehouse_West,547,1
2024-10-17,3,10,Delhi,Medicines,378,200,Warehouse_West,651,2
2024-10-17,3,10,Bangalore,Electronics,107,8500,Warehouse_North,931,3
2024-10-17,3,10,Bangalore,Groceries,418,150,Warehouse_West,764,2
2024-10-17,3,10,Bangalore,Clothing,185,800,Warehouse_West,447,1
2024-10-17,3,10,Bangalore,Furniture,48,12000,Warehouse_West,648,4
2024-10-17,3,10,Bangalore,Medicines,357,200,Warehouse_South,970,1
2024-10-17,3,10,Chennai,Electronics,81,8500,Warehouse_West,724,3
2024-10-17,3,10,Chennai,Groceries,451,150,Warehouse_North,510,1
2024-10-17,3,10,Chennai,Clothing,141,800,Warehouse_South,906,4
2024-10-17,3,10,Chennai,Furniture,36,12000,Warehouse_North,395,2
2024-10-17,3,10,Chennai,Medicines,300,200,Warehouse_North,763,2
2024-10-17,3,10,Pune,Electronics,87,8500,Warehouse_South,656,2
2024-10-17,3,10,Pune,Groceries,358,150,Warehouse_North,987,1
2024-10-17,3,10,Pune,Clothing,142,800,Warehouse_North,878,3
2024-10-17,3,10,Pune,Furniture,31,12000,Warehouse_South,409,2
2024-10-17,3,10,Pune,Medicines,293,200,Warehouse_North,759,2
2024-10-17,3,10,Hyderabad,Electronics,79,8500,Warehouse_North,925,1
2024-10-17,3,10,Hyderabad,Groceries,364,150,Warehouse_West,905,3
2024-10-17,3,10,Hyderabad,Clothing,136,800,Warehouse_South,843,1
2024-10-17,3,10,Hyderabad,Furniture,39,12000,Warehouse_South,305,2
2024-10-17,3,10,Hyderabad,Medicines,245,200,Warehouse_South,394,4
2024-10-18,4,10,Mumbai,Electronics,114,8500,Warehouse_North,777,3
2024-10-18,4,10,Mumbai,Groceries,569,150,Warehouse_West,778,1
2024-10-18,4,10,Mumbai,Clothing,234,800,Warehouse_North,498,1
2024-10-18,4,10,Mumbai,Furniture,49,12000,Warehouse_South,906,2
2024-10-18,4,10,Mumbai,Medicines,438,200,Warehouse_South,630,2
2024-10-18,4,10,Delhi,Electronics,110,8500,Warehouse_South,295,3
2024-10-18,4,10,Delhi,Groceries,490,150,Warehouse_North,912,3
2024-10-18,4,10,Delhi,Clothing,199,800,Warehouse_South,353,2
2024-10-18,4,10,Delhi,Furniture,48,12000,Warehouse_West,824,3
2024-10-18,4,10,Delhi,Medicines,351,200,Warehouse_South,828,1
2024-10-18,4,10,Bangalore,Electronics,113,8500,Warehouse_West,921,2
2024-10-18,4,10,Bangalore,Groceries,489,150,Warehouse_North,417,2
2024-10-18,4,10,Bangalore,Clothing,193,800,Warehouse_South,609,3
2024-10-18,4,10,Bangalore,Furniture,42,12000,Warehouse_North,724,1
2024-10-18,4,10,Bangalore,Medicines,389,200,Warehouse_North,853,4
2024-10-18,4,10,Chennai,Electronics,96,8500,Warehouse_North,523,3
2024-10-18,4,10,Chennai,Groceries,388,150,Warehouse_South,697,2
2024-10-18,4,10,Chennai,Clothing,144,800,Warehouse_West,859,1
2024-10-18,4,10,Chennai,Furniture,42,12000,Warehouse_West,366,1
2024-10-18,4,10,Chennai,Medicines,350,200,Warehouse_North,687,2
2024-10-18,4,10,Pune,Electronics,80,8500,Warehouse_West,520,3
2024-10-18,4,10,Pune,Groceries,377,150,Warehouse_North,560,3
2024-10-18,4,10,Pune,Clothing,129,800,Warehouse_North,600,3
2024-10-18,4,10,Pune,Furniture,34,12000,Warehouse_West,777,4
2024-10-18,4,10,Pune,Medicines,228,200,Warehouse_South,983,2
2024-10-18,4,10,Hyderabad,Electronics,75,8500,Warehouse_South,827,4
2024-10-18,4,10,Hyderabad,Groceries,366,150,Warehouse_North,206,1
2024-10-18,4,10,Hyderabad,Clothing,146,800,Warehouse_West,864,1
2024-10-18,4,10,Hyderabad,Furniture,36,12000,Warehouse_South,880,2
2024-10-18,4,10,Hyderabad,Medicines,302,200,Warehouse_North,637,2
2024-10-19,5,10,Mumbai,Electronics,166,8500,Warehouse_North,723,3
2024-10-19,5,10,Mumbai,Groceries,770,150,Warehouse_West,396,1
2024-10-19,5,10,Mumbai,Clothing,288,800,Warehouse_South,420,1
2024-10-19,5,10,Mumbai,Furniture,74,12000,Warehouse_South,386,2
2024-10-19,5,10,Mumbai,Medicines,555,200,Warehouse_North,512,3
2024-10-19,5,10,Delhi,Electronics,159,8500,Warehouse_South,267,4
2024-10-19,5,10,Delhi,Groceries,662,150,Warehouse_North,740,1
2024-10-19,5,10,Delhi,Clothing,288,800,Warehouse_South,411,2
2024-10-19,5,10,Delhi,Furniture,73,12000,Warehouse_West,367,3
2024-10-19,5,10,Delhi,Medicines,544,200,Warehouse_North,536,1
2024-10-19,5,10,Bangalore,Electronics,151,8500,Warehouse_West,753,2
2024-10-19,5,10,Bangalore,Groceries,708,150,Warehouse_North,505,4
2024-10-19,5,10,Bangalore,Clothing,243,800,Warehouse_North,384,3
2024-10-19,5,10,Bangalore,Furniture,64,12000,Warehouse_South,445,3
2024-10-19,5,10,Bangalore,Medicines,486,200,Warehouse_North,760,1
2024-10-19,5,10,Chennai,Electronics,126,8500,Warehouse_South,491,1
2024-10-19,5,10,Chennai,Groceries,581,150,Warehouse_North,580,1
2024-10-19,5,10,Chennai,Clothing,232,800,Warehouse_South,542,2
2024-10-19,5,10,Chennai,Furniture,55,12000,Warehouse_South,224,2
2024-10-19,5,10,Chennai,Medicines,406,200,Warehouse_North,294,4
2024-10-19,5,10,Pune,Electronics,116,8500,Warehouse_West,658,1
2024-10-19,5,10,Pune,Groceries,530,150,Warehouse_North,537,3
2024-10-19,5,10,Pune,Clothing,183,800,Warehouse_West,544,4
2024-10-19,5,10,Pune,Furniture,47,12000,Warehouse_West,723,3
2024-10-19,5,10,Pune,Medicines,386,200,Warehouse_North,666,3
2024-10-19,5,10,Hyderabad,Electronics,98,8500,Warehouse_South,740,4
2024-10-19,5,10,Hyderabad,Groceries,539,150,Warehouse_West,286,2
2024-10-19,5,10,Hyderabad,Clothing,192,800,Warehouse_South,385,4
2024-10-19,5,10,Hyderabad,Furniture,52,12000,Warehouse_North,399,4
2024-10-19,5,10,Hyderabad,Medicines,407,200,Warehouse_North,707,1
2024-10-20,6,10,Mumbai,Electronics,175,8500,Warehouse_West,356,1
2024-10-20,6,10,Mumbai,Groceries,708,150,Warehouse_South,978,1
2024-10-20,6,10,Mumbai,Clothing,297,800,Warehouse_South,655,4
2024-10-20,6,10,Mumbai,Furniture,79,12000,Warehouse_South,745,4
2024-10-20,6,10,Mumbai,Medicines,554,200,Warehouse_South,558,1
2024-10-20,6,10,Delhi,Electronics,151,8500,Warehouse_North,799,2
2024-10-20,6,10,Delhi,Groceries,684,150,Warehouse_North,498,3
2024-10-20,6,10,Delhi,Clothing,270,800,Warehouse_North,272,2
2024-10-20,6,10,Delhi,Furniture,76,12000,Warehouse_West,931,1
2024-10-20,6,10,Delhi,Medicines,538,200,Warehouse_North,534,2
2024-10-20,6,10,Bangalore,Electronics,145,8500,Warehouse_North,291,3
2024-10-20,6,10,Bangalore,Groceries,652,150,Warehouse_North,520,1
2024-10-20,6,10,Bangalore,Clothing,268,800,Warehouse_North,485,1
2024-10-20,6,10,Bangalore,Furniture,67,12000,Warehouse_North,794,2
2024-10-20,6,10,Bangalore,Medicines,466,200,Warehouse_West,418,1
2024-10-20,6,10,Chennai,Electronics,123,8500,Warehouse_West,417,2
2024-10-20,6,10,Chennai,Groceries,580,150,Warehouse_South,209,2
2024-10-20,6,10,Chennai,Clothing,231,800,Warehouse_West,484,1
2024-10-20,6,10,Chennai,Furniture,52,12000,Warehouse_North,345,3
2024-10-20,6,10,Chennai,Medicines,431,200,Warehouse_West,835,4
2024-10-20,6,10,Pune,Electronics,114,8500,Warehouse_North,541,1
2024-10-20,6,10,Pune,Groceries,527,150,Warehouse_South,885,3
2024-10-20,6,10,Pune,Clothing,207,800,Warehouse_South,436,3
2024-10-20,6,10,Pune,Furniture,51,12000,Warehouse_West,365,2
2024-10-20,6,10,Pune,Medicines,389,200,Warehouse_West,968,1
2024-10-20,6,10,Hyderabad,Electronics,115,8500,Warehouse_South,432,1
2024-10-20,6,10,Hyderabad,Groceries,515,150,Warehouse_South,921,2
2024-10-20,6,10,Hyderabad,Clothing,198,800,Warehouse_North,271,2
2024-10-20,6,10,Hyderabad,Furniture,54,12000,Warehouse_West,465,4
2024-10-20,6,10,Hyderabad,Medicines,377,200,Warehouse_West,474,1
2024-10-21,0,10,Mumbai,Electronics,124,8500,Warehouse_South,599,2
2024-10-21,0,10,Mumbai,Groceries,545,150,Warehouse_North,803,4
2024-10-21,0,10,Mumbai,Clothing,236,800,Warehouse_North,708,1
2024-10-21,0,10,Mumbai,Furniture,51,12000,Warehouse_South,837,2
2024-10-21,0,10,Mumbai,Medicines,407,200,Warehouse_West,589,2
2024-10-21,0,10,Delhi,Electronics,112,8500,Warehouse_South,287,1
2024-10-21,0,10,Delhi,Groceries,537,150,Warehouse_North,576,1
2024-10-21,0,10,Delhi,Clothing,206,800,Warehouse_North,528,2
2024-10-21,0,10,Delhi,Furniture,54,12000,Warehouse_North,508,2
2024-10-21,0,10,Delhi,Medicines,346,200,Warehouse_South,843,2
2024-10-21,0,10,Bangalore,Electronics,103,8500,Warehouse_South,789,4
2024-10-21,0,10,Bangalore,Groceries,545,150,Warehouse_West,856,1
2024-10-21,0,10,Bangalore,Clothing,177,800,Warehouse_South,347,4
2024-10-21,0,10,Bangalore,Furniture,46,12000,Warehouse_North,615,1
2024-10-21,0,10,Bangalore,Medicines,338,200,Warehouse_West,354,2
2024-10-21,0,10,Chennai,Electronics,96,8500,Warehouse_West,884,2
2024-10-21,0,10,Chennai,Groceries,380,150,Warehouse_North,803,3
2024-10-21,0,10,Chennai,Clothing,162,800,Warehouse_South,672,3
2024-10-21,0,10,Chennai,Furniture,42,12000,Warehouse_West,908,4
2024-10-21,0,10,Chennai,Medicines,311,200,Warehouse_South,583,2
2024-10-21,0,10,Pune,Electronics,72,8500,Warehouse_North,617,3
2024-10-21,0,10,Pune,Groceries,349,150,Warehouse_North,308,1
2024-10-21,0,10,Pune,Clothing,138,800,Warehouse_North,270,1
2024-10-21,0,10,Pune,Furniture,35,12000,Warehouse_South,700,1
2024-10-21,0,10,Pune,Medicines,271,200,Warehouse_North,963,4
2024-10-21,0,10,Hyderabad,Electronics,75,8500,Warehouse_West,528,2
2024-10-21,0,10,Hyderabad,Groceries,350,150,Warehouse_South,994,4
2024-10-21,0,10,Hyderabad,Clothing,151,800,Warehouse_West,230,3
2024-10-21,0,10,Hyderabad,Furniture,30,12000,Warehouse_West,485,3
2024-10-21,0,10,Hyderabad,Medicines,299,200,Warehouse_South,754,1
2024-10-22,1,10,Mumbai,Electronics,117,8500,Warehouse_West,369,3
2024-10-22,1,10,Mumbai,Groceries,509,150,Warehouse_West,545,2
2024-10-22,1,10,Mumbai,Clothing,206,800,Warehouse_North,788,1
2024-10-22,1,10,Mumbai,Furniture,50,12000,Warehouse_South,764,4
2024-10-22,1,10,Mumbai,Medicines,389,200,Warehouse_North,799,2
2024-10-22,1,10,Delhi,Electronics,117,8500,Warehouse_South,466,1
2024-10-22,1,10,Delhi,Groceries,512,150,Warehouse_South,951,2
2024-10-22,1,10,Delhi,Clothing,201,800,Warehouse_North,545,4
2024-10-22,1,10,Delhi,Furniture,47,12000,Warehouse_West,585,4
2024-10-22,1,10,Delhi,Medicines,385,200,Warehouse_West,635,3
2024-10-22,1,10,Bangalore,Electronics,104,8500,Warehouse_North,713,3
2024-10-22,1,10,Bangalore,Groceries,447,150,Warehouse_South,569,3
2024-10-22,1,10,Bangalore,Clothing,186,800,Warehouse_North,641,4
2024-10-22,1,10,Bangalore,Furniture,39,12000,Warehouse_South,864,3
2024-10-22,1,10,Bangalore,Medicines,326,200,Warehouse_South,832,1
2024-10-22,1,10,Chennai,Electronics,99,8500,Warehouse_North,615,3
2024-10-22,1,10,Chennai,Groceries,422,150,Warehouse_North,590,2
2024-10-22,1,10,Chennai,Clothing,167,800,Warehouse_South,892,3
2024-10-22,1,10,Chennai,Furniture,41,12000,Warehouse_South,942,1
2024-10-22,1,10,Chennai,Medicines,244,200,Warehouse_West,685,3
2024-10-22,1,10,Pune,Electronics,73,8500,Warehouse_West,689,4
2024-10-22,1,10,Pune,Groceries,355,150,Warehouse_North,810,3
2024-10-22,1,10,Pune,Clothing,148,800,Warehouse_South,990,3
2024-10-22,1,10,Pune,Furniture,38,12000,Warehouse_North,321,3
2024-10-22,1,10,Pune,Medicines,311,200,Warehouse_South,266,2
2024-10-22,1,10,Hyderabad,Electronics,64,8500,Warehouse_South,466,4
2024-10-22,1,10,Hyderabad,Groceries,353,150,Warehouse_West,689,1
2024-10-22,1,10,Hyderabad,Clothing,161,800,Warehouse_North,579,4
2024-10-22,1,10,Hyderabad,Furniture,34,12000,Warehouse_North,530,2
2024-10-22,1,10,Hyderabad,Medicines,251,200,Warehouse_West,386,2
2024-10-23,2,10,Mumbai,Electronics,115,8500,Warehouse_North,722,3
2024-10-23,2,10,Mumbai,Groceries,512,150,Warehouse_South,310,4
2024-10-23,2,10,Mumbai,Clothing,216,800,Warehouse_North,672,3
2024-10-23,2,10,Mumbai,Furniture,56,12000,Warehouse_West,451,4
2024-10-23,2,10,Mumbai,Medicines,394,200,Warehouse_South,892,2
2024-10-23,2,10,Delhi,Electronics,127,8500,Warehouse_North,983,4
2024-10-23,2,10,Delhi,Groceries,466,150,Warehouse_West,265,4
2024-10-23,2,10,Delhi,Clothing,214,800,Warehouse_West,820,2
2024-10-23,2,10,Delhi,Furniture,54,12000,Warehouse_West,459,4
2024-10-23,2,10,Delhi,Medicines,354,200,Warehouse_North,219,3
2024-10-23,2,10,Bangalore,Electronics,105,8500,Warehouse_South,484,4
2024-10-23,2,10,Bangalore,Groceries,444,150,Warehouse_North,228,3
2024-10-23,2,10,Bangalore,Clothing,179,800,Warehouse_North,444,2
2024-10-23,2,10,Bangalore,Furniture,43,12000,Warehouse_North,648,2
2024-10-23,2,10,Bangalore,Medicines,347,200,Warehouse_West,742,4
2024-10-23,2,10,Chennai,Electronics,87,8500,Warehouse_West,720,2
2024-10-23,2,10,Chennai,Groceries,373,150,Warehouse_North,776,4
2024-10-23,2,10,Chennai,Clothing,164,800,Warehouse_South,832,1
2024-10-23,2,10,Chennai,Furniture,40,12000,Warehouse_West,890,2
2024-10-23,2,10,Chennai,Medicines,319,200,Warehouse_South,623,1
2024-10-23,2,10,Pune,Electronics,78,8500,Warehouse_North,290,2
2024-10-23,2,10,Pune,Groceries,394,150,Warehouse_North,236,1
2024-10-23,2,10,Pune,Clothing,155,800,Warehouse_South,461,4
2024-10-23,2,10,Pune,Furniture,36,12000,Warehouse_West,694,3
2024-10-23,2,10,Pune,Medicines,251,200,Warehouse_West,977,3
2024-10-23,2,10,Hyderabad,Electronics,89,8500,Warehouse_West,645,1
2024-10-23,2,10,Hyderabad,Groceries,363,150,Warehouse_West,872,3
2024-10-23,2,10,Hyderabad,Clothing,169,800,Warehouse_North,851,1
2024-10-23,2,10,Hyderabad,Furniture,32,12000,Warehouse_West,523,1
2024-10-23,2,10,Hyderabad,Medicines,316,200,Warehouse_South,664,3
2024-10-24,3,10,Mumbai,Electronics,120,8500,Warehouse_South,393,2
2024-10-24,3,10,Mumbai,Groceries,550,150,Warehouse_North,210,1
2024-10-24,3,10,Mumbai,Clothing,222,800,Warehouse_North,745,4
2024-10-24,3,10,Mumbai,Furniture,55,12000,Warehouse_South,461,2
2024-10-24,3,10,Mumbai,Medicines,429,200,Warehouse_West,289,1
2024-10-24,3,10,Delhi,Electronics,110,8500,Warehouse_North,714,1
2024-10-24,3,10,Delhi,Groceries,435,150,Warehouse_North,860,2
2024-10-24,3,10,Delhi,Clothing,206,800,Warehouse_West,431,3
2024-10-24,3,10,Delhi,Furniture,47,12000,Warehouse_South,477,1
2024-10-24,3,10,Delhi,Medicines,380,200,Warehouse_North,619,4
2024-10-24,3,10,Bangalore,Electronics,113,8500,Warehouse_South,594,1
2024-10-24,3,10,Bangalore,Groceries,484,150,Warehouse_South,665,1
2024-10-24,3,10,Bangalore,Clothing,179,800,Warehouse_South,273,4
2024-10-24,3,10,Bangalore,Furniture,49,12000,Warehouse_North,831,2
2024-10-24,3,10,Bangalore,Medicines,362,200,Warehouse_South,252,1
2024-10-24,3,10,Chennai,Electronics,84,8500,Warehouse_North,751,4
2024-10-24,3,10,Chennai,Groceries,386,150,Warehouse_West,204,1
2024-10-24,3,10,Chennai,Clothing,149,800,Warehouse_North,528,2
2024-10-24,3,10,Chennai,Furniture,41,12000,Warehouse_West,776,3
2024-10-24,3,10,Chennai,Medicines,287,200,Warehouse_West,442,4
2024-10-24,3,10,Pune,Electronics,90,8500,Warehouse_South,433,4
2024-10-24,3,10,Pune,Groceries,357,150,Warehouse_North,694,3
2024-10-24,3,10,Pune,Clothing,149,800,Warehouse_South,294,1
2024-10-24,3,10,Pune,Furniture,32,12000,Warehouse_West,300,4
2024-10-24,3,10,Pune,Medicines,283,200,Warehouse_South,460,3
2024-10-24,3,10,Hyderabad,Electronics,82,8500,Warehouse_South,896,2
2024-10-24,3,10,Hyderabad,Groceries,386,150,Warehouse_West,916,3
2024-10-24,3,10,Hyderabad,Clothing,136,800,Warehouse_South,303,4
2024-10-24,3,10,Hyderabad,Furniture,35,12000,Warehouse_North,922,3
2024-10-24,3,10,Hyderabad,Medicines,262,200,Warehouse_West,287,3
2024-10-25,4,10,Mumbai,Electronics,122,8500,Warehouse_South,494,4
2024-10-25,4,10,Mumbai,Groceries,506,150,Warehouse_North,482,4
2024-10-25,4,10,Mumbai,Clothing,211,800,Warehouse_North,286,2
2024-10-25,4,10,Mumbai,Furniture,57,12000,Warehouse_West,793,4
2024-10-25,4,10,Mumbai,Medicines,450,200,Warehouse_North,362,1
2024-10-25,4,10,Delhi,Electronics,104,8500,Warehouse_North,889,1
2024-10-25,4,10,Delhi,Groceries,475,150,Warehouse_West,686,3
2024-10-25,4,10,Delhi,Clothing,197,800,Warehouse_West,258,1
2024-10-25,4,10,Delhi,Furniture,47,12000,Warehouse_North,771,4
2024-10-25,4,10,Delhi,Medicines,359,200,Warehouse_South,521,2
2024-10-25,4,10,Bangalore,Electronics,93,8500,Warehouse_West,485,2
2024-10-25,4,10,Bangalore,Groceries,498,150,Warehouse_North,591,1
2024-10-25,4,10,Bangalore,Clothing,208,800,Warehouse_West,974,1
2024-10-25,4,10,Bangalore,Furniture,50,12000,Warehouse_South,816,2
2024-10-25,4,10,Bangalore,Medicines,354,200,Warehouse_West,698,4
2024-10-25,4,10,Chennai,Electronics,86,8500,Warehouse_West,317,4
2024-10-25,4,10,Chennai,Groceries,359,150,Warehouse_North,230,3
2024-10-25,4,10,Chennai,Clothing,140,800,Warehouse_West,485,1
2024-10-25,4,10,Chennai,Furniture,47,12000,Warehouse_West,902,1
2024-10-25,4,10,Chennai,Medicines,247,200,Warehouse_West,513,4
2024-10-25,4,10,Pune,Electronics,69,8500,Warehouse_South,672,1
2024-10-25,4,10,Pune,Groceries,383,150,Warehouse_South,424,1
2024-10-25,4,10,Pune,Clothing,119,800,Warehouse_West,497,2
2024-10-25,4,10,Pune,Furniture,38,12000,Warehouse_North,217,3
2024-10-25,4,10,Pune,Medicines,320,200,Warehouse_North,526,4
2024-10-25,4,10,Hyderabad,Electronics,81,8500,Warehouse_West,478,2
2024-10-25,4,10,Hyderabad,Groceries,345,150,Warehouse_South,311,2
2024-10-25,4,10,Hyderabad,Clothing,152,800,Warehouse_North,220,4
2024-10-25,4,10,Hyderabad,Furniture,35,12000,Warehouse_West,915,1
2024-10-25,4,10,Hyderabad,Medicines,236,200,Warehouse_North,384,3
2024-10-26,5,10,Mumbai,Electronics,167,8500,Warehouse_North,775,2
2024-10-26,5,10,Mumbai,Groceries,756,150,Warehouse_South,519,1
2024-10-26,5,10,Mumbai,Clothing,300,800,Warehouse_North,850,1
2024-10-26,5,10,Mumbai,Furniture,76,12000,Warehouse_South,685,2
2024-10-26,5,10,Mumbai,Medicines,609,200,Warehouse_West,990,1
2024-10-26,5,10,Delhi,Electronics,160,8500,Warehouse_South,910,1
2024-10-26,5,10,Delhi,Groceries,713,150,Warehouse_North,454,3
2024-10-26,5,10,Delhi,Clothing,302,800,Warehouse_South,499,2
2024-10-26,5,10,Delhi,Furniture,73,12000,Warehouse_West,506,3
2024-10-26,5,10,Delhi,Medicines,467,200,Warehouse_North,801,2
2024-10-26,5,10,Bangalore,Electronics,134,8500,Warehouse_South,230,2
2024-10-26,5,10,Bangalore,Groceries,649,150,Warehouse_West,828,3
2024-10-26,5,10,Bangalore,Clothing,273,800,Warehouse_North,723,3
2024-10-26,5,10,Bangalore,Furniture,65,12000,Warehouse_North,961,3
2024-10-26,5,10,Bangalore,Medicines,471,200,Warehouse_West,672,4
2024-10-26,5,10,Chennai,Electronics,134,8500,Warehouse_North,419,3
2024-10-26,5,10,Chennai,Groceries,564,150,Warehouse_North,823,4
2024-10-26,5,10,Chennai,Clothing,214,800,Warehouse_North,331,4
2024-10-26,5,10,Chennai,Furniture,52,12000,Warehouse_South,415,4
2024-10-26,5,10,Chennai,Medicines,416,200,Warehouse_West,977,3
2024-10-26,5,10,Pune,Electronics,117,8500,Warehouse_West,531,2
2024-10-26,5,10,Pune,Groceries,488,150,Warehouse_South,718,3
2024-10-26,5,10,Pune,Clothing,191,800,Warehouse_North,492,1
2024-10-26,5,10,Pune,Furniture,53,12000,Warehouse_West,765,2
2024-10-26,5,10,Pune,Medicines,377,200,Warehouse_North,288,3
2024-10-26,5,10,Hyderabad,Electronics,108,8500,Warehouse_West,573,3
2024-10-26,5,10,Hyderabad,Groceries,495,150,Warehouse_South,526,4
2024-10-26,5,10,Hyderabad,Clothing,203,800,Warehouse_North,352,2
2024-10-26,5,10,Hyderabad,Furniture,50,12000,Warehouse_North,334,3
2024-10-26,5,10,Hyderabad,Medicines,393,200,Warehouse_South,627,4
2024-10-27,6,10,Mumbai,Electronics,167,8500,Warehouse_North,577,1
2024-10-27,6,10,Mumbai,Groceries,740,150,Warehouse_North,999,1
2024-10-27,6,10,Mumbai,Clothing,307,800,Warehouse_West,401,4
2024-10-27,6,10,Mumbai,Furniture,71,12000,Warehouse_North,269,4
2024-10-27,6,10,Mumbai,Medicines,594,200,Warehouse_North,553,4
2024-10-27,6,10,Delhi,Electronics,149,8500,Warehouse_South,618,3
2024-10-27,6,10,Delhi,Groceries,664,150,Warehouse_North,494,4
2024-10-27,6,10,Delhi,Clothing,277,800,Warehouse_South,633,1
2024-10-27,6,10,Delhi,Furniture,69,12000,Warehouse_North,801,3
2024-10-27,6,10,Delhi,Medicines,526,200,Warehouse_South,866,3
2024-10-27,6,10,Bangalore,Electronics,152,8500,Warehouse_North,774,1
2024-10-27,6,10,Bangalore,Groceries,672,150,Warehouse_South,222,3
2024-10-27,6,10,Bangalore,Clothing,264,800,Warehouse_South,503,1
2024-10-27,6,10,Bangalore,Furniture,67,12000,Warehouse_West,649,4
2024-10-27,6,10,Bangalore,Medicines,501,200,Warehouse_South,628,4
2024-10-27,6,10,Chennai,Electronics,120,8500,Warehouse_West,790,3
2024-10-27,6,10,Chennai,Groceries,540,150,Warehouse_West,349,2
2024-10-27,6,10,Chennai,Clothing,222,800,Warehouse_North,335,3
2024-10-27,6,10,Chennai,Furniture,57,12000,Warehouse_South,253,4
2024-10-27,6,10,Chennai,Medicines,436,200,Warehouse_South,602,4
2024-10-27,6,10,Pune,Electronics,113,8500,Warehouse_South,853,4
2024-10-27,6,10,Pune,Groceries,473,150,Warehouse_North,297,2
2024-10-27,6,10,Pune,Clothing,218,800,Warehouse_West,865,3
2024-10-27,6,10,Pune,Furniture,45,12000,Warehouse_West,522,3
2024-10-27,6,10,Pune,Medicines,333,200,Warehouse_South,289,3
2024-10-27,6,10,Hyderabad,Electronics,117,8500,Warehouse_North,724,1
2024-10-27,6,10,Hyderabad,Groceries,519,150,Warehouse_South,256,2
2024-10-27,6,10,Hyderabad,Clothing,178,800,Warehouse_South,224,2
2024-10-27,6,10,Hyderabad,Furniture,53,12000,Warehouse_West,936,2
2024-10-27,6,10,Hyderabad,Medicines,382,200,Warehouse_West,382,2
2024-10-28,0,10,Mumbai,Electronics,123,8500,Warehouse_West,222,4
2024-10-28,0,10,Mumbai,Groceries,532,150,Warehouse_South,805,3
2024-10-28,0,10,Mumbai,Clothing,198,800,Warehouse_North,875,2
2024-10-28,0,10,Mumbai,Furniture,52,12000,Warehouse_West,337,3
2024-10-28,0,10,Mumbai,Medicines,402,200,Warehouse_West,896,3
2024-10-28,0,10,Delhi,Electronics,108,8500,Warehouse_North,276,2
2024-10-28,0,10,Delhi,Groceries,526,150,Warehouse_South,206,2
2024-10-28,0,10,Delhi,Clothing,213,800,Warehouse_South,356,2
2024-10-28,0,10,Delhi,Furniture,42,12000,Warehouse_North,480,1
2024-10-28,0,10,Delhi,Medicines,391,200,Warehouse_South,436,1
2024-10-28,0,10,Bangalore,Electronics,112,8500,Warehouse_West,410,1
2024-10-28,0,10,Bangalore,Groceries,476,150,Warehouse_South,970,3
2024-10-28,0,10,Bangalore,Clothing,159,800,Warehouse_North,804,3
2024-10-28,0,10,Bangalore,Furniture,42,12000,Warehouse_North,917,4
2024-10-28,0,10,Bangalore,Medicines,350,200,Warehouse_South,433,4
2024-10-28,0,10,Chennai,Electronics,100,8500,Warehouse_South,777,4
2024-10-28,0,10,Chennai,Groceries,398,150,Warehouse_North,612,2
2024-10-28,0,10,Chennai,Clothing,154,800,Warehouse_West,577,3
2024-10-28,0,10,Chennai,Furniture,38,12000,Warehouse_West,460,4
2024-10-28,0,10,Chennai,Medicines,302,200,Warehouse_South,722,3
2024-10-28,0,10,Pune,Electronics,70,8500,Warehouse_West,605,2
2024-10-28,0,10,Pune,Groceries,332,150,Warehouse_North,735,1
2024-10-28,0,10,Pune,Clothing,143,800,Warehouse_North,463,1
2024-10-28,0,10,Pune,Furniture,34,12000,Warehouse_West,204,1
2024-10-28,0,10,Pune,Medicines,279,200,Warehouse_South,268,4
2024-10-28,0,10,Hyderabad,Electronics,84,8500,Warehouse_South,887,2
2024-10-28,0,10,Hyderabad,Groceries,345,150,Warehouse_West,410,3
2024-10-28,0,10,Hyderabad,Clothing,135,800,Warehouse_West,783,3
2024-10-28,0,10,Hyderabad,Furniture,33,12000,Warehouse_North,328,3
2024-10-28,0,10,Hyderabad,Medicines,292,200,Warehouse_West,959,2
2024-10-29,1,10,Mumbai,Electronics,127,8500,Warehouse_West,950,2
2024-10-29,1,10,Mumbai,Groceries,537,150,Warehouse_West,786,3
2024-10-29,1,10,Mumbai,Clothing,231,800,Warehouse_South,242,4
2024-10-29,1,10,Mumbai,Furniture,50,12000,Warehouse_South,569,4
2024-10-29,1,10,Mumbai,Medicines,425,200,Warehouse_South,802,2
2024-10-29,1,10,Delhi,Electronics,105,8500,Warehouse_South,382,2
2024-10-29,1,10,Delhi,Groceries,538,150,Warehouse_North,624,1
2024-10-29,1,10,Delhi,Clothing,209,800,Warehouse_North,870,3
2024-10-29,1,10,Delhi,Furniture,52,12000,Warehouse_North,388,3
2024-10-29,1,10,Delhi,Medicines,400,200,Warehouse_South,364,4
2024-10-29,1,10,Bangalore,Electronics,98,8500,Warehouse_North,823,3
2024-10-29,1,10,Bangalore,Groceries,473,150,Warehouse_North,393,4
2024-10-29,1,10,Bangalore,Clothing,177,800,Warehouse_North,910,3
2024-10-29,1,10,Bangalore,Furniture,47,12000,Warehouse_North,328,2
2024-10-29,1,10,Bangalore,Medicines,353,200,Warehouse_North,750,4
2024-10-29,1,10,Chennai,Electronics,91,8500,Warehouse_South,664,1
2024-10-29,1,10,Chennai,Groceries,384,150,Warehouse_West,999,1
2024-10-29,1,10,Chennai,Clothing,142,800,Warehouse_West,335,2
2024-10-29,1,10,Chennai,Furniture,39,12000,Warehouse_North,238,2
2024-10-29,1,10,Chennai,Medicines,286,200,Warehouse_South,737,4
2024-10-29,1,10,Pune,Electronics,73,8500,Warehouse_South,970,2
2024-10-29,1,10,Pune,Groceries,404,150,Warehouse_South,948,4
2024-10-29,1,10,Pune,Clothing,143,800,Warehouse_West,575,4
2024-10-29,1,10,Pune,Furniture,35,12000,Warehouse_North,400,2
2024-10-29,1,10,Pune,Medicines,304,200,Warehouse_South,902,4
2024-10-29,1,10,Hyderabad,Electronics,83,8500,Warehouse_South,927,2
2024-10-29,1,10,Hyderabad,Groceries,348,150,Warehouse_North,487,3
2024-10-29,1,10,Hyderabad,Clothing,144,800,Warehouse_North,521,2
2024-10-29,1,10,Hyderabad,Furniture,36,12000,Warehouse_South,662,4
2024-10-29,1,10,Hyderabad,Medicines,268,200,Warehouse_North,924,3
2024-10-30,2,10,Mumbai,Electronics,120,8500,Warehouse_West,857,3
2024-10-30,2,10,Mumbai,Groceries,550,150,Warehouse_South,507,1
2024-10-30,2,10,Mumbai,Clothing,231,800,Warehouse_South,788,2
2024-10-30,2,10,Mumbai,Furniture,55,12000,Warehouse_South,784,3
2024-10-30,2,10,Mumbai,Medicines,446,200,Warehouse_South,797,1
2024-10-30,2,10,Delhi,Electronics,114,8500,Warehouse_South,558,3
2024-10-30,2,10,Delhi,Groceries,521,150,Warehouse_North,239,1
2024-10-30,2,10,Delhi,Clothing,204,800,Warehouse_West,356,4
2024-10-30,2,10,Delhi,Furniture,56,12000,Warehouse_West,999,4
2024-10-30,2,10,Delhi,Medicines,438,200,Warehouse_South,959,2
2024-10-30,2,10,Bangalore,Electronics,94,8500,Warehouse_South,807,4
2024-10-30,2,10,Bangalore,Groceries,484,150,Warehouse_West,313,4
2024-10-30,2,10,Bangalore,Clothing,183,800,Warehouse_North,757,3
2024-10-30,2,10,Bangalore,Furniture,46,12000,Warehouse_North,395,1
2024-10-30,2,10,Bangalore,Medicines,390,200,Warehouse_North,291,4
2024-10-30,2,10,Chennai,Electronics,82,8500,Warehouse_South,434,2
2024-10-30,2,10,Chennai,Groceries,413,150,Warehouse_West,951,2
2024-10-30,2,10,Chennai,Clothing,162,800,Warehouse_South,772,3
2024-10-30,2,10,Chennai,Furniture,43,12000,Warehouse_South,589,2
2024-10-30,2,10,Chennai,Medicines,311,200,Warehouse_North,318,3
2024-10-30,2,10,Pune,Electronics,82,8500,Warehouse_North,976,3
2024-10-30,2,10,Pune,Groceries,321,150,Warehouse_West,713,4
2024-10-30,2,10,Pune,Clothing,163,800,Warehouse_North,417,4
2024-10-30,2,10,Pune,Furniture,38,12000,Warehouse_South,379,1
2024-10-30,2,10,Pune,Medicines,283,200,Warehouse_West,558,3
2024-10-30,2,10,Hyderabad,Electronics,77,8500,Warehouse_West,757,3
2024-10-30,2,10,Hyderabad,Groceries,384,150,Warehouse_South,999,3
2024-10-30,2,10,Hyderabad,Clothing,128,800,Warehouse_North,296,4
2024-10-30,2,10,Hyderabad,Furniture,38,12000,Warehouse_West,798,2
2024-10-30,2,10,Hyderabad,Medicines,271,200,Warehouse_South,628,3
2024-10-31,3,10,Mumbai,Electronics,124,8500,Warehouse_West,943,1
2024-10-31,3,10,Mumbai,Groceries,546,150,Warehouse_North,515,1
2024-10-31,3,10,Mumbai,Clothing,213,800,Warehouse_West,517,2
2024-10-31,3,10,Mumbai,Furniture,55,12000,Warehouse_West,790,1
2024-10-31,3,10,Mumbai,Medicines,424,200,Warehouse_North,446,4
2024-10-31,3,10,Delhi,Electronics,109,8500,Warehouse_West,733,2
2024-10-31,3,10,Delhi,Groceries,515,150,Warehouse_South,264,2
2024-10-31,3,10,Delhi,Clothing,188,800,Warehouse_West,784,3
2024-10-31,3,10,Delhi,Furniture,47,12000,Warehouse_West,422,4
2024-10-31,3,10,Delhi,Medicines,367,200,Warehouse_South,274,2
2024-10-31,3,10,Bangalore,Electronics,106,8500,Warehouse_South,586,4
2024-10-31,3,10,Bangalore,Groceries,468,150,Warehouse_South,508,4
2024-10-31,3,10,Bangalore,Clothing,185,800,Warehouse_South,254,2
2024-10-31,3,10,Bangalore,Furniture,49,12000,Warehouse_West,504,2
2024-10-31,3,10,Bangalore,Medicines,336,200,Warehouse_West,248,4
2024-10-31,3,10,Chennai,Electronics,85,8500,Warehouse_South,347,3
2024-10-31,3,10,Chennai,Groceries,399,150,Warehouse_South,871,3
2024-10-31,3,10,Chennai,Clothing,145,800,Warehouse_South,698,3
2024-10-31,3,10,Chennai,Furniture,39,12000,Warehouse_West,446,4
2024-10-31,3,10,Chennai,Medicines,275,200,Warehouse_West,498,3
2024-10-31,3,10,Pune,Electronics,91,8500,Warehouse_South,337,2
2024-10-31,3,10,Pune,Groceries,359,150,Warehouse_South,849,2
2024-10-31,3,10,Pune,Clothing,151,800,Warehouse_West,951,3
2024-10-31,3,10,Pune,Furniture,32,12000,Warehouse_West,862,4
2024-10-31,3,10,Pune,Medicines,263,200,Warehouse_North,323,4
2024-10-31,3,10,Hyderabad,Electronics,82,8500,Warehouse_West,557,3
2024-10-31,3,10,Hyderabad,Groceries,364,150,Warehouse_South,626,1
2024-10-31,3,10,Hyderabad,Clothing,129,800,Warehouse_West,800,3
2024-10-31,3,10,Hyderabad,Furniture,33,12000,Warehouse_North,686,2
2024-10-31,3,10,Hyderabad,Medicines,262,200,Warehouse_West,847,4
2024-11-01,4,11,Mumbai,Electronics,123,8500,Warehouse_West,754,4
2024-11-01,4,11,Mumbai,Groceries,515,150,Warehouse_South,225,3
2024-11-01,4,11,Mumbai,Clothing,210,800,Warehouse_West,609,4
2024-11-01,4,11,Mumbai,Furniture,56,12000,Warehouse_North,432,3
2024-11-01,4,11,Mumbai,Medicines,407,200,Warehouse_South,721,1
2024-11-01,4,11,Delhi,Electronics,118,8500,Warehouse_South,977,2
2024-11-01,4,11,Delhi,Groceries,488,150,Warehouse_South,953,1
2024-11-01,4,11,Delhi,Clothing,191,800,Warehouse_North,711,2
2024-11-01,4,11,Delhi,Furniture,52,12000,Warehouse_North,316,3
2024-11-01,4,11,Delhi,Medicines,355,200,Warehouse_West,247,4
2024-11-01,4,11,Bangalore,Electronics,107,8500,Warehouse_North,289,4
2024-11-01,4,11,Bangalore,Groceries,473,150,Warehouse_South,379,1
2024-11-01,4,11,Bangalore,Clothing,204,800,Warehouse_South,855,3
2024-11-01,4,11,Bangalore,Furniture,42,12000,Warehouse_South,521,4
2024-11-01,4,11,Bangalore,Medicines,366,200,Warehouse_North,556,3
2024-11-01,4,11,Chennai,Electronics,83,8500,Warehouse_West,634,3
2024-11-01,4,11,Chennai,Groceries,405,150,Warehouse_West,495,1
2024-11-01,4,11,Chennai,Clothing,152,800,Warehouse_South,594,3
2024-11-01,4,11,Chennai,Furniture,39,12000,Warehouse_South,219,4
2024-11-01,4,11,Chennai,Medicines,300,200,Warehouse_North,656,1
2024-11-01,4,11,Pune,Electronics,74,8500,Warehouse_North,870,1
2024-11-01,4,11,Pune,Groceries,336,150,Warehouse_North,593,1
2024-11-01,4,11,Pune,Clothing,138,800,Warehouse_West,953,1
2024-11-01,4,11,Pune,Furniture,37,12000,Warehouse_West,342,3
2024-11-01,4,11,Pune,Medicines,260,200,Warehouse_North,306,2
2024-11-01,4,11,Hyderabad,Electronics,72,8500,Warehouse_West,457,4
2024-11-01,4,11,Hyderabad,Groceries,358,150,Warehouse_North,203,3
2024-11-01,4,11,Hyderabad,Clothing,132,800,Warehouse_South,561,2
2024-11-01,4,11,Hyderabad,Furniture,33,12000,Warehouse_North,401,1
2024-11-01,4,11,Hyderabad,Medicines,239,200,Warehouse_West,779,3
2024-11-02,5,11,Mumbai,Electronics,170,8500,Warehouse_North,529,4
2024-11-02,5,11,Mumbai,Groceries,786,150,Warehouse_South,210,1
2024-11-02,5,11,Mumbai,Clothing,312,800,Warehouse_South,705,2
2024-11-02,5,11,Mumbai,Furniture,78,12000,Warehouse_South,897,3
2024-11-02,5,11,Mumbai,Medicines,567,200,Warehouse_North,598,3
2024-11-02,5,11,Delhi,Electronics,154,8500,Warehouse_North,602,4
2024-11-02,5,11,Delhi,Groceries,665,150,Warehouse_South,979,3
2024-11-02,5,11,Delhi,Clothing,292,800,Warehouse_West,344,1
2024-11-02,5,11,Delhi,Furniture,74,12000,Warehouse_South,445,2
2024-11-02,5,11,Delhi,Medicines,568,200,Warehouse_South,889,4
2024-11-02,5,11,Bangalore,Electronics,150,8500,Warehouse_West,582,2
2024-11-02,5,11,Bangalore,Groceries,643,150,Warehouse_South,669,3
2024-11-02,5,11,Bangalore,Clothing,254,800,Warehouse_West,827,3
2024-11-02,5,11,Bangalore,Furniture,69,12000,Warehouse_South,825,2
2024-11-02,5,11,Bangalore,Medicines,502,200,Warehouse_South,579,1
2024-11-02,5,11,Chennai,Electronics,116,8500,Warehouse_West,705,1
2024-11-02,5,11,Chennai,Groceries,522,150,Warehouse_South,259,1
2024-11-02,5,11,Chennai,Clothing,220,800,Warehouse_North,541,2
2024-11-02,5,11,Chennai,Furniture,53,12000,Warehouse_West,734,4
2024-11-02,5,11,Chennai,Medicines,370,200,Warehouse_North,364,4
2024-11-02,5,11,Pune,Electronics,112,8500,Warehouse_South,674,4
2024-11-02,5,11,Pune,Groceries,509,150,Warehouse_North,548,4
2024-11-02,5,11,Pune,Clothing,211,800,Warehouse_North,758,4
2024-11-02,5,11,Pune,Furniture,51,12000,Warehouse_West,867,2
2024-11-02,5,11,Pune,Medicines,389,200,Warehouse_South,318,2
2024-11-02,5,11,Hyderabad,Electronics,105,8500,Warehouse_North,502,3
2024-11-02,5,11,Hyderabad,Groceries,480,150,Warehouse_North,718,2
2024-11-02,5,11,Hyderabad,Clothing,198,800,Warehouse_South,235,2
2024-11-02,5,11,Hyderabad,Furniture,47,12000,Warehouse_West,796,4
2024-11-02,5,11,Hyderabad,Medicines,370,200,Warehouse_West,626,1
2024-11-03,6,11,Mumbai,Electronics,159,8500,Warehouse_North,281,4
2024-11-03,6,11,Mumbai,Groceries,776,150,Warehouse_South,614,1
2024-11-03,6,11,Mumbai,Clothing,319,800,Warehouse_North,332,4
2024-11-03,6,11,Mumbai,Furniture,79,12000,Warehouse_South,769,1
2024-11-03,6,11,Mumbai,Medicines,558,200,Warehouse_South,961,3
2024-11-03,6,11,Delhi,Electronics,158,8500,Warehouse_North,495,2
2024-11-03,6,11,Delhi,Groceries,652,150,Warehouse_South,990,4
2024-11-03,6,11,Delhi,Clothing,297,800,Warehouse_South,271,4
2024-11-03,6,11,Delhi,Furniture,65,12000,Warehouse_South,410,4
2024-11-03,6,11,Delhi,Medicines,531,200,Warehouse_North,652,2
2024-11-03,6,11,Bangalore,Electronics,143,8500,Warehouse_North,990,1
2024-11-03,6,11,Bangalore,Groceries,650,150,Warehouse_West,689,4
2024-11-03,6,11,Bangalore,Clothing,273,800,Warehouse_West,776,4
2024-11-03,6,11,Bangalore,Furniture,66,12000,Warehouse_North,885,4
2024-11-03,6,11,Bangalore,Medicines,485,200,Warehouse_North,425,3
2024-11-03,6,11,Chennai,Electronics,123,8500,Warehouse_West,253,4
2024-11-03,6,11,Chennai,Groceries,545,150,Warehouse_South,736,3
2024-11-03,6,11,Chennai,Clothing,221,800,Warehouse_West,699,4
2024-11-03,6,11,Chennai,Furniture,51,12000,Warehouse_North,607,3
2024-11-03,6,11,Chennai,Medicines,453,200,Warehouse_North,876,1
2024-11-03,6,11,Pune,Electronics,116,8500,Warehouse_South,959,4
2024-11-03,6,11,Pune,Groceries,499,150,Warehouse_West,747,3
2024-11-03,6,11,Pune,Clothing,192,800,Warehouse_West,218,1
2024-11-03,6,11,Pune,Furniture,52,12000,Warehouse_South,622,3
2024-11-03,6,11,Pune,Medicines,415,200,Warehouse_South,275,1
2024-11-03,6,11,Hyderabad,Electronics,121,8500,Warehouse_South,779,2
2024-11-03,6,11,Hyderabad,Groceries,487,150,Warehouse_South,636,2
2024-11-03,6,11,Hyderabad,Clothing,216,800,Warehouse_North,267,3
2024-11-03,6,11,Hyderabad,Furniture,46,12000,Warehouse_South,208,3
2024-11-03,6,11,Hyderabad,Medicines,377,200,Warehouse_North,689,4
2024-11-04,0,11,Mumbai,Electronics,123,8500,Warehouse_South,580,3
2024-11-04,0,11,Mumbai,Groceries,541,150,Warehouse_West,868,2
2024-11-04,0,11,Mumbai,Clothing,200,800,Warehouse_South,249,2
2024-11-04,0,11,Mumbai,Furniture,55,12000,Warehouse_North,742,3
2024-11-04,0,11,Mumbai,Medicines,396,200,Warehouse_West,808,3
2024-11-04,0,11,Delhi,Electronics,117,8500,Warehouse_West,848,2
2024-11-04,0,11,Delhi,Groceries,560,150,Warehouse_North,925,3
2024-11-04,0,11,Delhi,Clothing,179,800,Warehouse_South,513,1
2024-11-04,0,11,Delhi,Furniture,51,12000,Warehouse_South,334,4
2024-11-04,0,11,Delhi,Medicines,374,200,Warehouse_South,201,1
2024-11-04,0,11,Bangalore,Electronics,103,8500,Warehouse_South,324,1
2024-11-04,0,11,Bangalore,Groceries,416,150,Warehouse_North,546,2
2024-11-04,0,11,Bangalore,Clothing,201,800,Warehouse_North,363,2
2024-11-04,0,11,Bangalore,Furniture,47,12000,Warehouse_North,348,4
2024-11-04,0,11,Bangalore,Medicines,333,200,Warehouse_North,579,4
2024-11-04,0,11,Chennai,Electronics,96,8500,Warehouse_South,974,4
2024-11-04,0,11,Chennai,Groceries,380,150,Warehouse_South,894,2
2024-11-04,0,11,Chennai,Clothing,149,800,Warehouse_West,849,3
2024-11-04,0,11,Chennai,Furniture,32,12000,Warehouse_West,920,3
2024-11-04,0,11,Chennai,Medicines,270,200,Warehouse_North,916,2
2024-11-04,0,11,Pune,Electronics,74,8500,Warehouse_West,811,4
2024-11-04,0,11,Pune,Groceries,383,150,Warehouse_North,205,2
2024-11-04,0,11,Pune,Clothing,134,800,Warehouse_West,964,4
2024-11-04,0,11,Pune,Furniture,40,12000,Warehouse_South,467,4
2024-11-04,0,11,Pune,Medicines,243,200,Warehouse_West,740,3
2024-11-04,0,11,Hyderabad,Electronics,86,8500,Warehouse_South,415,1
2024-11-04,0,11,Hyderabad,Groceries,358,150,Warehouse_South,791,2
2024-11-04,0,11,Hyderabad,Clothing,133,800,Warehouse_North,421,1
2024-11-04,0,11,Hyderabad,Furniture,34,12000,Warehouse_South,497,3
2024-11-04,0,11,Hyderabad,Medicines,238,200,Warehouse_North,607,1
2024-11-05,1,11,Mumbai,Electronics,128,8500,Warehouse_West,436,2
2024-11-05,1,11,Mumbai,Groceries,563,150,Warehouse_South,284,1
2024-11-05,1,11,Mumbai,Clothing,207,800,Warehouse_South,960,4
2024-11-05,1,11,Mumbai,Furniture,54,12000,Warehouse_North,427,4
2024-11-05,1,11,Mumbai,Medicines,427,200,Warehouse_West,875,1
2024-11-05,1,11,Delhi,Electronics,108,8500,Warehouse_West,351,1
2024-11-05,1,11,Delhi,Groceries,528,150,Warehouse_North,603,4
2024-11-05,1,11,Delhi,Clothing,200,800,Warehouse_North,671,4
2024-11-05,1,11,Delhi,Furniture,47,12000,Warehouse_South,775,1
2024-11-05,1,11,Delhi,Medicines,394,200,Warehouse_South,399,4
2024-11-05,1,11,Bangalore,Electronics,100,8500,Warehouse_North,738,1
2024-11-05,1,11,Bangalore,Groceries,478,150,Warehouse_West,628,2
2024-11-05,1,11,Bangalore,Clothing,157,800,Warehouse_North,373,3
2024-11-05,1,11,Bangalore,Furniture,46,12000,Warehouse_South,567,1
2024-11-05,1,11,Bangalore,Medicines,330,200,Warehouse_West,259,1
2024-11-05,1,11,Chennai,Electronics,83,8500,Warehouse_West,661,3
2024-11-05,1,11,Chennai,Groceries,429,150,Warehouse_North,785,3
2024-11-05,1,11,Chennai,Clothing,166,800,Warehouse_South,773,1
2024-11-05,1,11,Chennai,Furniture,36,12000,Warehouse_West,265,3
2024-11-05,1,11,Chennai,Medicines,308,200,Warehouse_South,420,4
2024-11-05,1,11,Pune,Electronics,100,8500,Warehouse_West,620,4
2024-11-05,1,11,Pune,Groceries,372,150,Warehouse_West,705,4
2024-11-05,1,11,Pune,Clothing,127,800,Warehouse_South,755,2
2024-11-05,1,11,Pune,Furniture,36,12000,Warehouse_South,254,4
2024-11-05,1,11,Pune,Medicines,275,200,Warehouse_North,885,1
2024-11-05,1,11,Hyderabad,Electronics,88,8500,Warehouse_North,649,1
2024-11-05,1,11,Hyderabad,Groceries,378,150,Warehouse_South,811,1
2024-11-05,1,11,Hyderabad,Clothing,137,800,Warehouse_North,213,4
2024-11-05,1,11,Hyderabad,Furniture,33,12000,Warehouse_North,651,1
2024-11-05,1,11,Hyderabad,Medicines,283,200,Warehouse_West,680,2
2024-11-06,2,11,Mumbai,Electronics,119,8500,Warehouse_West,871,4
2024-11-06,2,11,Mumbai,Groceries,575,150,Warehouse_South,660,1
2024-11-06,2,11,Mumbai,Clothing,207,800,Warehouse_North,239,3
2024-11-06,2,11,Mumbai,Furniture,50,12000,Warehouse_West,426,4
2024-11-06,2,11,Mumbai,Medicines,417,200,Warehouse_West,855,2
2024-11-06,2,11,Delhi,Electronics,110,8500,Warehouse_West,373,3
2024-11-06,2,11,Delhi,Groceries,555,150,Warehouse_North,605,3
2024-11-06,2,11,Delhi,Clothing,216,800,Warehouse_South,455,2
2024-11-06,2,11,Delhi,Furniture,51,12000,Warehouse_North,511,4
2024-11-06,2,11,Delhi,Medicines,396,200,Warehouse_North,614,4
2024-11-06,2,11,Bangalore,Electronics,100,8500,Warehouse_North,841,1
2024-11-06,2,11,Bangalore,Groceries,475,150,Warehouse_West,938,2
2024-11-06,2,11,Bangalore,Clothing,198,800,Warehouse_North,468,2
2024-11-06,2,11,Bangalore,Furniture,45,12000,Warehouse_South,423,4
2024-11-06,2,11,Bangalore,Medicines,337,200,Warehouse_West,323,2
2024-11-06,2,11,Chennai,Electronics,94,8500,Warehouse_South,274,2
2024-11-06,2,11,Chennai,Groceries,387,150,Warehouse_West,686,3
2024-11-06,2,11,Chennai,Clothing,172,800,Warehouse_South,854,3
2024-11-06,2,11,Chennai,Furniture,39,12000,Warehouse_North,935,4
2024-11-06,2,11,Chennai,Medicines,308,200,Warehouse_West,952,2
2024-11-06,2,11,Pune,Electronics,75,8500,Warehouse_North,572,3
2024-11-06,2,11,Pune,Groceries,352,150,Warehouse_North,791,4
2024-11-06,2,11,Pune,Clothing,146,800,Warehouse_North,363,3
2024-11-06,2,11,Pune,Furniture,33,12000,Warehouse_North,451,4
2024-11-06,2,11,Pune,Medicines,259,200,Warehouse_South,799,3
2024-11-06,2,11,Hyderabad,Electronics,91,8500,Warehouse_West,299,4
2024-11-06,2,11,Hyderabad,Groceries,337,150,Warehouse_North,202,4
2024-11-06,2,11,Hyderabad,Clothing,127,800,Warehouse_South,693,2
2024-11-06,2,11,Hyderabad,Furniture,37,12000,Warehouse_West,209,4
2024-11-06,2,11,Hyderabad,Medicines,258,200,Warehouse_North,730,3
2024-11-07,3,11,Mumbai,Electronics,114,8500,Warehouse_North,387,4
2024-11-07,3,11,Mumbai,Groceries,482,150,Warehouse_South,376,4
2024-11-07,3,11,Mumbai,Clothing,206,800,Warehouse_West,708,4
2024-11-07,3,11,Mumbai,Furniture,54,12000,Warehouse_West,804,2
2024-11-07,3,11,Mumbai,Medicines,487,200,Warehouse_West,479,4
2024-11-07,3,11,Delhi,Electronics,114,8500,Warehouse_South,227,2
2024-11-07,3,11,Delhi,Groceries,539,150,Warehouse_North,560,1
2024-11-07,3,11,Delhi,Clothing,189,800,Warehouse_South,462,3
2024-11-07,3,11,Delhi,Furniture,48,12000,Warehouse_West,931,4
2024-11-07,3,11,Delhi,Medicines,357,200,Warehouse_West,257,2
2024-11-07,3,11,Bangalore,Electronics,106,8500,Warehouse_West,223,4
2024-11-07,3,11,Bangalore,Groceries,447,150,Warehouse_West,859,4
2024-11-07,3,11,Bangalore,Clothing,189,800,Warehouse_West,366,1
2024-11-07,3,11,Bangalore,Furniture,42,12000,Warehouse_South,206,2
2024-11-07,3,11,Bangalore,Medicines,366,200,Warehouse_West,924,1
2024-11-07,3,11,Chennai,Electronics,92,8500,Warehouse_West,866,4
2024-11-07,3,11,Chennai,Groceries,372,150,Warehouse_North,720,3
2024-11-07,3,11,Chennai,Clothing,162,800,Warehouse_West,380,1
2024-11-07,3,11,Chennai,Furniture,34,12000,Warehouse_South,711,3
2024-11-07,3,11,Chennai,Medicines,284,200,Warehouse_West,984,1
2024-11-07,3,11,Pune,Electronics,71,8500,Warehouse_West,411,3
2024-11-07,3,11,Pune,Groceries,320,150,Warehouse_West,770,2
2024-11-07,3,11,Pune,Clothing,127,800,Warehouse_South,713,2
2024-11-07,3,11,Pune,Furniture,33,12000,Warehouse_North,413,3
2024-11-07,3,11,Pune,Medicines,224,200,Warehouse_North,924,3
2024-11-07,3,11,Hyderabad,Electronics,87,8500,Warehouse_West,729,3
2024-11-07,3,11,Hyderabad,Groceries,407,150,Warehouse_North,647,3
2024-11-07,3,11,Hyderabad,Clothing,139,800,Warehouse_West,431,2
2024-11-07,3,11,Hyderabad,Furniture,36,12000,Warehouse_West,632,1
2024-11-07,3,11,Hyderabad,Medicines,306,200,Warehouse_West,282,1
2024-11-08,4,11,Mumbai,Electronics,121,8500,Warehouse_South,780,1
2024-11-08,4,11,Mumbai,Groceries,490,150,Warehouse_North,973,1
2024-11-08,4,11,Mumbai,Clothing,216,800,Warehouse_West,430,2
2024-11-08,4,11,Mumbai,Furniture,54,12000,Warehouse_West,950,3
2024-11-08,4,11,Mumbai,Medicines,367,200,Warehouse_West,583,4
2024-11-08,4,11,Delhi,Electronics,116,8500,Warehouse_West,561,1
2024-11-08,4,11,Delhi,Groceries,547,150,Warehouse_North,554,4
2024-11-08,4,11,Delhi,Clothing,219,800,Warehouse_West,815,1
2024-11-08,4,11,Delhi,Furniture,48,12000,Warehouse_North,397,4
2024-11-08,4,11,Delhi,Medicines,348,200,Warehouse_North,580,3
2024-11-08,4,11,Bangalore,Electronics,109,8500,Warehouse_South,499,1
2024-11-08,4,11,Bangalore,Groceries,430,150,Warehouse_South,959,1
2024-11-08,4,11,Bangalore,Clothing,203,800,Warehouse_South,418,4
2024-11-08,4,11,Bangalore,Furniture,43,12000,Warehouse_South,518,1
2024-11-08,4,11,Bangalore,Medicines,339,200,Warehouse_North,400,4
2024-11-08,4,11,Chennai,Electronics,86,8500,Warehouse_West,203,2
2024-11-08,4,11,Chennai,Groceries,339,150,Warehouse_South,904,1
2024-11-08,4,11,Chennai,Clothing,146,800,Warehouse_West,733,1
2024-11-08,4,11,Chennai,Furniture,43,12000,Warehouse_South,487,2
2024-11-08,4,11,Chennai,Medicines,251,200,Warehouse_West,424,2
2024-11-08,4,11,Pune,Electronics,76,8500,Warehouse_South,572,1
2024-11-08,4,11,Pune,Groceries,373,150,Warehouse_North,706,3
2024-11-08,4,11,Pune,Clothing,133,800,Warehouse_South,365,2
2024-11-08,4,11,Pune,Furniture,38,12000,Warehouse_North,961,1
2024-11-08,4,11,Pune,Medicines,286,200,Warehouse_North,723,4
2024-11-08,4,11,Hyderabad,Electronics,79,8500,Warehouse_West,475,3
2024-11-08,4,11,Hyderabad,Groceries,382,150,Warehouse_West,296,1
2024-11-08,4,11,Hyderabad,Clothing,166,800,Warehouse_North,999,1
2024-11-08,4,11,Hyderabad,Furniture,34,12000,Warehouse_North,559,3
2024-11-08,4,11,Hyderabad,Medicines,299,200,Warehouse_West,506,4
2024-11-09,5,11,Mumbai,Electronics,166,8500,Warehouse_South,769,1
2024-11-09,5,11,Mumbai,Groceries,804,150,Warehouse_South,448,1
2024-11-09,5,11,Mumbai,Clothing,288,800,Warehouse_North,247,4
2024-11-09,5,11,Mumbai,Furniture,77,12000,Warehouse_South,707,3
2024-11-09,5,11,Mumbai,Medicines,535,200,Warehouse_South,853,1
2024-11-09,5,11,Delhi,Electronics,154,8500,Warehouse_West,837,4
2024-11-09,5,11,Delhi,Groceries,673,150,Warehouse_North,695,2
2024-11-09,5,11,Delhi,Clothing,262,800,Warehouse_North,377,1
2024-11-09,5,11,Delhi,Furniture,64,12000,Warehouse_West,549,1
2024-11-09,5,11,Delhi,Medicines,502,200,Warehouse_West,651,4
2024-11-09,5,11,Bangalore,Electronics,136,8500,Warehouse_North,440,3
2024-11-09,5,11,Bangalore,Groceries,661,150,Warehouse_West,889,2
2024-11-09,5,11,Bangalore,Clothing,265,800,Warehouse_North,671,2
2024-11-09,5,11,Bangalore,Furniture,68,12000,Warehouse_South,230,4
2024-11-09,5,11,Bangalore,Medicines,535,200,Warehouse_South,900,1
2024-11-09,5,11,Chennai,Electronics,125,8500,Warehouse_West,508,3
2024-11-09,5,11,Chennai,Groceries,547,150,Warehouse_West,459,4
2024-11-09,5,11,Chennai,Clothing,227,800,Warehouse_South,782,2
2024-11-09,5,11,Chennai,Furniture,49,12000,Warehouse_North,997,3
2024-11-09,5,11,Chennai,Medicines,425,200,Warehouse_South,997,3
2024-11-09,5,11,Pune,Electronics,123,8500,Warehouse_North,685,1
2024-11-09,5,11,Pune,Groceries,526,150,Warehouse_South,963,3
2024-11-09,5,11,Pune,Clothing,182,800,Warehouse_North,962,1
2024-11-09,5,11,Pune,Furniture,47,12000,Warehouse_North,310,2
2024-11-09,5,11,Pune,Medicines,389,200,Warehouse_West,354,4
2024-11-09,5,11,Hyderabad,Electronics,118,8500,Warehouse_West,472,4
2024-11-09,5,11,Hyderabad,Groceries,533,150,Warehouse_North,515,1
2024-11-09,5,11,Hyderabad,Clothing,196,800,Warehouse_West,529,4
2024-11-09,5,11,Hyderabad,Furniture,46,12000,Warehouse_West,589,4
2024-11-09,5,11,Hyderabad,Medicines,358,200,Warehouse_North,205,1
2024-11-10,6,11,Mumbai,Electronics,159,8500,Warehouse_North,318,3
2024-11-10,6,11,Mumbai,Groceries,742,150,Warehouse_South,373,3
2024-11-10,6,11,Mumbai,Clothing,324,800,Warehouse_North,473,2
2024-11-10,6,11,Mumbai,Furniture,71,12000,Warehouse_South,392,2
2024-11-10,6,11,Mumbai,Medicines,575,200,Warehouse_South,449,1
2024-11-10,6,11,Delhi,Electronics,154,8500,Warehouse_West,872,4
2024-11-10,6,11,Delhi,Groceries,650,150,Warehouse_West,496,4
2024-11-10,6,11,Delhi,Clothing,288,800,Warehouse_West,408,3
2024-11-10,6,11,Delhi,Furniture,69,12000,Warehouse_West,203,2
2024-11-10,6,11,Delhi,Medicines,571,200,Warehouse_North,792,2
2024-11-10,6,11,Bangalore,Electronics,145,8500,Warehouse_North,915,3
2024-11-10,6,11,Bangalore,Groceries,697,150,Warehouse_North,695,1
2024-11-10,6,11,Bangalore,Clothing,273,800,Warehouse_West,819,4
2024-11-10,6,11,Bangalore,Furniture,71,12000,Warehouse_West,781,2
2024-11-10,6,11,Bangalore,Medicines,519,200,Warehouse_North,207,3
2024-11-10,6,11,Chennai,Electronics,129,8500,Warehouse_North,421,4
2024-11-10,6,11,Chennai,Groceries,522,150,Warehouse_South,221,1
2024-11-10,6,11,Chennai,Clothing,224,800,Warehouse_South,413,4
2024-11-10,6,11,Chennai,Furniture,57,12000,Warehouse_North,637,1
2024-11-10,6,11,Chennai,Medicines,420,200,Warehouse_North,700,2
2024-11-10,6,11,Pune,Electronics,120,8500,Warehouse_South,690,4
2024-11-10,6,11,Pune,Groceries,499,150,Warehouse_North,465,4
2024-11-10,6,11,Pune,Clothing,207,800,Warehouse_West,879,3
2024-11-10,6,11,Pune,Furniture,46,12000,Warehouse_South,717,4
2024-11-10,6,11,Pune,Medicines,351,200,Warehouse_North,441,2
2024-11-10,6,11,Hyderabad,Electronics,118,8500,Warehouse_North,586,3
2024-11-10,6,11,Hyderabad,Groceries,508,150,Warehouse_North,650,3
2024-11-10,6,11,Hyderabad,Clothing,207,800,Warehouse_South,363,1
2024-11-10,6,11,Hyderabad,Furniture,56,12000,Warehouse_West,663,3
2024-11-10,6,11,Hyderabad,Medicines,375,200,Warehouse_South,248,3
2024-11-11,0,11,Mumbai,Electronics,135,8500,Warehouse_North,648,1
2024-11-11,0,11,Mumbai,Groceries,516,150,Warehouse_West,767,2
2024-11-11,0,11,Mumbai,Clothing,210,800,Warehouse_North,459,1
2024-11-11,0,11,Mumbai,Furniture,52,12000,Warehouse_West,993,4
2024-11-11,0,11,Mumbai,Medicines,358,200,Warehouse_South,639,2
2024-11-11,0,11,Delhi,Electronics,113,8500,Warehouse_North,483,1
2024-11-11,0,11,Delhi,Groceries,518,150,Warehouse_South,302,2
2024-11-11,0,11,Delhi,Clothing,202,800,Warehouse_West,492,3
2024-11-11,0,11,Delhi,Furniture,52,12000,Warehouse_West,484,1
2024-11-11,0,11,Delhi,Medicines,387,200,Warehouse_South,789,2
2024-11-11,0,11,Bangalore,Electronics,119,8500,Warehouse_North,710,2
2024-11-11,0,11,Bangalore,Groceries,444,150,Warehouse_West,998,1
2024-11-11,0,11,Bangalore,Clothing,182,800,Warehouse_South,681,2
2024-11-11,0,11,Bangalore,Furniture,47,12000,Warehouse_North,825,2
2024-11-11,0,11,Bangalore,Medicines,314,200,Warehouse_South,870,3
2024-11-11,0,11,Chennai,Electronics,92,8500,Warehouse_North,479,1
2024-11-11,0,11,Chennai,Groceries,444,150,Warehouse_South,707,4
2024-11-11,0,11,Chennai,Clothing,154,800,Warehouse_North,508,2
2024-11-11,0,11,Chennai,Furniture,38,12000,Warehouse_North,417,1
2024-11-11,0,11,Chennai,Medicines,241,200,Warehouse_North,286,3
2024-11-11,0,11,Pune,Electronics,84,8500,Warehouse_West,817,3
2024-11-11,0,11,Pune,Groceries,378,150,Warehouse_South,714,2
2024-11-11,0,11,Pune,Clothing,125,800,Warehouse_West,393,2
2024-11-11,0,11,Pune,Furniture,39,12000,Warehouse_West,451,2
2024-11-11,0,11,Pune,Medicines,267,200,Warehouse_South,682,4
2024-11-11,0,11,Hyderabad,Electronics,83,8500,Warehouse_North,315,1
2024-11-11,0,11,Hyderabad,Groceries,346,150,Warehouse_West,405,2
2024-11-11,0,11,Hyderabad,Clothing,135,800,Warehouse_North,950,3
2024-11-11,0,11,Hyderabad,Furniture,35,12000,Warehouse_North,781,3
2024-11-11,0,11,Hyderabad,Medicines,237,200,Warehouse_North,336,3
2024-11-12,1,11,Mumbai,Electronics,115,8500,Warehouse_West,543,4
2024-11-12,1,11,Mumbai,Groceries,506,150,Warehouse_South,615,4
2024-11-12,1,11,Mumbai,Clothing,218,800,Warehouse_North,531,2
2024-11-12,1,11,Mumbai,Furniture,57,12000,Warehouse_West,976,3
2024-11-12,1,11,Mumbai,Medicines,395,200,Warehouse_West,366,3
2024-11-12,1,11,Delhi,Electronics,123,8500,Warehouse_West,956,3
2024-11-12,1,11,Delhi,Groceries,492,150,Warehouse_West,815,1
2024-11-12,1,11,Delhi,Clothing,197,800,Warehouse_South,518,2
2024-11-12,1,11,Delhi,Furniture,46,12000,Warehouse_South,534,4
2024-11-12,1,11,Delhi,Medicines,351,200,Warehouse_South,220,2
2024-11-12,1,11,Bangalore,Electronics,99,8500,Warehouse_South,669,1
2024-11-12,1,11,Bangalore,Groceries,467,150,Warehouse_West,789,1
2024-11-12,1,11,Bangalore,Clothing,203,800,Warehouse_North,745,2
2024-11-12,1,11,Bangalore,Furniture,52,12000,Warehouse_West,298,3
2024-11-12,1,11,Bangalore,Medicines,354,200,Warehouse_West,685,3
2024-11-12,1,11,Chennai,Electronics,90,8500,Warehouse_West,695,1
2024-11-12,1,11,Chennai,Groceries,422,150,Warehouse_West,347,3
2024-11-12,1,11,Chennai,Clothing,162,800,Warehouse_West,938,1
2024-11-12,1,11,Chennai,Furniture,37,12000,Warehouse_South,449,4
2024-11-12,1,11,Chennai,Medicines,258,200,Warehouse_West,430,2
2024-11-12,1,11,Pune,Electronics,74,8500,Warehouse_North,687,2
2024-11-12,1,11,Pune,Groceries,314,150,Warehouse_South,224,2
2024-11-12,1,11,Pune,Clothing,158,800,Warehouse_West,370,4
2024-11-12,1,11,Pune,Furniture,35,12000,Warehouse_West,919,1
2024-11-12,1,11,Pune,Medicines,284,200,Warehouse_West,377,2
2024-11-12,1,11,Hyderabad,Electronics,81,8500,Warehouse_North,509,4
2024-11-12,1,11,Hyderabad,Groceries,343,150,Warehouse_North,835,1
2024-11-12,1,11,Hyderabad,Clothing,118,800,Warehouse_North,239,2
2024-11-12,1,11,Hyderabad,Furniture,33,12000,Warehouse_North,200,3
2024-11-12,1,11,Hyderabad,Medicines,263,200,Warehouse_West,757,4
2024-11-13,2,11,Mumbai,Electronics,120,8500,Warehouse_West,859,2
2024-11-13,2,11,Mumbai,Groceries,545,150,Warehouse_South,933,1
2024-11-13,2,11,Mumbai,Clothing,233,800,Warehouse_West,532,1
2024-11-13,2,11,Mumbai,Furniture,54,12000,Warehouse_North,741,2
2024-11-13,2,11,Mumbai,Medicines,436,200,Warehouse_West,516,1
2024-11-13,2,11,Delhi,Electronics,112,8500,Warehouse_North,324,4
2024-11-13,2,11,Delhi,Groceries,535,150,Warehouse_South,288,3
2024-11-13,2,11,Delhi,Clothing,189,800,Warehouse_North,720,4
2024-11-13,2,11,Delhi,Furniture,49,12000,Warehouse_West,209,3
2024-11-13,2,11,Delhi,Medicines,393,200,Warehouse_West,329,1
2024-11-13,2,11,Bangalore,Electronics,102,8500,Warehouse_North,849,4
2024-11-13,2,11,Bangalore,Groceries,414,150,Warehouse_West,417,2
2024-11-13,2,11,Bangalore,Clothing,202,800,Warehouse_North,817,4
2024-11-13,2,11,Bangalore,Furniture,44,12000,Warehouse_West,720,2
2024-11-13,2,11,Bangalore,Medicines,367,200,Warehouse_West,318,3
2024-11-13,2,11,Chennai,Electronics,96,8500,Warehouse_West,528,1
2024-11-13,2,11,Chennai,Groceries,437,150,Warehouse_North,581,2
2024-11-13,2,11,Chennai,Clothing,140,800,Warehouse_North,917,1
2024-11-13,2,11,Chennai,Furniture,38,12000,Warehouse_West,587,4
2024-11-13,2,11,Chennai,Medicines,286,200,Warehouse_South,966,3
2024-11-13,2,11,Pune,Electronics,78,8500,Warehouse_South,675,2
2024-11-13,2,11,Pune,Groceries,383,150,Warehouse_North,320,2
2024-11-13,2,11,Pune,Clothing,127,800,Warehouse_South,265,2
2024-11-13,2,11,Pune,Furniture,40,12000,Warehouse_South,742,3
2024-11-13,2,11,Pune,Medicines,286,200,Warehouse_West,240,1
2024-11-13,2,11,Hyderabad,Electronics,74,8500,Warehouse_North,328,2
2024-11-13,2,11,Hyderabad,Groceries,356,150,Warehouse_North,414,1
2024-11-13,2,11,Hyderabad,Clothing,146,800,Warehouse_North,360,1
2024-11-13,2,11,Hyderabad,Furniture,35,12000,Warehouse_North,567,3
2024-11-13,2,11,Hyderabad,Medicines,289,200,Warehouse_South,379,2
2024-11-14,3,11,Mumbai,Electronics,127,8500,Warehouse_South,417,2
2024-11-14,3,11,Mumbai,Groceries,504,150,Warehouse_North,542,3
2024-11-14,3,11,Mumbai,Clothing,216,800,Warehouse_South,309,3
2024-11-14,3,11,Mumbai,Furniture,51,12000,Warehouse_South,925,1
2024-11-14,3,11,Mumbai,Medicines,434,200,Warehouse_North,520,3
2024-11-14,3,11,Delhi,Electronics,109,8500,Warehouse_West,685,4
2024-11-14,3,11,Delhi,Groceries,475,150,Warehouse_West,473,1
2024-11-14,3,11,Delhi,Clothing,222,800,Warehouse_South,291,2
2024-11-14,3,11,Delhi,Furniture,44,12000,Warehouse_West,249,3
2024-11-14,3,11,Delhi,Medicines,385,200,Warehouse_West,691,1
2024-11-14,3,11,Bangalore,Electronics,109,8500,Warehouse_West,860,1
2024-11-14,3,11,Bangalore,Groceries,429,150,Warehouse_North,653,3
2024-11-14,3,11,Bangalore,Clothing,197,800,Warehouse_South,371,1
2024-11-14,3,11,Bangalore,Furniture,52,12000,Warehouse_South,367,4
2024-11-14,3,11,Bangalore,Medicines,363,200,Warehouse_North,366,3
2024-11-14,3,11,Chennai,Electronics,74,8500,Warehouse_South,324,2
2024-11-14,3,11,Chennai,Groceries,382,150,Warehouse_North,834,4
2024-11-14,3,11,Chennai,Clothing,161,800,Warehouse_South,352,1
2024-11-14,3,11,Chennai,Furniture,42,12000,Warehouse_West,348,4
2024-11-14,3,11,Chennai,Medicines,301,200,Warehouse_South,822,4
2024-11-14,3,11,Pune,Electronics,70,8500,Warehouse_West,426,4
2024-11-14,3,11,Pune,Groceries,336,150,Warehouse_South,787,1
2024-11-14,3,11,Pune,Clothing,155,800,Warehouse_North,677,4
2024-11-14,3,11,Pune,Furniture,34,12000,Warehouse_South,289,1
2024-11-14,3,11,Pune,Medicines,263,200,Warehouse_North,886,2
2024-11-14,3,11,Hyderabad,Electronics,88,8500,Warehouse_West,593,2
2024-11-14,3,11,Hyderabad,Groceries,392,150,Warehouse_South,476,4
2024-11-14,3,11,Hyderabad,Clothing,153,800,Warehouse_South,624,2
2024-11-14,3,11,Hyderabad,Furniture,36,12000,Warehouse_West,386,4
2024-11-14,3,11,Hyderabad,Medicines,258,200,Warehouse_West,948,1
2024-11-15,4,11,Mumbai,Electronics,107,8500,Warehouse_West,279,3
2024-11-15,4,11,Mumbai,Groceries,517,150,Warehouse_North,458,1
2024-11-15,4,11,Mumbai,Clothing,219,800,Warehouse_North,217,1
2024-11-15,4,11,Mumbai,Furniture,52,12000,Warehouse_North,309,3
2024-11-15,4,11,Mumbai,Medicines,411,200,Warehouse_South,838,1
2024-11-15,4,11,Delhi,Electronics,117,8500,Warehouse_South,918,3
2024-11-15,4,11,Delhi,Groceries,569,150,Warehouse_North,990,4
2024-11-15,4,11,Delhi,Clothing,219,800,Warehouse_West,984,3
2024-11-15,4,11,Delhi,Furniture,47,12000,Warehouse_South,933,3
2024-11-15,4,11,Delhi,Medicines,352,200,Warehouse_West,832,4
2024-11-15,4,11,Bangalore,Electronics,104,8500,Warehouse_South,625,3
2024-11-15,4,11,Bangalore,Groceries,446,150,Warehouse_South,985,3
2024-11-15,4,11,Bangalore,Clothing,204,800,Warehouse_South,968,3
2024-11-15,4,11,Bangalore,Furniture,55,12000,Warehouse_North,261,2
2024-11-15,4,11,Bangalore,Medicines,398,200,Warehouse_North,546,4
2024-11-15,4,11,Chennai,Electronics,99,8500,Warehouse_South,576,2
2024-11-15,4,11,Chennai,Groceries,376,150,Warehouse_West,478,4
2024-11-15,4,11,Chennai,Clothing,140,800,Warehouse_West,932,4
2024-11-15,4,11,Chennai,Furniture,37,12000,Warehouse_South,310,1
2024-11-15,4,11,Chennai,Medicines,307,200,Warehouse_North,807,3
2024-11-15,4,11,Pune,Electronics,75,8500,Warehouse_South,723,2
2024-11-15,4,11,Pune,Groceries,372,150,Warehouse_North,386,3
2024-11-15,4,11,Pune,Clothing,144,800,Warehouse_North,398,2
2024-11-15,4,11,Pune,Furniture,35,12000,Warehouse_South,295,3
2024-11-15,4,11,Pune,Medicines,247,200,Warehouse_South,598,4
2024-11-15,4,11,Hyderabad,Electronics,70,8500,Warehouse_South,527,4
2024-11-15,4,11,Hyderabad,Groceries,410,150,Warehouse_South,276,1
2024-11-15,4,11,Hyderabad,Clothing,119,800,Warehouse_South,625,3
2024-11-15,4,11,Hyderabad,Furniture,31,12000,Warehouse_North,718,4
2024-11-15,4,11,Hyderabad,Medicines,284,200,Warehouse_North,562,2
2024-11-16,5,11,Mumbai,Electronics,179,8500,Warehouse_West,213,2
2024-11-16,5,11,Mumbai,Groceries,724,150,Warehouse_South,441,1
2024-11-16,5,11,Mumbai,Clothing,291,800,Warehouse_South,958,2
2024-11-16,5,11,Mumbai,Furniture,74,12000,Warehouse_South,541,4
2024-11-16,5,11,Mumbai,Medicines,591,200,Warehouse_West,922,4
2024-11-16,5,11,Delhi,Electronics,149,8500,Warehouse_West,914,1
2024-11-16,5,11,Delhi,Groceries,720,150,Warehouse_South,937,4
2024-11-16,5,11,Delhi,Clothing,294,800,Warehouse_West,667,3
2024-11-16,5,11,Delhi,Furniture,66,12000,Warehouse_South,968,4
2024-11-16,5,11,Delhi,Medicines,528,200,Warehouse_West,616,3
2024-11-16,5,11,Bangalore,Electronics,144,8500,Warehouse_North,459,2
2024-11-16,5,11,Bangalore,Groceries,626,150,Warehouse_West,733,4
2024-11-16,5,11,Bangalore,Clothing,261,800,Warehouse_West,593,3
2024-11-16,5,11,Bangalore,Furniture,62,12000,Warehouse_South,309,2
2024-11-16,5,11,Bangalore,Medicines,523,200,Warehouse_West,261,1
2024-11-16,5,11,Chennai,Electronics,118,8500,Warehouse_West,739,4
2024-11-16,5,11,Chennai,Groceries,590,150,Warehouse_North,834,4
2024-11-16,5,11,Chennai,Clothing,228,800,Warehouse_South,677,1
2024-11-16,5,11,Chennai,Furniture,55,12000,Warehouse_North,710,1
2024-11-16,5,11,Chennai,Medicines,415,200,Warehouse_North,946,3
2024-11-16,5,11,Pune,Electronics,105,8500,Warehouse_North,568,1
2024-11-16,5,11,Pune,Groceries,501,150,Warehouse_North,418,1
2024-11-16,5,11,Pune,Clothing,209,800,Warehouse_North,545,1
2024-11-16,5,11,Pune,Furniture,50,12000,Warehouse_West,671,3
2024-11-16,5,11,Pune,Medicines,397,200,Warehouse_West,727,1
2024-11-16,5,11,Hyderabad,Electronics,96,8500,Warehouse_North,338,3
2024-11-16,5,11,Hyderabad,Groceries,502,150,Warehouse_North,629,3
2024-11-16,5,11,Hyderabad,Clothing,224,800,Warehouse_North,790,1
2024-11-16,5,11,Hyderabad,Furniture,50,12000,Warehouse_West,930,3
2024-11-16,5,11,Hyderabad,Medicines,408,200,Warehouse_West,986,4
2024-11-17,6,11,Mumbai,Electronics,165,8500,Warehouse_South,627,1
2024-11-17,6,11,Mumbai,Groceries,781,150,Warehouse_West,398,4
2024-11-17,6,11,Mumbai,Clothing,290,800,Warehouse_North,580,4
2024-11-17,6,11,Mumbai,Furniture,74,12000,Warehouse_West,437,4
2024-11-17,6,11,Mumbai,Medicines,534,200,Warehouse_West,387,1
2024-11-17,6,11,Delhi,Electronics,149,8500,Warehouse_West,454,3
2024-11-17,6,11,Delhi,Groceries,706,150,Warehouse_West,789,1
2024-11-17,6,11,Delhi,Clothing,284,800,Warehouse_West,731,4
2024-11-17,6,11,Delhi,Furniture,67,12000,Warehouse_West,986,2
2024-11-17,6,11,Delhi,Medicines,499,200,Warehouse_West,228,2
2024-11-17,6,11,Bangalore,Electronics,140,8500,Warehouse_South,555,1
2024-11-17,6,11,Bangalore,Groceries,622,150,Warehouse_West,217,2
2024-11-17,6,11,Bangalore,Clothing,248,800,Warehouse_West,915,1
2024-11-17,6,11,Bangalore,Furniture,66,12000,Warehouse_West,936,1
2024-11-17,6,11,Bangalore,Medicines,478,200,Warehouse_North,935,2
2024-11-17,6,11,Chennai,Electronics,127,8500,Warehouse_West,229,3
2024-11-17,6,11,Chennai,Groceries,546,150,Warehouse_North,717,3
2024-11-17,6,11,Chennai,Clothing,234,800,Warehouse_South,513,4
2024-11-17,6,11,Chennai,Furniture,60,12000,Warehouse_South,896,2
2024-11-17,6,11,Chennai,Medicines,486,200,Warehouse_West,393,4
2024-11-17,6,11,Pune,Electronics,115,8500,Warehouse_North,463,1
2024-11-17,6,11,Pune,Groceries,453,150,Warehouse_North,718,1
2024-11-17,6,11,Pune,Clothing,203,800,Warehouse_North,261,2
2024-11-17,6,11,Pune,Furniture,48,12000,Warehouse_North,830,3
2024-11-17,6,11,Pune,Medicines,409,200,Warehouse_West,489,1
2024-11-17,6,11,Hyderabad,Electronics,106,8500,Warehouse_North,407,3
2024-11-17,6,11,Hyderabad,Groceries,519,150,Warehouse_North,838,3
2024-11-17,6,11,Hyderabad,Clothing,229,800,Warehouse_West,217,3
2024-11-17,6,11,Hyderabad,Furniture,46,12000,Warehouse_South,977,4
2024-11-17,6,11,Hyderabad,Medicines,387,200,Warehouse_South,914,1
2024-11-18,0,11,Mumbai,Electronics,115,8500,Warehouse_North,260,4
2024-11-18,0,11,Mumbai,Groceries,507,150,Warehouse_North,365,2
2024-11-18,0,11,Mumbai,Clothing,247,800,Warehouse_North,462,4
2024-11-18,0,11,Mumbai,Furniture,51,12000,Warehouse_South,741,4
2024-11-18,0,11,Mumbai,Medicines,415,200,Warehouse_West,821,2
2024-11-18,0,11,Delhi,Electronics,109,8500,Warehouse_South,656,2
2024-11-18,0,11,Delhi,Groceries,508,150,Warehouse_West,821,4
2024-11-18,0,11,Delhi,Clothing,180,800,Warehouse_West,579,4
2024-11-18,0,11,Delhi,Furniture,48,12000,Warehouse_South,569,1
2024-11-18,0,11,Delhi,Medicines,379,200,Warehouse_West,370,1
2024-11-18,0,11,Bangalore,Electronics,95,8500,Warehouse_South,815,3
2024-11-18,0,11,Bangalore,Groceries,475,150,Warehouse_West,685,2
2024-11-18,0,11,Bangalore,Clothing,198,800,Warehouse_North,933,3
2024-11-18,0,11,Bangalore,Furniture,42,12000,Warehouse_North,883,1
2024-11-18,0,11,Bangalore,Medicines,361,200,Warehouse_South,285,4
2024-11-18,0,11,Chennai,Electronics,90,8500,Warehouse_West,376,3
2024-11-18,0,11,Chennai,Groceries,396,150,Warehouse_South,741,2
2024-11-18,0,11,Chennai,Clothing,142,800,Warehouse_North,955,2
2024-11-18,0,11,Chennai,Furniture,38,12000,Warehouse_West,829,2
2024-11-18,0,11,Chennai,Medicines,300,200,Warehouse_North,268,2
2024-11-18,0,11,Pune,Electronics,81,8500,Warehouse_West,982,2
2024-11-18,0,11,Pune,Groceries,364,150,Warehouse_West,656,2
2024-11-18,0,11,Pune,Clothing,143,800,Warehouse_North,376,4
2024-11-18,0,11,Pune,Furniture,30,12000,Warehouse_North,976,1
2024-11-18,0,11,Pune,Medicines,296,200,Warehouse_South,357,3
2024-11-18,0,11,Hyderabad,Electronics,85,8500,Warehouse_North,588,4
2024-11-18,0,11,Hyderabad,Groceries,365,150,Warehouse_North,648,2
2024-11-18,0,11,Hyderabad,Clothing,131,800,Warehouse_North,305,2
2024-11-18,0,11,Hyderabad,Furniture,36,12000,Warehouse_West,874,1
2024-11-18,0,11,Hyderabad,Medicines,256,200,Warehouse_South,215,2
2024-11-19,1,11,Mumbai,Electronics,125,8500,Warehouse_West,591,4
2024-11-19,1,11,Mumbai,Groceries,539,150,Warehouse_North,461,4
2024-11-19,1,11,Mumbai,Clothing,209,800,Warehouse_South,221,1
2024-11-19,1,11,Mumbai,Furniture,51,12000,Warehouse_West,540,2
2024-11-19,1,11,Mumbai,Medicines,402,200,Warehouse_West,636,3
2024-11-19,1,11,Delhi,Electronics,111,8500,Warehouse_West,780,3
2024-11-19,1,11,Delhi,Groceries,488,150,Warehouse_West,564,4
2024-11-19,1,11,Delhi,Clothing,218,800,Warehouse_North,892,1
2024-11-19,1,11,Delhi,Furniture,56,12000,Warehouse_South,224,3
2024-11-19,1,11,Delhi,Medicines,366,200,Warehouse_South,870,2
2024-11-19,1,11,Bangalore,Electronics,117,8500,Warehouse_West,535,4
2024-11-19,1,11,Bangalore,Groceries,483,150,Warehouse_West,540,2
2024-11-19,1,11,Bangalore,Clothing,174,800,Warehouse_South,843,1
2024-11-19,1,11,Bangalore,Furniture,48,12000,Warehouse_North,877,4
2024-11-19,1,11,Bangalore,Medicines,355,200,Warehouse_South,216,1
2024-11-19,1,11,Chennai,Electronics,99,8500,Warehouse_West,409,4
2024-11-19,1,11,Chennai,Groceries,301,150,Warehouse_North,592,2
2024-11-19,1,11,Chennai,Clothing,155,800,Warehouse_West,691,4
2024-11-19,1,11,Chennai,Furniture,38,12000,Warehouse_North,850,2
2024-11-19,1,11,Chennai,Medicines,335,200,Warehouse_South,503,3
2024-11-19,1,11,Pune,Electronics,84,8500,Warehouse_South,815,3
2024-11-19,1,11,Pune,Groceries,306,150,Warehouse_North,224,4
2024-11-19,1,11,Pune,Clothing,144,800,Warehouse_South,379,1
2024-11-19,1,11,Pune,Furniture,41,12000,Warehouse_West,802,3
2024-11-19,1,11,Pune,Medicines,238,200,Warehouse_South,389,3
2024-11-19,1,11,Hyderabad,Electronics,78,8500,Warehouse_South,498,3
2024-11-19,1,11,Hyderabad,Groceries,330,150,Warehouse_South,361,4
2024-11-19,1,11,Hyderabad,Clothing,150,800,Warehouse_West,990,3
2024-11-19,1,11,Hyderabad,Furniture,37,12000,Warehouse_North,241,1
2024-11-19,1,11,Hyderabad,Medicines,287,200,Warehouse_West,548,1
2024-11-20,2,11,Mumbai,Electronics,124,8500,Warehouse_South,431,4
2024-11-20,2,11,Mumbai,Groceries,476,150,Warehouse_South,916,1
2024-11-20,2,11,Mumbai,Clothing,220,800,Warehouse_South,411,3
2024-11-20,2,11,Mumbai,Furniture,53,12000,Warehouse_West,756,1
2024-11-20,2,11,Mumbai,Medicines,422,200,Warehouse_South,882,3
2024-11-20,2,11,Delhi,Electronics,110,8500,Warehouse_South,243,3
2024-11-20,2,11,Delhi,Groceries,497,150,Warehouse_South,536,3
2024-11-20,2,11,Delhi,Clothing,190,800,Warehouse_South,899,4
2024-11-20,2,11,Delhi,Furniture,51,12000,Warehouse_North,423,3
2024-11-20,2,11,Delhi,Medicines,361,200,Warehouse_South,314,3
2024-11-20,2,11,Bangalore,Electronics,103,8500,Warehouse_South,928,2
2024-11-20,2,11,Bangalore,Groceries,453,150,Warehouse_North,700,3
2024-11-20,2,11,Bangalore,Clothing,176,800,Warehouse_South,604,1
2024-11-20,2,11,Bangalore,Furniture,41,12000,Warehouse_South,439,2
2024-11-20,2,11,Bangalore,Medicines,348,200,Warehouse_North,936,3
2024-11-20,2,11,Chennai,Electronics,89,8500,Warehouse_South,792,4
2024-11-20,2,11,Chennai,Groceries,377,150,Warehouse_North,863,3
2024-11-20,2,11,Chennai,Clothing,153,800,Warehouse_West,296,3
2024-11-20,2,11,Chennai,Furniture,38,12000,Warehouse_South,568,1
2024-11-20,2,11,Chennai,Medicines,319,200,Warehouse_South,796,3
2024-11-20,2,11,Pune,Electronics,72,8500,Warehouse_South,680,1
2024-11-20,2,11,Pune,Groceries,360,150,Warehouse_North,966,4
2024-11-20,2,11,Pune,Clothing,136,800,Warehouse_North,888,2
2024-11-20,2,11,Pune,Furniture,32,12000,Warehouse_South,746,3
2024-11-20,2,11,Pune,Medicines,285,200,Warehouse_South,785,4
2024-11-20,2,11,Hyderabad,Electronics,70,8500,Warehouse_South,406,4
2024-11-20,2,11,Hyderabad,Groceries,372,150,Warehouse_West,806,3
2024-11-20,2,11,Hyderabad,Clothing,142,800,Warehouse_South,878,3
2024-11-20,2,11,Hyderabad,Furniture,33,12000,Warehouse_West,767,2
2024-11-20,2,11,Hyderabad,Medicines,253,200,Warehouse_South,331,1
2024-11-21,3,11,Mumbai,Electronics,133,8500,Warehouse_North,504,3
2024-11-21,3,11,Mumbai,Groceries,569,150,Warehouse_North,389,4
2024-11-21,3,11,Mumbai,Clothing,209,800,Warehouse_West,593,1
2024-11-21,3,11,Mumbai,Furniture,53,12000,Warehouse_West,712,2
2024-11-21,3,11,Mumbai,Medicines,435,200,Warehouse_West,991,2
2024-11-21,3,11,Delhi,Electronics,116,8500,Warehouse_North,559,1
2024-11-21,3,11,Delhi,Groceries,568,150,Warehouse_South,541,3
2024-11-21,3,11,Delhi,Clothing,203,800,Warehouse_West,340,4
2024-11-21,3,11,Delhi,Furniture,50,12000,Warehouse_West,592,2
2024-11-21,3,11,Delhi,Medicines,381,200,Warehouse_South,593,1
2024-11-21,3,11,Bangalore,Electronics,107,8500,Warehouse_South,822,2
2024-11-21,3,11,Bangalore,Groceries,477,150,Warehouse_North,433,1
2024-11-21,3,11,Bangalore,Clothing,186,800,Warehouse_West,346,2
2024-11-21,3,11,Bangalore,Furniture,49,12000,Warehouse_West,266,2
2024-11-21,3,11,Bangalore,Medicines,347,200,Warehouse_West,605,1
2024-11-21,3,11,Chennai,Electronics,79,8500,Warehouse_West,783,3
2024-11-21,3,11,Chennai,Groceries,397,150,Warehouse_West,932,4
2024-11-21,3,11,Chennai,Clothing,142,800,Warehouse_West,783,4
2024-11-21,3,11,Chennai,Furniture,38,12000,Warehouse_South,856,2
2024-11-21,3,11,Chennai,Medicines,300,200,Warehouse_South,941,4
2024-11-21,3,11,Pune,Electronics,90,8500,Warehouse_South,637,1
2024-11-21,3,11,Pune,Groceries,349,150,Warehouse_North,729,3
2024-11-21,3,11,Pune,Clothing,152,800,Warehouse_West,976,2
2024-11-21,3,11,Pune,Furniture,35,12000,Warehouse_West,386,4
2024-11-21,3,11,Pune,Medicines,259,200,Warehouse_North,370,3
2024-11-21,3,11,Hyderabad,Electronics,86,8500,Warehouse_South,455,3
2024-11-21,3,11,Hyderabad,Groceries,408,150,Warehouse_West,203,1
2024-11-21,3,11,Hyderabad,Clothing,160,800,Warehouse_South,705,3
2024-11-21,3,11,Hyderabad,Furniture,40,12000,Warehouse_North,524,1
2024-11-21,3,11,Hyderabad,Medicines,265,200,Warehouse_West,947,3
2024-11-22,4,11,Mumbai,Electronics,111,8500,Warehouse_North,802,2
2024-11-22,4,11,Mumbai,Groceries,521,150,Warehouse_North,205,1
2024-11-22,4,11,Mumbai,Clothing,221,800,Warehouse_North,244,1
2024-11-22,4,11,Mumbai,Furniture,49,12000,Warehouse_North,426,3
2024-11-22,4,11,Mumbai,Medicines,379,200,Warehouse_West,918,3
2024-11-22,4,11,Delhi,Electronics,120,8500,Warehouse_North,496,2
2024-11-22,4,11,Delhi,Groceries,479,150,Warehouse_West,401,3
2024-11-22,4,11,Delhi,Clothing,218,800,Warehouse_South,782,2
2024-11-22,4,11,Delhi,Furniture,46,12000,Warehouse_West,368,3
2024-11-22,4,11,Delhi,Medicines,400,200,Warehouse_North,408,3
2024-11-22,4,11,Bangalore,Electronics,106,8500,Warehouse_West,744,1
2024-11-22,4,11,Bangalore,Groceries,416,150,Warehouse_North,810,2
2024-11-22,4,11,Bangalore,Clothing,171,800,Warehouse_West,637,1
2024-11-22,4,11,Bangalore,Furniture,48,12000,Warehouse_West,901,2
2024-11-22,4,11,Bangalore,Medicines,342,200,Warehouse_South,521,3
2024-11-22,4,11,Chennai,Electronics,94,8500,Warehouse_West,818,2
2024-11-22,4,11,Chennai,Groceries,406,150,Warehouse_North,564,3
2024-11-22,4,11,Chennai,Clothing,159,800,Warehouse_South,223,1
2024-11-22,4,11,Chennai,Furniture,36,12000,Warehouse_North,812,4
2024-11-22,4,11,Chennai,Medicines,306,200,Warehouse_North,831,1
2024-11-22,4,11,Pune,Electronics,81,8500,Warehouse_West,376,3
2024-11-22,4,11,Pune,Groceries,368,150,Warehouse_North,231,4
2024-11-22,4,11,Pune,Clothing,159,800,Warehouse_West,270,3
2024-11-22,4,11,Pune,Furniture,37,12000,Warehouse_South,748,4
2024-11-22,4,11,Pune,Medicines,288,200,Warehouse_West,406,1
2024-11-22,4,11,Hyderabad,Electronics,71,8500,Warehouse_South,973,2
2024-11-22,4,11,Hyderabad,Groceries,354,150,Warehouse_North,830,1
2024-11-22,4,11,Hyderabad,Clothing,139,800,Warehouse_South,736,3
2024-11-22,4,11,Hyderabad,Furniture,35,12000,Warehouse_West,297,3
2024-11-22,4,11,Hyderabad,Medicines,319,200,Warehouse_South,273,4
2024-11-23,5,11,Mumbai,Electronics,175,8500,Warehouse_North,784,4
2024-11-23,5,11,Mumbai,Groceries,719,150,Warehouse_South,838,1
2024-11-23,5,11,Mumbai,Clothing,286,800,Warehouse_North,513,1
2024-11-23,5,11,Mumbai,Furniture,78,12000,Warehouse_West,955,4
2024-11-23,5,11,Mumbai,Medicines,559,200,Warehouse_South,331,3
2024-11-23,5,11,Delhi,Electronics,174,8500,Warehouse_South,245,2
2024-11-23,5,11,Delhi,Groceries,688,150,Warehouse_South,218,2
2024-11-23,5,11,Delhi,Clothing,285,800,Warehouse_North,338,3
2024-11-23,5,11,Delhi,Furniture,73,12000,Warehouse_South,709,4
2024-11-23,5,11,Delhi,Medicines,473,200,Warehouse_North,587,4
2024-11-23,5,11,Bangalore,Electronics,151,8500,Warehouse_North,616,1
2024-11-23,5,11,Bangalore,Groceries,675,150,Warehouse_North,813,1
2024-11-23,5,11,Bangalore,Clothing,253,800,Warehouse_North,551,1
2024-11-23,5,11,Bangalore,Furniture,67,12000,Warehouse_West,332,1
2024-11-23,5,11,Bangalore,Medicines,528,200,Warehouse_West,584,4
2024-11-23,5,11,Chennai,Electronics,120,8500,Warehouse_South,993,1
2024-11-23,5,11,Chennai,Groceries,608,150,Warehouse_South,204,1
2024-11-23,5,11,Chennai,Clothing,241,800,Warehouse_South,697,2
2024-11-23,5,11,Chennai,Furniture,54,12000,Warehouse_South,519,1
2024-11-23,5,11,Chennai,Medicines,378,200,Warehouse_South,222,4
2024-11-23,5,11,Pune,Electronics,117,8500,Warehouse_South,653,3
2024-11-23,5,11,Pune,Groceries,473,150,Warehouse_North,626,1
2024-11-23,5,11,Pune,Clothing,181,800,Warehouse_West,815,3
2024-11-23,5,11,Pune,Furniture,48,12000,Warehouse_North,890,1
2024-11-23,5,11,Pune,Medicines,343,200,Warehouse_West,731,2
2024-11-23,5,11,Hyderabad,Electronics,105,8500,Warehouse_West,560,3
2024-11-23,5,11,Hyderabad,Groceries,476,150,Warehouse_North,760,1
2024-11-23,5,11,Hyderabad,Clothing,200,800,Warehouse_West,843,1
2024-11-23,5,11,Hyderabad,Furniture,50,12000,Warehouse_North,982,3
2024-11-23,5,11,Hyderabad,Medicines,359,200,Warehouse_West,827,4
2024-11-24,6,11,Mumbai,Electronics,181,8500,Warehouse_South,246,1
2024-11-24,6,11,Mumbai,Groceries,751,150,Warehouse_North,429,3
2024-11-24,6,11,Mumbai,Clothing,303,800,Warehouse_North,261,3
2024-11-24,6,11,Mumbai,Furniture,79,12000,Warehouse_South,900,4
2024-11-24,6,11,Mumbai,Medicines,563,200,Warehouse_South,615,1
2024-11-24,6,11,Delhi,Electronics,164,8500,Warehouse_North,690,3
2024-11-24,6,11,Delhi,Groceries,684,150,Warehouse_North,782,3
2024-11-24,6,11,Delhi,Clothing,281,800,Warehouse_South,441,2
2024-11-24,6,11,Delhi,Furniture,66,12000,Warehouse_North,429,1
2024-11-24,6,11,Delhi,Medicines,518,200,Warehouse_North,873,4
2024-11-24,6,11,Bangalore,Electronics,147,8500,Warehouse_North,546,2
2024-11-24,6,11,Bangalore,Groceries,649,150,Warehouse_West,744,3
2024-11-24,6,11,Bangalore,Clothing,287,800,Warehouse_South,985,1
2024-11-24,6,11,Bangalore,Furniture,67,12000,Warehouse_South,650,3
2024-11-24,6,11,Bangalore,Medicines,498,200,Warehouse_West,926,2
2024-11-24,6,11,Chennai,Electronics,136,8500,Warehouse_North,814,1
2024-11-24,6,11,Chennai,Groceries,523,150,Warehouse_South,674,4
2024-11-24,6,11,Chennai,Clothing,259,800,Warehouse_West,270,4
2024-11-24,6,11,Chennai,Furniture,53,12000,Warehouse_West,426,4
2024-11-24,6,11,Chennai,Medicines,405,200,Warehouse_West,976,1
2024-11-24,6,11,Pune,Electronics,117,8500,Warehouse_West,730,4
2024-11-24,6,11,Pune,Groceries,559,150,Warehouse_North,990,3
2024-11-24,6,11,Pune,Clothing,183,800,Warehouse_North,247,4
2024-11-24,6,11,Pune,Furniture,43,12000,Warehouse_North,611,2
2024-11-24,6,11,Pune,Medicines,359,200,Warehouse_South,465,2
2024-11-24,6,11,Hyderabad,Electronics,126,8500,Warehouse_North,703,4
2024-11-24,6,11,Hyderabad,Groceries,529,150,Warehouse_West,685,4
2024-11-24,6,11,Hyderabad,Clothing,197,800,Warehouse_West,679,1
2024-11-24,6,11,Hyderabad,Furniture,49,12000,Warehouse_West,477,3
2024-11-24,6,11,Hyderabad,Medicines,377,200,Warehouse_West,572,4
2024-11-25,0,11,Mumbai,Electronics,110,8500,Warehouse_West,710,1
2024-11-25,0,11,Mumbai,Groceries,566,150,Warehouse_North,940,4
2024-11-25,0,11,Mumbai,Clothing,226,800,Warehouse_North,423,2
2024-11-25,0,11,Mumbai,Furniture,52,12000,Warehouse_South,912,4
2024-11-25,0,11,Mumbai,Medicines,407,200,Warehouse_West,567,3
2024-11-25,0,11,Delhi,Electronics,104,8500,Warehouse_South,854,3
2024-11-25,0,11,Delhi,Groceries,496,150,Warehouse_South,383,1
2024-11-25,0,11,Delhi,Clothing,195,800,Warehouse_North,448,4
2024-11-25,0,11,Delhi,Furniture,47,12000,Warehouse_South,864,2
2024-11-25,0,11,Delhi,Medicines,367,200,Warehouse_North,817,4
2024-11-25,0,11,Bangalore,Electronics,98,8500,Warehouse_North,577,3
2024-11-25,0,11,Bangalore,Groceries,436,150,Warehouse_South,456,1
2024-11-25,0,11,Bangalore,Clothing,181,800,Warehouse_South,263,4
2024-11-25,0,11,Bangalore,Furniture,42,12000,Warehouse_North,271,4
2024-11-25,0,11,Bangalore,Medicines,370,200,Warehouse_South,335,1
2024-11-25,0,11,Chennai,Electronics,88,8500,Warehouse_North,320,2
2024-11-25,0,11,Chennai,Groceries,361,150,Warehouse_West,799,2
2024-11-25,0,11,Chennai,Clothing,148,800,Warehouse_West,656,4
2024-11-25,0,11,Chennai,Furniture,40,12000,Warehouse_South,647,3
2024-11-25,0,11,Chennai,Medicines,298,200,Warehouse_North,251,1
2024-11-25,0,11,Pune,Electronics,86,8500,Warehouse_West,909,2
2024-11-25,0,11,Pune,Groceries,363,150,Warehouse_South,744,3
2024-11-25,0,11,Pune,Clothing,126,800,Warehouse_South,948,4
2024-11-25,0,11,Pune,Furniture,36,12000,Warehouse_North,838,1
2024-11-25,0,11,Pune,Medicines,242,200,Warehouse_South,675,4
2024-11-25,0,11,Hyderabad,Electronics,83,8500,Warehouse_South,637,4
2024-11-25,0,11,Hyderabad,Groceries,380,150,Warehouse_South,967,1
2024-11-25,0,11,Hyderabad,Clothing,132,800,Warehouse_West,959,4
2024-11-25,0,11,Hyderabad,Furniture,38,12000,Warehouse_North,256,2
2024-11-25,0,11,Hyderabad,Medicines,263,200,Warehouse_North,347,1
2024-11-26,1,11,Mumbai,Electronics,119,8500,Warehouse_North,336,2
2024-11-26,1,11,Mumbai,Groceries,574,150,Warehouse_North,721,4
2024-11-26,1,11,Mumbai,Clothing,191,800,Warehouse_North,585,1
2024-11-26,1,11,Mumbai,Furniture,57,12000,Warehouse_North,728,4
2024-11-26,1,11,Mumbai,Medicines,398,200,Warehouse_West,853,4
2024-11-26,1,11,Delhi,Electronics,113,8500,Warehouse_South,536,1
2024-11-26,1,11,Delhi,Groceries,532,150,Warehouse_South,967,1
2024-11-26,1,11,Delhi,Clothing,217,800,Warehouse_South,790,1
2024-11-26,1,11,Delhi,Furniture,51,12000,Warehouse_South,274,4
2024-11-26,1,11,Delhi,Medicines,385,200,Warehouse_South,766,2
2024-11-26,1,11,Bangalore,Electronics,108,8500,Warehouse_West,601,1
2024-11-26,1,11,Bangalore,Groceries,481,150,Warehouse_West,302,3
2024-11-26,1,11,Bangalore,Clothing,178,800,Warehouse_North,307,2
2024-11-26,1,11,Bangalore,Furniture,43,12000,Warehouse_North,272,2
2024-11-26,1,11,Bangalore,Medicines,365,200,Warehouse_North,267,3
2024-11-26,1,11,Chennai,Electronics,84,8500,Warehouse_North,908,3
2024-11-26,1,11,Chennai,Groceries,453,150,Warehouse_West,458,1
2024-11-26,1,11,Chennai,Clothing,163,800,Warehouse_South,374,3
2024-11-26,1,11,Chennai,Furniture,42,12000,Warehouse_North,970,1
2024-11-26,1,11,Chennai,Medicines,308,200,Warehouse_North,914,4
2024-11-26,1,11,Pune,Electronics,76,8500,Warehouse_South,294,1
2024-11-26,1,11,Pune,Groceries,377,150,Warehouse_North,752,4
2024-11-26,1,11,Pune,Clothing,152,800,Warehouse_South,780,1
2024-11-26,1,11,Pune,Furniture,33,12000,Warehouse_West,812,4
2024-11-26,1,11,Pune,Medicines,245,200,Warehouse_West,213,4
2024-11-26,1,11,Hyderabad,Electronics,76,8500,Warehouse_West,956,2
2024-11-26,1,11,Hyderabad,Groceries,357,150,Warehouse_South,233,2
2024-11-26,1,11,Hyderabad,Clothing,162,800,Warehouse_South,570,2
2024-11-26,1,11,Hyderabad,Furniture,37,12000,Warehouse_South,590,4
2024-11-26,1,11,Hyderabad,Medicines,265,200,Warehouse_West,488,2
2024-11-27,2,11,Mumbai,Electronics,119,8500,Warehouse_West,732,2
2024-11-27,2,11,Mumbai,Groceries,533,150,Warehouse_West,559,2
2024-11-27,2,11,Mumbai,Clothing,212,800,Warehouse_North,528,1
2024-11-27,2,11,Mumbai,Furniture,53,12000,Warehouse_West,250,2
2024-11-27,2,11,Mumbai,Medicines,378,200,Warehouse_South,421,3
2024-11-27,2,11,Delhi,Electronics,105,8500,Warehouse_South,253,3
2024-11-27,2,11,Delhi,Groceries,477,150,Warehouse_West,311,3
2024-11-27,2,11,Delhi,Clothing,230,800,Warehouse_North,624,4
2024-11-27,2,11,Delhi,Furniture,53,12000,Warehouse_South,495,2
2024-11-27,2,11,Delhi,Medicines,404,200,Warehouse_South,597,2
2024-11-27,2,11,Bangalore,Electronics,116,8500,Warehouse_South,990,2
2024-11-27,2,11,Bangalore,Groceries,402,150,Warehouse_North,283,4
2024-11-27,2,11,Bangalore,Clothing,195,800,Warehouse_North,709,1
2024-11-27,2,11,Bangalore,Furniture,48,12000,Warehouse_South,828,3
2024-11-27,2,11,Bangalore,Medicines,339,200,Warehouse_North,286,2
2024-11-27,2,11,Chennai,Electronics,91,8500,Warehouse_South,578,3
2024-11-27,2,11,Chennai,Groceries,331,150,Warehouse_West,490,1
2024-11-27,2,11,Chennai,Clothing,161,800,Warehouse_North,876,4
2024-11-27,2,11,Chennai,Furniture,45,12000,Warehouse_West,644,1
2024-11-27,2,11,Chennai,Medicines,289,200,Warehouse_West,550,2
2024-11-27,2,11,Pune,Electronics,81,8500,Warehouse_West,289,3
2024-11-27,2,11,Pune,Groceries,342,150,Warehouse_North,975,3
2024-11-27,2,11,Pune,Clothing,143,800,Warehouse_North,735,4
2024-11-27,2,11,Pune,Furniture,38,12000,Warehouse_South,698,4
2024-11-27,2,11,Pune,Medicines,251,200,Warehouse_South,918,1
2024-11-27,2,11,Hyderabad,Electronics,81,8500,Warehouse_South,238,4
2024-11-27,2,11,Hyderabad,Groceries,327,150,Warehouse_South,581,1
2024-11-27,2,11,Hyderabad,Clothing,163,800,Warehouse_North,906,2
2024-11-27,2,11,Hyderabad,Furniture,37,12000,Warehouse_South,525,2
2024-11-27,2,11,Hyderabad,Medicines,258,200,Warehouse_South,847,3
2024-11-28,3,11,Mumbai,Electronics,127,8500,Warehouse_West,216,3
2024-11-28,3,11,Mumbai,Groceries,561,150,Warehouse_West,983,2
2024-11-28,3,11,Mumbai,Clothing,213,800,Warehouse_South,472,2
2024-11-28,3,11,Mumbai,Furniture,57,12000,Warehouse_South,651,2
2024-11-28,3,11,Mumbai,Medicines,410,200,Warehouse_West,602,2
2024-11-28,3,11,Delhi,Electronics,115,8500,Warehouse_North,399,2
2024-11-28,3,11,Delhi,Groceries,505,150,Warehouse_West,640,1
2024-11-28,3,11,Delhi,Clothing,193,800,Warehouse_West,906,2
2024-11-28,3,11,Delhi,Furniture,46,12000,Warehouse_South,321,1
2024-11-28,3,11,Delhi,Medicines,346,200,Warehouse_North,206,2
2024-11-28,3,11,Bangalore,Electronics,105,8500,Warehouse_North,656,4
2024-11-28,3,11,Bangalore,Groceries,491,150,Warehouse_West,835,2
2024-11-28,3,11,Bangalore,Clothing,181,800,Warehouse_North,566,4
2024-11-28,3,11,Bangalore,Furniture,45,12000,Warehouse_North,361,4
2024-11-28,3,11,Bangalore,Medicines,411,200,Warehouse_West,257,4
2024-11-28,3,11,Chennai,Electronics,88,8500,Warehouse_West,224,2
2024-11-28,3,11,Chennai,Groceries,394,150,Warehouse_North,205,1
2024-11-28,3,11,Chennai,Clothing,151,800,Warehouse_North,631,3
2024-11-28,3,11,Chennai,Furniture,36,12000,Warehouse_West,302,4
2024-11-28,3,11,Chennai,Medicines,292,200,Warehouse_North,826,2
2024-11-28,3,11,Pune,Electronics,82,8500,Warehouse_West,390,3
2024-11-28,3,11,Pune,Groceries,352,150,Warehouse_South,753,2
2024-11-28,3,11,Pune,Clothing,130,800,Warehouse_North,569,4
2024-11-28,3,11,Pune,Furniture,36,12000,Warehouse_North,835,3
2024-11-28,3,11,Pune,Medicines,228,200,Warehouse_South,518,4
2024-11-28,3,11,Hyderabad,Electronics,84,8500,Warehouse_North,481,4
2024-11-28,3,11,Hyderabad,Groceries,331,150,Warehouse_North,570,2
2024-11-28,3,11,Hyderabad,Clothing,134,800,Warehouse_South,536,4
2024-11-28,3,11,Hyderabad,Furniture,40,12000,Warehouse_South,785,2
2024-11-28,3,11,Hyderabad,Medicines,296,200,Warehouse_West,597,2
2024-11-29,4,11,Mumbai,Electronics,120,8500,Warehouse_North,977,2
2024-11-29,4,11,Mumbai,Groceries,518,150,Warehouse_West,247,2
2024-11-29,4,11,Mumbai,Clothing,203,800,Warehouse_North,853,2
2024-11-29,4,11,Mumbai,Furniture,52,12000,Warehouse_North,515,1
2024-11-29,4,11,Mumbai,Medicines,416,200,Warehouse_West,800,1
2024-11-29,4,11,Delhi,Electronics,119,8500,Warehouse_South,854,1
2024-11-29,4,11,Delhi,Groceries,479,150,Warehouse_South,698,2
2024-11-29,4,11,Delhi,Clothing,188,800,Warehouse_West,652,4
2024-11-29,4,11,Delhi,Furniture,51,12000,Warehouse_West,581,2
2024-11-29,4,11,Delhi,Medicines,373,200,Warehouse_North,366,3
2024-11-29,4,11,Bangalore,Electronics,108,8500,Warehouse_South,661,2
2024-11-29,4,11,Bangalore,Groceries,443,150,Warehouse_West,400,3
2024-11-29,4,11,Bangalore,Clothing,190,800,Warehouse_South,943,3
2024-11-29,4,11,Bangalore,Furniture,47,12000,Warehouse_West,548,4
2024-11-29,4,11,Bangalore,Medicines,344,200,Warehouse_North,366,4
2024-11-29,4,11,Chennai,Electronics,83,8500,Warehouse_North,651,2
2024-11-29,4,11,Chennai,Groceries,451,150,Warehouse_North,503,1
2024-11-29,4,11,Chennai,Clothing,181,800,Warehouse_North,589,4
2024-11-29,4,11,Chennai,Furniture,37,12000,Warehouse_North,529,2
2024-11-29,4,11,Chennai,Medicines,314,200,Warehouse_West,834,3
2024-11-29,4,11,Pune,Electronics,79,8500,Warehouse_West,685,1
2024-11-29,4,11,Pune,Groceries,361,150,Warehouse_South,972,2
2024-11-29,4,11,Pune,Clothing,135,800,Warehouse_South,381,3
2024-11-29,4,11,Pune,Furniture,36,12000,Warehouse_South,547,2
2024-11-29,4,11,Pune,Medicines,274,200,Warehouse_West,494,4
2024-11-29,4,11,Hyderabad,Electronics,78,8500,Warehouse_West,970,3
2024-11-29,4,11,Hyderabad,Groceries,327,150,Warehouse_South,430,3
2024-11-29,4,11,Hyderabad,Clothing,133,800,Warehouse_North,510,1
2024-11-29,4,11,Hyderabad,Furniture,31,12000,Warehouse_West,451,1
2024-11-29,4,11,Hyderabad,Medicines,272,200,Warehouse_South,427,2
2024-11-30,5,11,Mumbai,Electronics,169,8500,Warehouse_South,848,3
2024-11-30,5,11,Mumbai,Groceries,730,150,Warehouse_South,819,4
2024-11-30,5,11,Mumbai,Clothing,330,800,Warehouse_West,843,4
2024-11-30,5,11,Mumbai,Furniture,76,12000,Warehouse_West,930,2
2024-11-30,5,11,Mumbai,Medicines,580,200,Warehouse_West,392,1
2024-11-30,5,11,Delhi,Electronics,160,8500,Warehouse_South,958,3
2024-11-30,5,11,Delhi,Groceries,700,150,Warehouse_North,775,3
2024-11-30,5,11,Delhi,Clothing,289,800,Warehouse_West,477,4
2024-11-30,5,11,Delhi,Furniture,73,12000,Warehouse_South,638,3
2024-11-30,5,11,Delhi,Medicines,541,200,Warehouse_West,829,3
2024-11-30,5,11,Bangalore,Electronics,143,8500,Warehouse_North,774,1
2024-11-30,5,11,Bangalore,Groceries,685,150,Warehouse_North,692,4
2024-11-30,5,11,Bangalore,Clothing,258,800,Warehouse_North,493,1
2024-11-30,5,11,Bangalore,Furniture,62,12000,Warehouse_South,946,1
2024-11-30,5,11,Bangalore,Medicines,502,200,Warehouse_North,742,4
2024-11-30,5,11,Chennai,Electronics,127,8500,Warehouse_South,345,3
2024-11-30,5,11,Chennai,Groceries,552,150,Warehouse_West,648,3
2024-11-30,5,11,Chennai,Clothing,229,800,Warehouse_West,845,2
2024-11-30,5,11,Chennai,Furniture,59,12000,Warehouse_West,713,1
2024-11-30,5,11,Chennai,Medicines,383,200,Warehouse_North,962,2
2024-11-30,5,11,Pune,Electronics,107,8500,Warehouse_North,513,3
2024-11-30,5,11,Pune,Groceries,504,150,Warehouse_West,638,1
2024-11-30,5,11,Pune,Clothing,213,800,Warehouse_South,423,1
2024-11-30,5,11,Pune,Furniture,53,12000,Warehouse_North,895,3
2024-11-30,5,11,Pune,Medicines,354,200,Warehouse_South,769,1
2024-11-30,5,11,Hyderabad,Electronics,117,8500,Warehouse_West,216,2
2024-11-30,5,11,Hyderabad,Groceries,511,150,Warehouse_South,545,3
2024-11-30,5,11,Hyderabad,Clothing,200,800,Warehouse_West,459,3
2024-11-30,5,11,Hyderabad,Furniture,49,12000,Warehouse_North,262,4
2024-11-30,5,11,Hyderabad,Medicines,398,200,Warehouse_South,954,3
2024-12-01,6,12,Mumbai,Electronics,105,8500,Warehouse_South,441,2
2024-12-01,6,12,Mumbai,Groceries,400,150,Warehouse_West,227,3
2024-12-01,6,12,Mumbai,Clothing,156,800,Warehouse_West,463,1
2024-12-01,6,12,Mumbai,Furniture,42,12000,Warehouse_South,479,3
2024-12-01,6,12,Mumbai,Medicines,283,200,Warehouse_West,479,2
2024-12-01,6,12,Delhi,Electronics,76,8500,Warehouse_South,913,4
2024-12-01,6,12,Delhi,Groceries,378,150,Warehouse_North,881,3
2024-12-01,6,12,Delhi,Clothing,179,800,Warehouse_South,698,3
2024-12-01,6,12,Delhi,Furniture,35,12000,Warehouse_North,265,3
2024-12-01,6,12,Delhi,Medicines,319,200,Warehouse_West,676,4
2024-12-01,6,12,Bangalore,Electronics,89,8500,Warehouse_North,913,4
2024-12-01,6,12,Bangalore,Groceries,389,150,Warehouse_North,959,1
2024-12-01,6,12,Bangalore,Clothing,150,800,Warehouse_West,871,4
2024-12-01,6,12,Bangalore,Furniture,35,12000,Warehouse_North,822,3
2024-12-01,6,12,Bangalore,Medicines,261,200,Warehouse_South,753,3
2024-12-01,6,12,Chennai,Electronics,74,8500,Warehouse_South,779,2
2024-12-01,6,12,Chennai,Groceries,300,150,Warehouse_North,550,2
2024-12-01,6,12,Chennai,Clothing,118,800,Warehouse_North,988,3
2024-12-01,6,12,Chennai,Furniture,33,12000,Warehouse_South,310,1
2024-12-01,6,12,Chennai,Medicines,239,200,Warehouse_South,638,2
2024-12-01,6,12,Pune,Electronics,64,8500,Warehouse_West,451,4
2024-12-01,6,12,Pune,Groceries,287,150,Warehouse_West,847,2
2024-12-01,6,12,Pune,Clothing,113,800,Warehouse_South,768,2
2024-12-01,6,12,Pune,Furniture,25,12000,Warehouse_North,324,2
2024-12-01,6,12,Pune,Medicines,258,200,Warehouse_North,546,2
2024-12-01,6,12,Hyderabad,Electronics,69,8500,Warehouse_West,382,3
2024-12-01,6,12,Hyderabad,Groceries,308,150,Warehouse_North,877,2
2024-12-01,6,12,Hyderabad,Clothing,83,800,Warehouse_North,310,1
2024-12-01,6,12,Hyderabad,Furniture,28,12000,Warehouse_South,472,1
2024-12-01,6,12,Hyderabad,Medicines,251,200,Warehouse_West,803,1
2024-12-02,0,12,Mumbai,Electronics,67,8500,Warehouse_South,510,4
2024-12-02,0,12,Mumbai,Groceries,302,150,Warehouse_North,246,4
2024-12-02,0,12,Mumbai,Clothing,117,800,Warehouse_South,396,1
2024-12-02,0,12,Mumbai,Furniture,23,12000,Warehouse_West,236,3
2024-12-02,0,12,Mumbai,Medicines,241,200,Warehouse_West,670,2
2024-12-02,0,12,Delhi,Electronics,59,8500,Warehouse_West,573,2
2024-12-02,0,12,Delhi,Groceries,293,150,Warehouse_South,533,3
2024-12-02,0,12,Delhi,Clothing,93,800,Warehouse_North,575,4
2024-12-02,0,12,Delhi,Furniture,27,12000,Warehouse_North,980,3
2024-12-02,0,12,Delhi,Medicines,213,200,Warehouse_South,280,2
2024-12-02,0,12,Bangalore,Electronics,67,8500,Warehouse_North,739,2
2024-12-02,0,12,Bangalore,Groceries,294,150,Warehouse_West,591,1
2024-12-02,0,12,Bangalore,Clothing,99,800,Warehouse_North,879,3
2024-12-02,0,12,Bangalore,Furniture,26,12000,Warehouse_South,497,4
2024-12-02,0,12,Bangalore,Medicines,237,200,Warehouse_South,827,2
2024-12-02,0,12,Chennai,Electronics,52,8500,Warehouse_South,519,4
2024-12-02,0,12,Chennai,Groceries,225,150,Warehouse_West,538,4
2024-12-02,0,12,Chennai,Clothing,84,800,Warehouse_North,243,3
2024-12-02,0,12,Chennai,Furniture,26,12000,Warehouse_West,909,1
2024-12-02,0,12,Chennai,Medicines,134,200,Warehouse_West,674,4
2024-12-02,0,12,Pune,Electronics,48,8500,Warehouse_North,409,2
2024-12-02,0,12,Pune,Groceries,209,150,Warehouse_South,209,1
2024-12-02,0,12,Pune,Clothing,89,800,Warehouse_West,668,4
2024-12-02,0,12,Pune,Furniture,22,12000,Warehouse_South,258,2
2024-12-02,0,12,Pune,Medicines,131,200,Warehouse_West,294,1
2024-12-02,0,12,Hyderabad,Electronics,36,8500,Warehouse_West,883,4
2024-12-02,0,12,Hyderabad,Groceries,184,150,Warehouse_West,256,4
2024-12-02,0,12,Hyderabad,Clothing,80,800,Warehouse_West,945,1
2024-12-02,0,12,Hyderabad,Furniture,24,12000,Warehouse_North,205,2
2024-12-02,0,12,Hyderabad,Medicines,193,200,Warehouse_North,786,3
2024-12-03,1,12,Mumbai,Electronics,63,8500,Warehouse_West,579,4
2024-12-03,1,12,Mumbai,Groceries,310,150,Warehouse_North,893,1
2024-12-03,1,12,Mumbai,Clothing,126,800,Warehouse_West,931,3
2024-12-03,1,12,Mumbai,Furniture,29,12000,Warehouse_South,725,1
2024-12-03,1,12,Mumbai,Medicines,178,200,Warehouse_South,371,1
2024-12-03,1,12,Delhi,Electronics,67,8500,Warehouse_West,558,2
2024-12-03,1,12,Delhi,Groceries,247,150,Warehouse_West,790,4
2024-12-03,1,12,Delhi,Clothing,118,800,Warehouse_North,728,1
2024-12-03,1,12,Delhi,Furniture,35,12000,Warehouse_West,396,1
2024-12-03,1,12,Delhi,Medicines,239,200,Warehouse_West,729,1
2024-12-03,1,12,Bangalore,Electronics,64,8500,Warehouse_West,521,3
2024-12-03,1,12,Bangalore,Groceries,222,150,Warehouse_North,593,2
2024-12-03,1,12,Bangalore,Clothing,88,800,Warehouse_North,626,4
2024-12-03,1,12,Bangalore,Furniture,25,12000,Warehouse_North,949,2
2024-12-03,1,12,Bangalore,Medicines,207,200,Warehouse_West,940,1
2024-12-03,1,12,Chennai,Electronics,41,8500,Warehouse_North,220,4
2024-12-03,1,12,Chennai,Groceries,271,150,Warehouse_North,937,4
2024-12-03,1,12,Chennai,Clothing,93,800,Warehouse_South,300,2
2024-12-03,1,12,Chennai,Furniture,21,12000,Warehouse_South,279,2
2024-12-03,1,12,Chennai,Medicines,206,200,Warehouse_West,577,2
2024-12-03,1,12,Pune,Electronics,36,8500,Warehouse_West,898,1
2024-12-03,1,12,Pune,Groceries,205,150,Warehouse_North,722,3
2024-12-03,1,12,Pune,Clothing,72,800,Warehouse_North,414,3
2024-12-03,1,12,Pune,Furniture,21,12000,Warehouse_West,272,2
2024-12-03,1,12,Pune,Medicines,168,200,Warehouse_South,473,1
2024-12-03,1,12,Hyderabad,Electronics,26,8500,Warehouse_North,240,2
2024-12-03,1,12,Hyderabad,Groceries,232,150,Warehouse_South,709,2
2024-12-03,1,12,Hyderabad,Clothing,64,800,Warehouse_South,666,2
2024-12-03,1,12,Hyderabad,Furniture,26,12000,Warehouse_West,991,3
2024-12-03,1,12,Hyderabad,Medicines,114,200,Warehouse_South,219,3
2024-12-04,2,12,Mumbai,Electronics,64,8500,Warehouse_West,744,2
2024-12-04,2,12,Mumbai,Groceries,306,150,Warehouse_North,734,2
2024-12-04,2,12,Mumbai,Clothing,136,800,Warehouse_West,991,2
2024-12-04,2,12,Mumbai,Furniture,26,12000,Warehouse_South,523,3
2024-12-04,2,12,Mumbai,Medicines,236,200,Warehouse_North,397,2
2024-12-04,2,12,Delhi,Electronics,61,8500,Warehouse_South,445,1
2024-12-04,2,12,Delhi,Groceries,257,150,Warehouse_West,405,1
2024-12-04,2,12,Delhi,Clothing,132,800,Warehouse_North,787,3
2024-12-04,2,12,Delhi,Furniture,28,12000,Warehouse_West,840,2
2024-12-04,2,12,Delhi,Medicines,192,200,Warehouse_North,712,3
2024-12-04,2,12,Bangalore,Electronics,53,8500,Warehouse_South,531,3
2024-12-04,2,12,Bangalore,Groceries,251,150,Warehouse_West,328,4
2024-12-04,2,12,Bangalore,Clothing,101,800,Warehouse_West,777,1
2024-12-04,2,12,Bangalore,Furniture,20,12000,Warehouse_North,685,4
2024-12-04,2,12,Bangalore,Medicines,218,200,Warehouse_West,519,2
2024-12-04,2,12,Chennai,Electronics,63,8500,Warehouse_North,397,3
2024-12-04,2,12,Chennai,Groceries,234,150,Warehouse_North,222,1
2024-12-04,2,12,Chennai,Clothing,99,800,Warehouse_South,977,4
2024-12-04,2,12,Chennai,Furniture,21,12000,Warehouse_West,997,2
2024-12-04,2,12,Chennai,Medicines,170,200,Warehouse_North,724,4
2024-12-04,2,12,Pune,Electronics,44,8500,Warehouse_West,368,2
2024-12-04,2,12,Pune,Groceries,159,150,Warehouse_North,499,2
2024-12-04,2,12,Pune,Clothing,76,800,Warehouse_North,712,2
2024-12-04,2,12,Pune,Furniture,20,12000,Warehouse_South,501,1
2024-12-04,2,12,Pune,Medicines,139,200,Warehouse_West,382,3
2024-12-04,2,12,Hyderabad,Electronics,48,8500,Warehouse_South,291,3
2024-12-04,2,12,Hyderabad,Groceries,235,150,Warehouse_West,903,3
2024-12-04,2,12,Hyderabad,Clothing,84,800,Warehouse_North,446,4
2024-12-04,2,12,Hyderabad,Furniture,18,12000,Warehouse_North,285,1
2024-12-04,2,12,Hyderabad,Medicines,165,200,Warehouse_South,381,4
2024-12-05,3,12,Mumbai,Electronics,62,8500,Warehouse_West,466,2
2024-12-05,3,12,Mumbai,Groceries,300,150,Warehouse_West,798,1
2024-12-05,3,12,Mumbai,Clothing,139,800,Warehouse_North,332,3
2024-12-05,3,12,Mumbai,Furniture,28,12000,Warehouse_North,517,1
2024-12-05,3,12,Mumbai,Medicines,221,200,Warehouse_North,832,2
2024-12-05,3,12,Delhi,Electronics,58,8500,Warehouse_South,768,4
2024-12-05,3,12,Delhi,Groceries,286,150,Warehouse_North,229,1
2024-12-05,3,12,Delhi,Clothing,130,800,Warehouse_North,408,3
2024-12-05,3,12,Delhi,Furniture,24,12000,Warehouse_North,371,2
2024-12-05,3,12,Delhi,Medicines,202,200,Warehouse_West,820,4
2024-12-05,3,12,Bangalore,Electronics,60,8500,Warehouse_South,430,2
2024-12-05,3,12,Bangalore,Groceries,315,150,Warehouse_South,327,4
2024-12-05,3,12,Bangalore,Clothing,85,800,Warehouse_North,740,4
2024-12-05,3,12,Bangalore,Furniture,29,12000,Warehouse_South,729,3
2024-12-05,3,12,Bangalore,Medicines,205,200,Warehouse_South,770,4
2024-12-05,3,12,Chennai,Electronics,42,8500,Warehouse_West,332,3
2024-12-05,3,12,Chennai,Groceries,199,150,Warehouse_South,383,1
2024-12-05,3,12,Chennai,Clothing,81,800,Warehouse_West,635,4
2024-12-05,3,12,Chennai,Furniture,20,12000,Warehouse_South,642,2
2024-12-05,3,12,Chennai,Medicines,141,200,Warehouse_South,332,4
2024-12-05,3,12,Pune,Electronics,52,8500,Warehouse_South,621,4
2024-12-05,3,12,Pune,Groceries,235,150,Warehouse_West,637,4
2024-12-05,3,12,Pune,Clothing,49,800,Warehouse_North,622,4
2024-12-05,3,12,Pune,Furniture,20,12000,Warehouse_West,976,4
2024-12-05,3,12,Pune,Medicines,161,200,Warehouse_South,747,2
2024-12-05,3,12,Hyderabad,Electronics,42,8500,Warehouse_West,447,1
2024-12-05,3,12,Hyderabad,Groceries,176,150,Warehouse_North,302,1
2024-12-05,3,12,Hyderabad,Clothing,88,800,Warehouse_South,682,1
2024-12-05,3,12,Hyderabad,Furniture,21,12000,Warehouse_South,746,2
2024-12-05,3,12,Hyderabad,Medicines,141,200,Warehouse_North,526,2
2024-12-06,4,12,Mumbai,Electronics,65,8500,Warehouse_South,750,3
2024-12-06,4,12,Mumbai,Groceries,275,150,Warehouse_West,468,2
2024-12-06,4,12,Mumbai,Clothing,135,800,Warehouse_South,787,3
2024-12-06,4,12,Mumbai,Furniture,31,12000,Warehouse_North,433,2
2024-12-06,4,12,Mumbai,Medicines,213,200,Warehouse_South,547,3
2024-12-06,4,12,Delhi,Electronics,47,8500,Warehouse_North,557,2
2024-12-06,4,12,Delhi,Groceries,303,150,Warehouse_West,761,4
2024-12-06,4,12,Delhi,Clothing,128,800,Warehouse_North,786,2
2024-12-06,4,12,Delhi,Furniture,27,12000,Warehouse_South,521,4
2024-12-06,4,12,Delhi,Medicines,184,200,Warehouse_West,565,3
2024-12-06,4,12,Bangalore,Electronics,59,8500,Warehouse_North,841,3
2024-12-06,4,12,Bangalore,Groceries,238,150,Warehouse_South,680,4
2024-12-06,4,12,Bangalore,Clothing,89,800,Warehouse_South,993,4
2024-12-06,4,12,Bangalore,Furniture,26,12000,Warehouse_North,808,3
2024-12-06,4,12,Bangalore,Medicines,190,200,Warehouse_West,341,3
2024-12-06,4,12,Chennai,Electronics,52,8500,Warehouse_North,781,4
2024-12-06,4,12,Chennai,Groceries,245,150,Warehouse_South,687,4
2024-12-06,4,12,Chennai,Clothing,102,800,Warehouse_North,438,1
2024-12-06,4,12,Chennai,Furniture,19,12000,Warehouse_South,385,4
2024-12-06,4,12,Chennai,Medicines,177,200,Warehouse_West,766,1
2024-12-06,4,12,Pune,Electronics,39,8500,Warehouse_South,665,1
2024-12-06,4,12,Pune,Groceries,222,150,Warehouse_West,373,3
2024-12-06,4,12,Pune,Clothing,71,800,Warehouse_West,227,4
2024-12-06,4,12,Pune,Furniture,23,12000,Warehouse_South,258,2
2024-12-06,4,12,Pune,Medicines,179,200,Warehouse_South,856,4
2024-12-06,4,12,Hyderabad,Electronics,45,8500,Warehouse_South,323,1
2024-12-06,4,12,Hyderabad,Groceries,144,150,Warehouse_West,768,4
2024-12-06,4,12,Hyderabad,Clothing,96,800,Warehouse_North,882,4
2024-12-06,4,12,Hyderabad,Furniture,21,12000,Warehouse_South,466,1
2024-12-06,4,12,Hyderabad,Medicines,160,200,Warehouse_North,813,2
2024-12-07,5,12,Mumbai,Electronics,90,8500,Warehouse_West,953,1
2024-12-07,5,12,Mumbai,Groceries,410,150,Warehouse_South,421,3
2024-12-07,5,12,Mumbai,Clothing,171,800,Warehouse_North,207,4
2024-12-07,5,12,Mumbai,Furniture,42,12000,Warehouse_South,978,3
2024-12-07,5,12,Mumbai,Medicines,317,200,Warehouse_South,227,4
2024-12-07,5,12,Delhi,Electronics,91,8500,Warehouse_South,471,4
2024-12-07,5,12,Delhi,Groceries,397,150,Warehouse_South,989,4
2024-12-07,5,12,Delhi,Clothing,171,800,Warehouse_West,968,1
2024-12-07,5,12,Delhi,Furniture,41,12000,Warehouse_South,902,3
2024-12-07,5,12,Delhi,Medicines,245,200,Warehouse_North,752,1
2024-12-07,5,12,Bangalore,Electronics,83,8500,Warehouse_South,265,3
2024-12-07,5,12,Bangalore,Groceries,405,150,Warehouse_South,800,4
2024-12-07,5,12,Bangalore,Clothing,157,800,Warehouse_North,961,3
2024-12-07,5,12,Bangalore,Furniture,33,12000,Warehouse_West,936,2
2024-12-07,5,12,Bangalore,Medicines,272,200,Warehouse_West,809,1
2024-12-07,5,12,Chennai,Electronics,60,8500,Warehouse_West,528,1
2024-12-07,5,12,Chennai,Groceries,313,150,Warehouse_West,898,1
2024-12-07,5,12,Chennai,Clothing,125,800,Warehouse_South,418,3
2024-12-07,5,12,Chennai,Furniture,27,12000,Warehouse_North,392,3
2024-12-07,5,12,Chennai,Medicines,219,200,Warehouse_South,658,2
2024-12-07,5,12,Pune,Electronics,63,8500,Warehouse_North,810,2
2024-12-07,5,12,Pune,Groceries,281,150,Warehouse_North,695,3
2024-12-07,5,12,Pune,Clothing,113,800,Warehouse_North,687,4
2024-12-07,5,12,Pune,Furniture,24,12000,Warehouse_North,705,1
2024-12-07,5,12,Pune,Medicines,240,200,Warehouse_North,259,2
2024-12-07,5,12,Hyderabad,Electronics,63,8500,Warehouse_West,758,2
2024-12-07,5,12,Hyderabad,Groceries,286,150,Warehouse_South,309,4
2024-12-07,5,12,Hyderabad,Clothing,124,800,Warehouse_North,453,3
2024-12-07,5,12,Hyderabad,Furniture,31,12000,Warehouse_South,296,2
2024-12-07,5,12,Hyderabad,Medicines,237,200,Warehouse_West,786,1
2024-12-08,6,12,Mumbai,Electronics,95,8500,Warehouse_North,300,2
2024-12-08,6,12,Mumbai,Groceries,431,150,Warehouse_West,852,4
2024-12-08,6,12,Mumbai,Clothing,142,800,Warehouse_North,501,1
2024-12-08,6,12,Mumbai,Furniture,41,12000,Warehouse_North,416,4
2024-12-08,6,12,Mumbai,Medicines,326,200,Warehouse_South,270,1
2024-12-08,6,12,Delhi,Electronics,96,8500,Warehouse_North,868,1
2024-12-08,6,12,Delhi,Groceries,356,150,Warehouse_North,324,1
2024-12-08,6,12,Delhi,Clothing,156,800,Warehouse_South,773,4
2024-12-08,6,12,Delhi,Furniture,38,12000,Warehouse_North,261,1
2024-12-08,6,12,Delhi,Medicines,303,200,Warehouse_West,952,3
2024-12-08,6,12,Bangalore,Electronics,86,8500,Warehouse_South,499,1
2024-12-08,6,12,Bangalore,Groceries,442,150,Warehouse_West,451,3
2024-12-08,6,12,Bangalore,Clothing,138,800,Warehouse_West,540,2
2024-12-08,6,12,Bangalore,Furniture,30,12000,Warehouse_South,602,4
2024-12-08,6,12,Bangalore,Medicines,279,200,Warehouse_South,775,4
2024-12-08,6,12,Chennai,Electronics,63,8500,Warehouse_North,410,3
2024-12-08,6,12,Chennai,Groceries,265,150,Warehouse_North,784,3
2024-12-08,6,12,Chennai,Clothing,118,800,Warehouse_North,519,2
2024-12-08,6,12,Chennai,Furniture,37,12000,Warehouse_West,920,2
2024-12-08,6,12,Chennai,Medicines,252,200,Warehouse_South,849,1
2024-12-08,6,12,Pune,Electronics,63,8500,Warehouse_West,258,3
2024-12-08,6,12,Pune,Groceries,325,150,Warehouse_West,260,3
2024-12-08,6,12,Pune,Clothing,111,800,Warehouse_West,850,4
2024-12-08,6,12,Pune,Furniture,24,12000,Warehouse_North,238,4
2024-12-08,6,12,Pune,Medicines,256,200,Warehouse_West,608,3
2024-12-08,6,12,Hyderabad,Electronics,66,8500,Warehouse_West,411,2
2024-12-08,6,12,Hyderabad,Groceries,279,150,Warehouse_West,691,3
2024-12-08,6,12,Hyderabad,Clothing,115,800,Warehouse_North,345,2
2024-12-08,6,12,Hyderabad,Furniture,26,12000,Warehouse_West,549,2
2024-12-08,6,12,Hyderabad,Medicines,195,200,Warehouse_South,442,3
2024-12-09,0,12,Mumbai,Electronics,66,8500,Warehouse_North,234,1
2024-12-09,0,12,Mumbai,Groceries,291,150,Warehouse_South,899,3
2024-12-09,0,12,Mumbai,Clothing,132,800,Warehouse_North,236,3
2024-12-09,0,12,Mumbai,Furniture,31,12000,Warehouse_South,599,2
2024-12-09,0,12,Mumbai,Medicines,220,200,Warehouse_North,487,2
2024-12-09,0,12,Delhi,Electronics,67,8500,Warehouse_South,238,1
2024-12-09,0,12,Delhi,Groceries,291,150,Warehouse_West,577,1
2024-12-09,0,12,Delhi,Clothing,122,800,Warehouse_North,480,1
2024-12-09,0,12,Delhi,Furniture,27,12000,Warehouse_South,748,4
2024-12-09,0,12,Delhi,Medicines,261,200,Warehouse_North,208,4
2024-12-09,0,12,Bangalore,Electronics,51,8500,Warehouse_West,701,2
2024-12-09,0,12,Bangalore,Groceries,292,150,Warehouse_West,977,3
2024-12-09,0,12,Bangalore,Clothing,86,800,Warehouse_West,610,2
2024-12-09,0,12,Bangalore,Furniture,21,12000,Warehouse_South,296,4
2024-12-09,0,12,Bangalore,Medicines,161,200,Warehouse_North,335,2
2024-12-09,0,12,Chennai,Electronics,47,8500,Warehouse_West,236,4
2024-12-09,0,12,Chennai,Groceries,167,150,Warehouse_North,984,1
2024-12-09,0,12,Chennai,Clothing,83,800,Warehouse_West,257,3
2024-12-09,0,12,Chennai,Furniture,23,12000,Warehouse_North,641,2
2024-12-09,0,12,Chennai,Medicines,170,200,Warehouse_South,778,2
2024-12-09,0,12,Pune,Electronics,47,8500,Warehouse_West,729,2
2024-12-09,0,12,Pune,Groceries,177,150,Warehouse_North,787,1
2024-12-09,0,12,Pune,Clothing,59,800,Warehouse_South,581,1
2024-12-09,0,12,Pune,Furniture,19,12000,Warehouse_South,939,3
2024-12-09,0,12,Pune,Medicines,123,200,Warehouse_West,934,1
2024-12-09,0,12,Hyderabad,Electronics,45,8500,Warehouse_West,977,3
2024-12-09,0,12,Hyderabad,Groceries,223,150,Warehouse_South,580,4
2024-12-09,0,12,Hyderabad,Clothing,94,800,Warehouse_South,512,4
2024-12-09,0,12,Hyderabad,Furniture,20,12000,Warehouse_North,292,3
2024-12-09,0,12,Hyderabad,Medicines,142,200,Warehouse_North,411,3
2024-12-10,1,12,Mumbai,Electronics,64,8500,Warehouse_North,790,4
2024-12-10,1,12,Mumbai,Groceries,264,150,Warehouse_South,521,4
2024-12-10,1,12,Mumbai,Clothing,123,800,Warehouse_North,206,2
2024-12-10,1,12,Mumbai,Furniture,29,12000,Warehouse_South,338,2
2024-12-10,1,12,Mumbai,Medicines,192,200,Warehouse_North,437,4
2024-12-10,1,12,Delhi,Electronics,59,8500,Warehouse_South,540,3
2024-12-10,1,12,Delhi,Groceries,259,150,Warehouse_West,610,2
2024-12-10,1,12,Delhi,Clothing,94,800,Warehouse_West,245,2
2024-12-10,1,12,Delhi,Furniture,21,12000,Warehouse_West,861,2
2024-12-10,1,12,Delhi,Medicines,243,200,Warehouse_North,220,2
2024-12-10,1,12,Bangalore,Electronics,47,8500,Warehouse_West,678,3
2024-12-10,1,12,Bangalore,Groceries,278,150,Warehouse_West,340,2
2024-12-10,1,12,Bangalore,Clothing,98,800,Warehouse_South,752,2
2024-12-10,1,12,Bangalore,Furniture,22,12000,Warehouse_South,967,1
2024-12-10,1,12,Bangalore,Medicines,178,200,Warehouse_West,669,4
2024-12-10,1,12,Chennai,Electronics,55,8500,Warehouse_West,824,3
2024-12-10,1,12,Chennai,Groceries,230,150,Warehouse_West,468,2
2024-12-10,1,12,Chennai,Clothing,93,800,Warehouse_South,453,3
2024-12-10,1,12,Chennai,Furniture,23,12000,Warehouse_North,601,1
2024-12-10,1,12,Chennai,Medicines,157,200,Warehouse_West,532,1
2024-12-10,1,12,Pune,Electronics,46,8500,Warehouse_South,741,3
2024-12-10,1,12,Pune,Groceries,162,150,Warehouse_South,636,2
2024-12-10,1,12,Pune,Clothing,83,800,Warehouse_West,730,4
2024-12-10,1,12,Pune,Furniture,20,12000,Warehouse_North,903,3
2024-12-10,1,12,Pune,Medicines,136,200,Warehouse_West,394,1
2024-12-10,1,12,Hyderabad,Electronics,54,8500,Warehouse_West,845,1
2024-12-10,1,12,Hyderabad,Groceries,209,150,Warehouse_North,298,2
2024-12-10,1,12,Hyderabad,Clothing,76,800,Warehouse_West,774,3
2024-12-10,1,12,Hyderabad,Furniture,22,12000,Warehouse_North,451,2
2024-12-10,1,12,Hyderabad,Medicines,128,200,Warehouse_West,309,1
2024-12-11,2,12,Mumbai,Electronics,75,8500,Warehouse_North,810,3
2024-12-11,2,12,Mumbai,Groceries,304,150,Warehouse_South,607,3
2024-12-11,2,12,Mumbai,Clothing,125,800,Warehouse_North,857,1
2024-12-11,2,12,Mumbai,Furniture,29,12000,Warehouse_South,219,3
2024-12-11,2,12,Mumbai,Medicines,244,200,Warehouse_West,302,2
2024-12-11,2,12,Delhi,Electronics,67,8500,Warehouse_North,518,3
2024-12-11,2,12,Delhi,Groceries,284,150,Warehouse_North,289,4
2024-12-11,2,12,Delhi,Clothing,116,800,Warehouse_North,643,1
2024-12-11,2,12,Delhi,Furniture,28,12000,Warehouse_South,960,3
2024-12-11,2,12,Delhi,Medicines,228,200,Warehouse_South,890,1
2024-12-11,2,12,Bangalore,Electronics,55,8500,Warehouse_North,267,1
2024-12-11,2,12,Bangalore,Groceries,264,150,Warehouse_South,851,1
2024-12-11,2,12,Bangalore,Clothing,105,800,Warehouse_North,964,1
2024-12-11,2,12,Bangalore,Furniture,26,12000,Warehouse_North,224,4
2024-12-11,2,12,Bangalore,Medicines,175,200,Warehouse_South,455,1
2024-12-11,2,12,Chennai,Electronics,47,8500,Warehouse_South,674,3
2024-12-11,2,12,Chennai,Groceries,162,150,Warehouse_South,780,3
2024-12-11,2,12,Chennai,Clothing,91,800,Warehouse_West,956,2
2024-12-11,2,12,Chennai,Furniture,17,12000,Warehouse_North,201,1
2024-12-11,2,12,Chennai,Medicines,187,200,Warehouse_West,219,1
2024-12-11,2,12,Pune,Electronics,41,8500,Warehouse_South,352,4
2024-12-11,2,12,Pune,Groceries,215,150,Warehouse_North,421,3
2024-12-11,2,12,Pune,Clothing,73,800,Warehouse_South,975,3
2024-12-11,2,12,Pune,Furniture,17,12000,Warehouse_North,935,1
2024-12-11,2,12,Pune,Medicines,140,200,Warehouse_North,755,3
2024-12-11,2,12,Hyderabad,Electronics,43,8500,Warehouse_North,726,1
2024-12-11,2,12,Hyderabad,Groceries,202,150,Warehouse_North,960,2
2024-12-11,2,12,Hyderabad,Clothing,79,800,Warehouse_West,820,4
2024-12-11,2,12,Hyderabad,Furniture,19,12000,Warehouse_West,724,4
2024-12-11,2,12,Hyderabad,Medicines,148,200,Warehouse_North,384,2
2024-12-12,3,12,Mumbai,Electronics,64,8500,Warehouse_North,643,1
2024-12-12,3,12,Mumbai,Groceries,293,150,Warehouse_North,568,2
2024-12-12,3,12,Mumbai,Clothing,122,800,Warehouse_North,907,1
2024-12-12,3,12,Mumbai,Furniture,28,12000,Warehouse_North,463,1
2024-12-12,3,12,Mumbai,Medicines,231,200,Warehouse_North,867,2
2024-12-12,3,12,Delhi,Electronics,61,8500,Warehouse_South,631,2
2024-12-12,3,12,Delhi,Groceries,281,150,Warehouse_North,458,3
2024-12-12,3,12,Delhi,Clothing,120,800,Warehouse_North,870,1
2024-12-12,3,12,Delhi,Furniture,29,12000,Warehouse_South,429,3
2024-12-12,3,12,Delhi,Medicines,170,200,Warehouse_North,392,4
2024-12-12,3,12,Bangalore,Electronics,57,8500,Warehouse_South,841,3
2024-12-12,3,12,Bangalore,Groceries,302,150,Warehouse_North,827,2
2024-12-12,3,12,Bangalore,Clothing,103,800,Warehouse_South,495,3
2024-12-12,3,12,Bangalore,Furniture,24,12000,Warehouse_North,578,2
2024-12-12,3,12,Bangalore,Medicines,167,200,Warehouse_South,755,4
2024-12-12,3,12,Chennai,Electronics,53,8500,Warehouse_South,427,1
2024-12-12,3,12,Chennai,Groceries,192,150,Warehouse_West,205,3
2024-12-12,3,12,Chennai,Clothing,79,800,Warehouse_West,779,2
2024-12-12,3,12,Chennai,Furniture,27,12000,Warehouse_North,883,2
2024-12-12,3,12,Chennai,Medicines,184,200,Warehouse_West,445,4
2024-12-12,3,12,Pune,Electronics,38,8500,Warehouse_South,856,3
2024-12-12,3,12,Pune,Groceries,217,150,Warehouse_West,331,4
2024-12-12,3,12,Pune,Clothing,79,800,Warehouse_South,759,4
2024-12-12,3,12,Pune,Furniture,22,12000,Warehouse_South,974,3
2024-12-12,3,12,Pune,Medicines,142,200,Warehouse_South,875,3
2024-12-12,3,12,Hyderabad,Electronics,52,8500,Warehouse_South,267,2
2024-12-12,3,12,Hyderabad,Groceries,174,150,Warehouse_South,498,4
2024-12-12,3,12,Hyderabad,Clothing,77,800,Warehouse_North,428,4
2024-12-12,3,12,Hyderabad,Furniture,21,12000,Warehouse_North,905,3
2024-12-12,3,12,Hyderabad,Medicines,130,200,Warehouse_South,677,3
2024-12-13,4,12,Mumbai,Electronics,64,8500,Warehouse_North,775,4
2024-12-13,4,12,Mumbai,Groceries,305,150,Warehouse_West,581,2
2024-12-13,4,12,Mumbai,Clothing,136,800,Warehouse_North,834,3
2024-12-13,4,12,Mumbai,Furniture,32,12000,Warehouse_West,875,1
2024-12-13,4,12,Mumbai,Medicines,234,200,Warehouse_South,672,3
2024-12-13,4,12,Delhi,Electronics,55,8500,Warehouse_West,571,1
2024-12-13,4,12,Delhi,Groceries,248,150,Warehouse_West,812,4
2024-12-13,4,12,Delhi,Clothing,113,800,Warehouse_West,834,3
2024-12-13,4,12,Delhi,Furniture,27,12000,Warehouse_North,322,4
2024-12-13,4,12,Delhi,Medicines,143,200,Warehouse_South,536,2
2024-12-13,4,12,Bangalore,Electronics,53,8500,Warehouse_South,955,4
2024-12-13,4,12,Bangalore,Groceries,225,150,Warehouse_North,783,3
2024-12-13,4,12,Bangalore,Clothing,93,800,Warehouse_North,522,1
2024-12-13,4,12,Bangalore,Furniture,28,12000,Warehouse_West,779,3
2024-12-13,4,12,Bangalore,Medicines,240,200,Warehouse_North,653,4
2024-12-13,4,12,Chennai,Electronics,53,8500,Warehouse_North,933,3
2024-12-13,4,12,Chennai,Groceries,251,150,Warehouse_North,420,3
2024-12-13,4,12,Chennai,Clothing,91,800,Warehouse_West,666,2
2024-12-13,4,12,Chennai,Furniture,25,12000,Warehouse_West,919,4
2024-12-13,4,12,Chennai,Medicines,131,200,Warehouse_West,487,1
2024-12-13,4,12,Pune,Electronics,35,8500,Warehouse_South,832,4
2024-12-13,4,12,Pune,Groceries,170,150,Warehouse_South,527,3
2024-12-13,4,12,Pune,Clothing,69,800,Warehouse_West,278,1
2024-12-13,4,12,Pune,Furniture,15,12000,Warehouse_South,830,2
2024-12-13,4,12,Pune,Medicines,176,200,Warehouse_West,970,1
2024-12-13,4,12,Hyderabad,Electronics,31,8500,Warehouse_West,521,1
2024-12-13,4,12,Hyderabad,Groceries,204,150,Warehouse_West,893,2
2024-12-13,4,12,Hyderabad,Clothing,73,800,Warehouse_West,530,3
2024-12-13,4,12,Hyderabad,Furniture,19,12000,Warehouse_South,634,2
2024-12-13,4,12,Hyderabad,Medicines,135,200,Warehouse_South,597,2
2024-12-14,5,12,Mumbai,Electronics,92,8500,Warehouse_West,710,2
2024-12-14,5,12,Mumbai,Groceries,405,150,Warehouse_West,635,2
2024-12-14,5,12,Mumbai,Clothing,155,800,Warehouse_South,780,1
2024-12-14,5,12,Mumbai,Furniture,37,12000,Warehouse_West,769,4
2024-12-14,5,12,Mumbai,Medicines,292,200,Warehouse_West,468,4
2024-12-14,5,12,Delhi,Electronics,86,8500,Warehouse_South,577,3
2024-12-14,5,12,Delhi,Groceries,436,150,Warehouse_North,265,2
2024-12-14,5,12,Delhi,Clothing,148,800,Warehouse_West,458,3
2024-12-14,5,12,Delhi,Furniture,41,12000,Warehouse_West,250,1
2024-12-14,5,12,Delhi,Medicines,306,200,Warehouse_South,242,4
2024-12-14,5,12,Bangalore,Electronics,80,8500,Warehouse_South,710,2
2024-12-14,5,12,Bangalore,Groceries,322,150,Warehouse_North,571,3
2024-12-14,5,12,Bangalore,Clothing,161,800,Warehouse_West,883,3
2024-12-14,5,12,Bangalore,Furniture,36,12000,Warehouse_South,943,3
2024-12-14,5,12,Bangalore,Medicines,277,200,Warehouse_North,493,1
2024-12-14,5,12,Chennai,Electronics,58,8500,Warehouse_North,490,3
2024-12-14,5,12,Chennai,Groceries,298,150,Warehouse_West,463,1
2024-12-14,5,12,Chennai,Clothing,139,800,Warehouse_West,720,4
2024-12-14,5,12,Chennai,Furniture,28,12000,Warehouse_South,925,3
2024-12-14,5,12,Chennai,Medicines,264,200,Warehouse_West,417,1
2024-12-14,5,12,Pune,Electronics,69,8500,Warehouse_North,545,1
2024-12-14,5,12,Pune,Groceries,343,150,Warehouse_South,896,4
2024-12-14,5,12,Pune,Clothing,118,800,Warehouse_North,477,1
2024-12-14,5,12,Pune,Furniture,34,12000,Warehouse_South,821,4
2024-12-14,5,12,Pune,Medicines,215,200,Warehouse_South,811,1
2024-12-14,5,12,Hyderabad,Electronics,55,8500,Warehouse_North,632,4
2024-12-14,5,12,Hyderabad,Groceries,223,150,Warehouse_North,295,4
2024-12-14,5,12,Hyderabad,Clothing,108,800,Warehouse_North,574,2
2024-12-14,5,12,Hyderabad,Furniture,27,12000,Warehouse_South,516,2
2024-12-14,5,12,Hyderabad,Medicines,152,200,Warehouse_South,321,3
2024-12-15,6,12,Mumbai,Electronics,94,8500,Warehouse_West,720,4
2024-12-15,6,12,Mumbai,Groceries,377,150,Warehouse_West,873,4
2024-12-15,6,12,Mumbai,Clothing,163,800,Warehouse_South,778,2
2024-12-15,6,12,Mumbai,Furniture,43,12000,Warehouse_South,853,4
2024-12-15,6,12,Mumbai,Medicines,312,200,Warehouse_South,494,3
2024-12-15,6,12,Delhi,Electronics,83,8500,Warehouse_North,686,4
2024-12-15,6,12,Delhi,Groceries,379,150,Warehouse_North,634,3
2024-12-15,6,12,Delhi,Clothing,157,800,Warehouse_North,447,2
2024-12-15,6,12,Delhi,Furniture,42,12000,Warehouse_West,960,3
2024-12-15,6,12,Delhi,Medicines,274,200,Warehouse_West,775,4
2024-12-15,6,12,Bangalore,Electronics,93,8500,Warehouse_West,347,1
2024-12-15,6,12,Bangalore,Groceries,346,150,Warehouse_West,464,1
2024-12-15,6,12,Bangalore,Clothing,151,800,Warehouse_West,516,3
2024-12-15,6,12,Bangalore,Furniture,36,12000,Warehouse_North,427,2
2024-12-15,6,12,Bangalore,Medicines,324,200,Warehouse_North,426,1
2024-12-15,6,12,Chennai,Electronics,59,8500,Warehouse_South,461,2
2024-12-15,6,12,Chennai,Groceries,289,150,Warehouse_North,297,4
2024-12-15,6,12,Chennai,Clothing,126,800,Warehouse_West,616,1
2024-12-15,6,12,Chennai,Furniture,27,12000,Warehouse_West,639,3
2024-12-15,6,12,Chennai,Medicines,266,200,Warehouse_North,457,4
2024-12-15,6,12,Pune,Electronics,68,8500,Warehouse_South,945,3
2024-12-15,6,12,Pune,Groceries,323,150,Warehouse_West,571,2
2024-12-15,6,12,Pune,Clothing,125,800,Warehouse_South,628,4
2024-12-15,6,12,Pune,Furniture,24,12000,Warehouse_North,901,4
2024-12-15,6,12,Pune,Medicines,193,200,Warehouse_North,668,2
2024-12-15,6,12,Hyderabad,Electronics,61,8500,Warehouse_West,730,2
2024-12-15,6,12,Hyderabad,Groceries,251,150,Warehouse_North,216,3
2024-12-15,6,12,Hyderabad,Clothing,121,800,Warehouse_South,500,4
2024-12-15,6,12,Hyderabad,Furniture,30,12000,Warehouse_South,312,2
2024-12-15,6,12,Hyderabad,Medicines,205,200,Warehouse_South,207,1
2024-12-16,0,12,Mumbai,Electronics,67,8500,Warehouse_South,433,1
2024-12-16,0,12,Mumbai,Groceries,306,150,Warehouse_West,325,2
2024-12-16,0,12,Mumbai,Clothing,131,800,Warehouse_South,759,3
2024-12-16,0,12,Mumbai,Furniture,30,12000,Warehouse_South,766,4
2024-12-16,0,12,Mumbai,Medicines,236,200,Warehouse_South,651,1
2024-12-16,0,12,Delhi,Electronics,59,8500,Warehouse_South,321,1
2024-12-16,0,12,Delhi,Groceries,381,150,Warehouse_North,984,1
2024-12-16,0,12,Delhi,Clothing,115,800,Warehouse_South,609,2
2024-12-16,0,12,Delhi,Furniture,26,12000,Warehouse_South,715,2
2024-12-16,0,12,Delhi,Medicines,207,200,Warehouse_North,255,1
2024-12-16,0,12,Bangalore,Electronics,61,8500,Warehouse_West,669,1
2024-12-16,0,12,Bangalore,Groceries,221,150,Warehouse_North,712,2
2024-12-16,0,12,Bangalore,Clothing,109,800,Warehouse_West,483,1
2024-12-16,0,12,Bangalore,Furniture,23,12000,Warehouse_West,587,1
2024-12-16,0,12,Bangalore,Medicines,211,200,Warehouse_South,375,1
2024-12-16,0,12,Chennai,Electronics,52,8500,Warehouse_North,989,3
2024-12-16,0,12,Chennai,Groceries,237,150,Warehouse_North,595,4
2024-12-16,0,12,Chennai,Clothing,97,800,Warehouse_South,726,3
2024-12-16,0,12,Chennai,Furniture,18,12000,Warehouse_West,555,1
2024-12-16,0,12,Chennai,Medicines,164,200,Warehouse_North,739,3
2024-12-16,0,12,Pune,Electronics,47,8500,Warehouse_South,260,3
2024-12-16,0,12,Pune,Groceries,188,150,Warehouse_North,346,3
2024-12-16,0,12,Pune,Clothing,82,800,Warehouse_North,873,1
2024-12-16,0,12,Pune,Furniture,17,12000,Warehouse_South,954,3
2024-12-16,0,12,Pune,Medicines,164,200,Warehouse_West,912,3
2024-12-16,0,12,Hyderabad,Electronics,58,8500,Warehouse_West,742,2
2024-12-16,0,12,Hyderabad,Groceries,202,150,Warehouse_South,325,2
2024-12-16,0,12,Hyderabad,Clothing,70,800,Warehouse_West,874,2
2024-12-16,0,12,Hyderabad,Furniture,23,12000,Warehouse_North,806,2
2024-12-16,0,12,Hyderabad,Medicines,128,200,Warehouse_North,549,4
2024-12-17,1,12,Mumbai,Electronics,71,8500,Warehouse_North,696,4
2024-12-17,1,12,Mumbai,Groceries,327,150,Warehouse_North,873,1
2024-12-17,1,12,Mumbai,Clothing,104,800,Warehouse_South,348,4
2024-12-17,1,12,Mumbai,Furniture,29,12000,Warehouse_North,398,4
2024-12-17,1,12,Mumbai,Medicines,230,200,Warehouse_North,307,3
2024-12-17,1,12,Delhi,Electronics,66,8500,Warehouse_North,279,1
2024-12-17,1,12,Delhi,Groceries,278,150,Warehouse_South,819,3
2024-12-17,1,12,Delhi,Clothing,114,800,Warehouse_South,515,4
2024-12-17,1,12,Delhi,Furniture,29,12000,Warehouse_South,664,4
2024-12-17,1,12,Delhi,Medicines,187,200,Warehouse_South,551,2
2024-12-17,1,12,Bangalore,Electronics,49,8500,Warehouse_South,419,3
2024-12-17,1,12,Bangalore,Groceries,243,150,Warehouse_West,584,4
2024-12-17,1,12,Bangalore,Clothing,120,800,Warehouse_South,697,4
2024-12-17,1,12,Bangalore,Furniture,21,12000,Warehouse_West,584,1
2024-12-17,1,12,Bangalore,Medicines,214,200,Warehouse_North,566,4
2024-12-17,1,12,Chennai,Electronics,50,8500,Warehouse_North,366,2
2024-12-17,1,12,Chennai,Groceries,189,150,Warehouse_South,404,3
2024-12-17,1,12,Chennai,Clothing,81,800,Warehouse_West,961,4
2024-12-17,1,12,Chennai,Furniture,21,12000,Warehouse_South,451,2
2024-12-17,1,12,Chennai,Medicines,209,200,Warehouse_West,406,4
2024-12-17,1,12,Pune,Electronics,50,8500,Warehouse_South,886,1
2024-12-17,1,12,Pune,Groceries,206,150,Warehouse_South,647,2
2024-12-17,1,12,Pune,Clothing,72,800,Warehouse_South,264,3
2024-12-17,1,12,Pune,Furniture,21,12000,Warehouse_North,903,3
2024-12-17,1,12,Pune,Medicines,143,200,Warehouse_West,205,1
2024-12-17,1,12,Hyderabad,Electronics,51,8500,Warehouse_West,913,1
2024-12-17,1,12,Hyderabad,Groceries,209,150,Warehouse_South,539,3
2024-12-17,1,12,Hyderabad,Clothing,80,800,Warehouse_South,279,2
2024-12-17,1,12,Hyderabad,Furniture,17,12000,Warehouse_North,751,4
2024-12-17,1,12,Hyderabad,Medicines,132,200,Warehouse_South,770,4
2024-12-18,2,12,Mumbai,Electronics,72,8500,Warehouse_West,256,1
2024-12-18,2,12,Mumbai,Groceries,309,150,Warehouse_North,419,1
2024-12-18,2,12,Mumbai,Clothing,114,800,Warehouse_West,775,2
2024-12-18,2,12,Mumbai,Furniture,35,12000,Warehouse_North,686,2
2024-12-18,2,12,Mumbai,Medicines,213,200,Warehouse_North,604,2
2024-12-18,2,12,Delhi,Electronics,66,8500,Warehouse_North,747,1
2024-12-18,2,12,Delhi,Groceries,309,150,Warehouse_West,239,1
2024-12-18,2,12,Delhi,Clothing,117,800,Warehouse_South,506,1
2024-12-18,2,12,Delhi,Furniture,25,12000,Warehouse_South,403,3
2024-12-18,2,12,Delhi,Medicines,235,200,Warehouse_West,572,1
2024-12-18,2,12,Bangalore,Electronics,59,8500,Warehouse_North,708,1
2024-12-18,2,12,Bangalore,Groceries,286,150,Warehouse_North,807,2
2024-12-18,2,12,Bangalore,Clothing,93,800,Warehouse_West,237,1
2024-12-18,2,12,Bangalore,Furniture,28,12000,Warehouse_South,441,3
2024-12-18,2,12,Bangalore,Medicines,214,200,Warehouse_South,676,1
2024-12-18,2,12,Chennai,Electronics,56,8500,Warehouse_West,635,1
2024-12-18,2,12,Chennai,Groceries,190,150,Warehouse_West,787,2
2024-12-18,2,12,Chennai,Clothing,74,800,Warehouse_South,289,4
2024-12-18,2,12,Chennai,Furniture,19,12000,Warehouse_South,769,1
2024-12-18,2,12,Chennai,Medicines,139,200,Warehouse_South,822,2
2024-12-18,2,12,Pune,Electronics,44,8500,Warehouse_West,385,1
2024-12-18,2,12,Pune,Groceries,186,150,Warehouse_North,373,4
2024-12-18,2,12,Pune,Clothing,93,800,Warehouse_South,786,4
2024-12-18,2,12,Pune,Furniture,14,12000,Warehouse_West,803,2
2024-12-18,2,12,Pune,Medicines,135,200,Warehouse_North,917,3
2024-12-18,2,12,Hyderabad,Electronics,31,8500,Warehouse_West,830,3
2024-12-18,2,12,Hyderabad,Groceries,202,150,Warehouse_North,831,2
2024-12-18,2,12,Hyderabad,Clothing,74,800,Warehouse_South,898,4
2024-12-18,2,12,Hyderabad,Furniture,17,12000,Warehouse_North,495,4
2024-12-18,2,12,Hyderabad,Medicines,160,200,Warehouse_South,542,4
2024-12-19,3,12,Mumbai,Electronics,60,8500,Warehouse_South,201,1
2024-12-19,3,12,Mumbai,Groceries,286,150,Warehouse_South,549,3
2024-12-19,3,12,Mumbai,Clothing,123,800,Warehouse_South,424,4
2024-12-19,3,12,Mumbai,Furniture,26,12000,Warehouse_West,485,1
2024-12-19,3,12,Mumbai,Medicines,207,200,Warehouse_North,870,2
2024-12-19,3,12,Delhi,Electronics,63,8500,Warehouse_North,891,2
2024-12-19,3,12,Delhi,Groceries,215,150,Warehouse_West,726,4
2024-12-19,3,12,Delhi,Clothing,117,800,Warehouse_South,245,2
2024-12-19,3,12,Delhi,Furniture,26,12000,Warehouse_West,484,4
2024-12-19,3,12,Delhi,Medicines,226,200,Warehouse_South,675,1
2024-12-19,3,12,Bangalore,Electronics,54,8500,Warehouse_North,811,2
2024-12-19,3,12,Bangalore,Groceries,252,150,Warehouse_North,738,1
2024-12-19,3,12,Bangalore,Clothing,100,800,Warehouse_North,386,4
2024-12-19,3,12,Bangalore,Furniture,25,12000,Warehouse_South,869,3
2024-12-19,3,12,Bangalore,Medicines,228,200,Warehouse_South,562,4
2024-12-19,3,12,Chennai,Electronics,57,8500,Warehouse_West,967,2
2024-12-19,3,12,Chennai,Groceries,228,150,Warehouse_South,959,1
2024-12-19,3,12,Chennai,Clothing,83,800,Warehouse_South,409,4
2024-12-19,3,12,Chennai,Furniture,20,12000,Warehouse_North,379,4
2024-12-19,3,12,Chennai,Medicines,222,200,Warehouse_North,953,4
2024-12-19,3,12,Pune,Electronics,48,8500,Warehouse_South,991,2
2024-12-19,3,12,Pune,Groceries,192,150,Warehouse_South,342,1
2024-12-19,3,12,Pune,Clothing,88,800,Warehouse_North,756,3
2024-12-19,3,12,Pune,Furniture,21,12000,Warehouse_South,306,3
2024-12-19,3,12,Pune,Medicines,164,200,Warehouse_South,982,1
2024-12-19,3,12,Hyderabad,Electronics,38,8500,Warehouse_South,382,2
2024-12-19,3,12,Hyderabad,Groceries,197,150,Warehouse_North,741,2
2024-12-19,3,12,Hyderabad,Clothing,89,800,Warehouse_South,844,4
2024-12-19,3,12,Hyderabad,Furniture,16,12000,Warehouse_South,324,4
2024-12-19,3,12,Hyderabad,Medicines,162,200,Warehouse_North,333,4
2024-12-20,4,12,Mumbai,Electronics,62,8500,Warehouse_South,919,2
2024-12-20,4,12,Mumbai,Groceries,294,150,Warehouse_West,521,1
2024-12-20,4,12,Mumbai,Clothing,148,800,Warehouse_South,952,1
2024-12-20,4,12,Mumbai,Furniture,22,12000,Warehouse_South,851,1
2024-12-20,4,12,Mumbai,Medicines,214,200,Warehouse_South,572,2
2024-12-20,4,12,Delhi,Electronics,64,8500,Warehouse_South,931,1
2024-12-20,4,12,Delhi,Groceries,226,150,Warehouse_South,979,1
2024-12-20,4,12,Delhi,Clothing,114,800,Warehouse_North,481,4
2024-12-20,4,12,Delhi,Furniture,26,12000,Warehouse_North,653,1
2024-12-20,4,12,Delhi,Medicines,196,200,Warehouse_North,642,2
2024-12-20,4,12,Bangalore,Electronics,52,8500,Warehouse_South,550,3
2024-12-20,4,12,Bangalore,Groceries,277,150,Warehouse_North,889,2
2024-12-20,4,12,Bangalore,Clothing,98,800,Warehouse_North,202,4
2024-12-20,4,12,Bangalore,Furniture,22,12000,Warehouse_South,626,4
2024-12-20,4,12,Bangalore,Medicines,173,200,Warehouse_South,802,2
2024-12-20,4,12,Chennai,Electronics,52,8500,Warehouse_West,731,3
2024-12-20,4,12,Chennai,Groceries,217,150,Warehouse_North,828,4
2024-12-20,4,12,Chennai,Clothing,61,800,Warehouse_North,544,4
2024-12-20,4,12,Chennai,Furniture,21,12000,Warehouse_South,830,1
2024-12-20,4,12,Chennai,Medicines,180,200,Warehouse_North,877,1
2024-12-20,4,12,Pune,Electronics,42,8500,Warehouse_South,691,1
2024-12-20,4,12,Pune,Groceries,213,150,Warehouse_South,982,1
2024-12-20,4,12,Pune,Clothing,75,800,Warehouse_West,287,2
2024-12-20,4,12,Pune,Furniture,22,12000,Warehouse_West,740,4
2024-12-20,4,12,Pune,Medicines,125,200,Warehouse_South,738,1
2024-12-20,4,12,Hyderabad,Electronics,53,8500,Warehouse_West,640,2
2024-12-20,4,12,Hyderabad,Groceries,182,150,Warehouse_West,867,1
2024-12-20,4,12,Hyderabad,Clothing,43,800,Warehouse_South,378,3
2024-12-20,4,12,Hyderabad,Furniture,19,12000,Warehouse_South,516,2
2024-12-20,4,12,Hyderabad,Medicines,165,200,Warehouse_South,651,4
2024-12-21,5,12,Mumbai,Electronics,81,8500,Warehouse_North,903,1
2024-12-21,5,12,Mumbai,Groceries,424,150,Warehouse_West,980,1
2024-12-21,5,12,Mumbai,Clothing,163,800,Warehouse_West,815,4
2024-12-21,5,12,Mumbai,Furniture,43,12000,Warehouse_North,290,2
2024-12-21,5,12,Mumbai,Medicines,303,200,Warehouse_West,278,1
2024-12-21,5,12,Delhi,Electronics,79,8500,Warehouse_South,883,3
2024-12-21,5,12,Delhi,Groceries,407,150,Warehouse_West,765,3
2024-12-21,5,12,Delhi,Clothing,158,800,Warehouse_West,385,2
2024-12-21,5,12,Delhi,Furniture,36,12000,Warehouse_South,932,3
2024-12-21,5,12,Delhi,Medicines,257,200,Warehouse_South,420,4
2024-12-21,5,12,Bangalore,Electronics,74,8500,Warehouse_North,970,2
2024-12-21,5,12,Bangalore,Groceries,369,150,Warehouse_North,528,4
2024-12-21,5,12,Bangalore,Clothing,161,800,Warehouse_South,444,1
2024-12-21,5,12,Bangalore,Furniture,33,12000,Warehouse_West,969,1
2024-12-21,5,12,Bangalore,Medicines,262,200,Warehouse_West,453,3
2024-12-21,5,12,Chennai,Electronics,60,8500,Warehouse_North,712,2
2024-12-21,5,12,Chennai,Groceries,322,150,Warehouse_North,226,4
2024-12-21,5,12,Chennai,Clothing,103,800,Warehouse_South,505,4
2024-12-21,5,12,Chennai,Furniture,31,12000,Warehouse_South,301,3
2024-12-21,5,12,Chennai,Medicines,212,200,Warehouse_North,970,4
2024-12-21,5,12,Pune,Electronics,56,8500,Warehouse_North,679,4
2024-12-21,5,12,Pune,Groceries,338,150,Warehouse_West,889,3
2024-12-21,5,12,Pune,Clothing,103,800,Warehouse_North,353,1
2024-12-21,5,12,Pune,Furniture,24,12000,Warehouse_South,541,3
2024-12-21,5,12,Pune,Medicines,176,200,Warehouse_North,267,1
2024-12-21,5,12,Hyderabad,Electronics,54,8500,Warehouse_South,833,4
2024-12-21,5,12,Hyderabad,Groceries,220,150,Warehouse_South,842,3
2024-12-21,5,12,Hyderabad,Clothing,112,800,Warehouse_North,687,4
2024-12-21,5,12,Hyderabad,Furniture,22,12000,Warehouse_West,779,4
2024-12-21,5,12,Hyderabad,Medicines,210,200,Warehouse_North,391,4
2024-12-22,6,12,Mumbai,Electronics,103,8500,Warehouse_North,654,3
2024-12-22,6,12,Mumbai,Groceries,417,150,Warehouse_West,258,1
2024-12-22,6,12,Mumbai,Clothing,170,800,Warehouse_North,691,1
2024-12-22,6,12,Mumbai,Furniture,42,12000,Warehouse_South,777,2
2024-12-22,6,12,Mumbai,Medicines,322,200,Warehouse_South,323,4
2024-12-22,6,12,Delhi,Electronics,91,8500,Warehouse_South,252,2
2024-12-22,6,12,Delhi,Groceries,390,150,Warehouse_South,589,1
2024-12-22,6,12,Delhi,Clothing,162,800,Warehouse_West,316,2
2024-12-22,6,12,Delhi,Furniture,38,12000,Warehouse_South,860,4
2024-12-22,6,12,Delhi,Medicines,272,200,Warehouse_South,348,1
2024-12-22,6,12,Bangalore,Electronics,88,8500,Warehouse_West,930,1
2024-12-22,6,12,Bangalore,Groceries,341,150,Warehouse_South,900,4
2024-12-22,6,12,Bangalore,Clothing,132,800,Warehouse_West,289,4
2024-12-22,6,12,Bangalore,Furniture,43,12000,Warehouse_North,424,2
2024-12-22,6,12,Bangalore,Medicines,257,200,Warehouse_West,434,2
2024-12-22,6,12,Chennai,Electronics,67,8500,Warehouse_North,588,2
2024-12-22,6,12,Chennai,Groceries,291,150,Warehouse_South,238,4
2024-12-22,6,12,Chennai,Clothing,120,800,Warehouse_South,820,2
2024-12-22,6,12,Chennai,Furniture,33,12000,Warehouse_West,530,1
2024-12-22,6,12,Chennai,Medicines,206,200,Warehouse_West,311,2
2024-12-22,6,12,Pune,Electronics,60,8500,Warehouse_South,613,1
2024-12-22,6,12,Pune,Groceries,241,150,Warehouse_North,323,2
2024-12-22,6,12,Pune,Clothing,135,800,Warehouse_West,323,2
2024-12-22,6,12,Pune,Furniture,31,12000,Warehouse_West,811,4
2024-12-22,6,12,Pune,Medicines,184,200,Warehouse_North,655,1
2024-12-22,6,12,Hyderabad,Electronics,66,8500,Warehouse_South,905,3
2024-12-22,6,12,Hyderabad,Groceries,291,150,Warehouse_North,690,1
2024-12-22,6,12,Hyderabad,Clothing,120,800,Warehouse_West,629,4
2024-12-22,6,12,Hyderabad,Furniture,30,12000,Warehouse_West,391,3
2024-12-22,6,12,Hyderabad,Medicines,216,200,Warehouse_West,960,4
2024-12-23,0,12,Mumbai,Electronics,66,8500,Warehouse_South,818,1
2024-12-23,0,12,Mumbai,Groceries,297,150,Warehouse_South,624,4
2024-12-23,0,12,Mumbai,Clothing,135,800,Warehouse_West,396,1
2024-12-23,0,12,Mumbai,Furniture,29,12000,Warehouse_South,718,1
2024-12-23,0,12,Mumbai,Medicines,247,200,Warehouse_South,711,3
2024-12-23,0,12,Delhi,Electronics,64,8500,Warehouse_South,786,4
2024-12-23,0,12,Delhi,Groceries,284,150,Warehouse_West,366,1
2024-12-23,0,12,Delhi,Clothing,127,800,Warehouse_North,692,4
2024-12-23,0,12,Delhi,Furniture,28,12000,Warehouse_South,799,4
2024-12-23,0,12,Delhi,Medicines,213,200,Warehouse_North,461,3
2024-12-23,0,12,Bangalore,Electronics,52,8500,Warehouse_North,529,3
2024-12-23,0,12,Bangalore,Groceries,224,150,Warehouse_North,484,3
2024-12-23,0,12,Bangalore,Clothing,91,800,Warehouse_West,410,2
2024-12-23,0,12,Bangalore,Furniture,22,12000,Warehouse_South,663,3
2024-12-23,0,12,Bangalore,Medicines,206,200,Warehouse_West,368,1
2024-12-23,0,12,Chennai,Electronics,56,8500,Warehouse_North,938,4
2024-12-23,0,12,Chennai,Groceries,217,150,Warehouse_West,849,1
2024-12-23,0,12,Chennai,Clothing,87,800,Warehouse_North,950,3
2024-12-23,0,12,Chennai,Furniture,25,12000,Warehouse_North,813,3
2024-12-23,0,12,Chennai,Medicines,127,200,Warehouse_West,899,3
2024-12-23,0,12,Pune,Electronics,42,8500,Warehouse_West,821,4
2024-12-23,0,12,Pune,Groceries,185,150,Warehouse_South,990,2
2024-12-23,0,12,Pune,Clothing,67,800,Warehouse_South,530,2
2024-12-23,0,12,Pune,Furniture,19,12000,Warehouse_South,319,1
2024-12-23,0,12,Pune,Medicines,133,200,Warehouse_South,815,1
2024-12-23,0,12,Hyderabad,Electronics,43,8500,Warehouse_North,646,4
2024-12-23,0,12,Hyderabad,Groceries,230,150,Warehouse_South,721,3
2024-12-23,0,12,Hyderabad,Clothing,78,800,Warehouse_West,626,1
2024-12-23,0,12,Hyderabad,Furniture,17,12000,Warehouse_West,553,2
2024-12-23,0,12,Hyderabad,Medicines,195,200,Warehouse_North,643,1
2024-12-24,1,12,Mumbai,Electronics,76,8500,Warehouse_South,319,1
2024-12-24,1,12,Mumbai,Groceries,288,150,Warehouse_North,319,2
2024-12-24,1,12,Mumbai,Clothing,135,800,Warehouse_South,200,1
2024-12-24,1,12,Mumbai,Furniture,31,12000,Warehouse_North,721,4
2024-12-24,1,12,Mumbai,Medicines,233,200,Warehouse_West,361,2
2024-12-24,1,12,Delhi,Electronics,67,8500,Warehouse_South,620,4
2024-12-24,1,12,Delhi,Groceries,247,150,Warehouse_North,235,4
2024-12-24,1,12,Delhi,Clothing,95,800,Warehouse_South,313,1
2024-12-24,1,12,Delhi,Furniture,30,12000,Warehouse_South,291,3
2024-12-24,1,12,Delhi,Medicines,227,200,Warehouse_West,871,1
2024-12-24,1,12,Bangalore,Electronics,63,8500,Warehouse_West,496,2
2024-12-24,1,12,Bangalore,Groceries,263,150,Warehouse_West,687,2
2024-12-24,1,12,Bangalore,Clothing,97,800,Warehouse_West,554,3
2024-12-24,1,12,Bangalore,Furniture,29,12000,Warehouse_West,292,1
2024-12-24,1,12,Bangalore,Medicines,222,200,Warehouse_North,898,2
2024-12-24,1,12,Chennai,Electronics,67,8500,Warehouse_North,905,2
2024-12-24,1,12,Chennai,Groceries,213,150,Warehouse_West,878,3
2024-12-24,1,12,Chennai,Clothing,100,800,Warehouse_South,310,1
2024-12-24,1,12,Chennai,Furniture,21,12000,Warehouse_North,613,1
2024-12-24,1,12,Chennai,Medicines,196,200,Warehouse_South,904,2
2024-12-24,1,12,Pune,Electronics,38,8500,Warehouse_North,507,2
2024-12-24,1,12,Pune,Groceries,193,150,Warehouse_South,572,4
2024-12-24,1,12,Pune,Clothing,96,800,Warehouse_South,342,3
2024-12-24,1,12,Pune,Furniture,16,12000,Warehouse_West,494,1
2024-12-24,1,12,Pune,Medicines,119,200,Warehouse_South,233,2
2024-12-24,1,12,Hyderabad,Electronics,52,8500,Warehouse_West,951,1
2024-12-24,1,12,Hyderabad,Groceries,264,150,Warehouse_South,994,2
2024-12-24,1,12,Hyderabad,Clothing,70,800,Warehouse_South,629,4
2024-12-24,1,12,Hyderabad,Furniture,17,12000,Warehouse_North,279,2
2024-12-24,1,12,Hyderabad,Medicines,118,200,Warehouse_West,283,3
2024-12-25,2,12,Mumbai,Electronics,63,8500,Warehouse_South,625,4
2024-12-25,2,12,Mumbai,Groceries,283,150,Warehouse_South,861,3
2024-12-25,2,12,Mumbai,Clothing,124,800,Warehouse_North,838,1
2024-12-25,2,12,Mumbai,Furniture,27,12000,Warehouse_South,917,3
2024-12-25,2,12,Mumbai,Medicines,204,200,Warehouse_West,773,2
2024-12-25,2,12,Delhi,Electronics,70,8500,Warehouse_North,442,3
2024-12-25,2,12,Delhi,Groceries,276,150,Warehouse_North,454,1
2024-12-25,2,12,Delhi,Clothing,106,800,Warehouse_North,791,4
2024-12-25,2,12,Delhi,Furniture,27,12000,Warehouse_West,216,1
2024-12-25,2,12,Delhi,Medicines,206,200,Warehouse_West,345,2
2024-12-25,2,12,Bangalore,Electronics,68,8500,Warehouse_South,867,3
2024-12-25,2,12,Bangalore,Groceries,259,150,Warehouse_South,473,3
2024-12-25,2,12,Bangalore,Clothing,93,800,Warehouse_South,734,2
2024-12-25,2,12,Bangalore,Furniture,27,12000,Warehouse_South,377,1
2024-12-25,2,12,Bangalore,Medicines,225,200,Warehouse_North,934,3
2024-12-25,2,12,Chennai,Electronics,60,8500,Warehouse_North,668,3
2024-12-25,2,12,Chennai,Groceries,217,150,Warehouse_West,418,1
2024-12-25,2,12,Chennai,Clothing,72,800,Warehouse_South,874,4
2024-12-25,2,12,Chennai,Furniture,18,12000,Warehouse_North,373,1
2024-12-25,2,12,Chennai,Medicines,160,200,Warehouse_West,312,3
2024-12-25,2,12,Pune,Electronics,60,8500,Warehouse_South,696,1
2024-12-25,2,12,Pune,Groceries,217,150,Warehouse_West,727,1
2024-12-25,2,12,Pune,Clothing,53,800,Warehouse_South,507,4
2024-12-25,2,12,Pune,Furniture,18,12000,Warehouse_West,830,1
2024-12-25,2,12,Pune,Medicines,185,200,Warehouse_North,249,1
2024-12-25,2,12,Hyderabad,Electronics,43,8500,Warehouse_South,894,2
2024-12-25,2,12,Hyderabad,Groceries,241,150,Warehouse_South,525,4
2024-12-25,2,12,Hyderabad,Clothing,109,800,Warehouse_South,384,2
2024-12-25,2,12,Hyderabad,Furniture,15,12000,Warehouse_South,816,2
2024-12-25,2,12,Hyderabad,Medicines,135,200,Warehouse_South,384,2
2024-12-26,3,12,Mumbai,Electronics,68,8500,Warehouse_West,852,4
2024-12-26,3,12,Mumbai,Groceries,302,150,Warehouse_South,237,2
2024-12-26,3,12,Mumbai,Clothing,121,800,Warehouse_North,460,3
2024-12-26,3,12,Mumbai,Furniture,27,12000,Warehouse_West,307,1
2024-12-26,3,12,Mumbai,Medicines,191,200,Warehouse_North,912,2
2024-12-26,3,12,Delhi,Electronics,63,8500,Warehouse_West,826,3
2024-12-26,3,12,Delhi,Groceries,283,150,Warehouse_South,674,4
2024-12-26,3,12,Delhi,Clothing,100,800,Warehouse_West,379,1
2024-12-26,3,12,Delhi,Furniture,29,12000,Warehouse_West,467,1
2024-12-26,3,12,Delhi,Medicines,252,200,Warehouse_South,587,2
2024-12-26,3,12,Bangalore,Electronics,63,8500,Warehouse_North,641,1
2024-12-26,3,12,Bangalore,Groceries,246,150,Warehouse_South,377,3
2024-12-26,3,12,Bangalore,Clothing,106,800,Warehouse_West,737,2
2024-12-26,3,12,Bangalore,Furniture,28,12000,Warehouse_South,432,2
2024-12-26,3,12,Bangalore,Medicines,225,200,Warehouse_West,271,2
2024-12-26,3,12,Chennai,Electronics,49,8500,Warehouse_North,400,2
2024-12-26,3,12,Chennai,Groceries,230,150,Warehouse_South,594,4
2024-12-26,3,12,Chennai,Clothing,102,800,Warehouse_North,463,1
2024-12-26,3,12,Chennai,Furniture,19,12000,Warehouse_South,766,3
2024-12-26,3,12,Chennai,Medicines,162,200,Warehouse_North,849,3
2024-12-26,3,12,Pune,Electronics,46,8500,Warehouse_South,745,2
2024-12-26,3,12,Pune,Groceries,164,150,Warehouse_West,643,1
2024-12-26,3,12,Pune,Clothing,86,800,Warehouse_South,593,1
2024-12-26,3,12,Pune,Furniture,20,12000,Warehouse_North,765,3
2024-12-26,3,12,Pune,Medicines,134,200,Warehouse_North,520,4
2024-12-26,3,12,Hyderabad,Electronics,54,8500,Warehouse_South,607,3
2024-12-26,3,12,Hyderabad,Groceries,179,150,Warehouse_West,728,1
2024-12-26,3,12,Hyderabad,Clothing,98,800,Warehouse_North,722,4
2024-12-26,3,12,Hyderabad,Furniture,21,12000,Warehouse_South,576,3
2024-12-26,3,12,Hyderabad,Medicines,123,200,Warehouse_South,826,1
2024-12-27,4,12,Mumbai,Electronics,80,8500,Warehouse_South,921,4
2024-12-27,4,12,Mumbai,Groceries,314,150,Warehouse_South,740,4
2024-12-27,4,12,Mumbai,Clothing,130,800,Warehouse_South,870,2
2024-12-27,4,12,Mumbai,Furniture,25,12000,Warehouse_West,753,3
2024-12-27,4,12,Mumbai,Medicines,231,200,Warehouse_South,858,4
2024-12-27,4,12,Delhi,Electronics,55,8500,Warehouse_West,491,4
2024-12-27,4,12,Delhi,Groceries,287,150,Warehouse_South,581,1
2024-12-27,4,12,Delhi,Clothing,105,800,Warehouse_South,424,4
2024-12-27,4,12,Delhi,Furniture,22,12000,Warehouse_South,447,4
2024-12-27,4,12,Delhi,Medicines,218,200,Warehouse_West,735,1
2024-12-27,4,12,Bangalore,Electronics,53,8500,Warehouse_South,920,3
2024-12-27,4,12,Bangalore,Groceries,277,150,Warehouse_West,628,3
2024-12-27,4,12,Bangalore,Clothing,105,800,Warehouse_South,776,3
2024-12-27,4,12,Bangalore,Furniture,26,12000,Warehouse_South,896,2
2024-12-27,4,12,Bangalore,Medicines,175,200,Warehouse_South,943,1
2024-12-27,4,12,Chennai,Electronics,43,8500,Warehouse_North,377,1
2024-12-27,4,12,Chennai,Groceries,227,150,Warehouse_South,827,1
2024-12-27,4,12,Chennai,Clothing,87,800,Warehouse_North,326,4
2024-12-27,4,12,Chennai,Furniture,23,12000,Warehouse_North,378,4
2024-12-27,4,12,Chennai,Medicines,146,200,Warehouse_South,487,2
2024-12-27,4,12,Pune,Electronics,40,8500,Warehouse_North,374,4
2024-12-27,4,12,Pune,Groceries,196,150,Warehouse_South,820,1
2024-12-27,4,12,Pune,Clothing,83,800,Warehouse_West,596,3
2024-12-27,4,12,Pune,Furniture,20,12000,Warehouse_West,597,4
2024-12-27,4,12,Pune,Medicines,154,200,Warehouse_South,481,1
2024-12-27,4,12,Hyderabad,Electronics,44,8500,Warehouse_West,867,1
2024-12-27,4,12,Hyderabad,Groceries,173,150,Warehouse_South,707,4
2024-12-27,4,12,Hyderabad,Clothing,86,800,Warehouse_West,651,3
2024-12-27,4,12,Hyderabad,Furniture,24,12000,Warehouse_South,616,4
2024-12-27,4,12,Hyderabad,Medicines,129,200,Warehouse_South,697,4
2024-12-28,5,12,Mumbai,Electronics,98,8500,Warehouse_West,660,4
2024-12-28,5,12,Mumbai,Groceries,410,150,Warehouse_South,725,3
2024-12-28,5,12,Mumbai,Clothing,170,800,Warehouse_West,980,1
2024-12-28,5,12,Mumbai,Furniture,40,12000,Warehouse_South,386,2
2024-12-28,5,12,Mumbai,Medicines,301,200,Warehouse_West,627,4
2024-12-28,5,12,Delhi,Electronics,86,8500,Warehouse_West,317,1
2024-12-28,5,12,Delhi,Groceries,383,150,Warehouse_South,262,4
2024-12-28,5,12,Delhi,Clothing,161,800,Warehouse_North,533,4
2024-12-28,5,12,Delhi,Furniture,40,12000,Warehouse_West,980,3
2024-12-28,5,12,Delhi,Medicines,248,200,Warehouse_West,210,1
2024-12-28,5,12,Bangalore,Electronics,78,8500,Warehouse_South,465,4
2024-12-28,5,12,Bangalore,Groceries,352,150,Warehouse_South,537,2
2024-12-28,5,12,Bangalore,Clothing,135,800,Warehouse_South,397,1
2024-12-28,5,12,Bangalore,Furniture,36,12000,Warehouse_North,483,3
2024-12-28,5,12,Bangalore,Medicines,308,200,Warehouse_North,641,1
2024-12-28,5,12,Chennai,Electronics,57,8500,Warehouse_South,794,3
2024-12-28,5,12,Chennai,Groceries,312,150,Warehouse_North,259,4
2024-12-28,5,12,Chennai,Clothing,115,800,Warehouse_West,239,3
2024-12-28,5,12,Chennai,Furniture,34,12000,Warehouse_North,754,3
2024-12-28,5,12,Chennai,Medicines,238,200,Warehouse_West,415,1
2024-12-28,5,12,Pune,Electronics,57,8500,Warehouse_North,737,2
2024-12-28,5,12,Pune,Groceries,254,150,Warehouse_West,258,2
2024-12-28,5,12,Pune,Clothing,107,800,Warehouse_South,967,2
2024-12-28,5,12,Pune,Furniture,26,12000,Warehouse_South,276,3
2024-12-28,5,12,Pune,Medicines,225,200,Warehouse_North,557,1
2024-12-28,5,12,Hyderabad,Electronics,59,8500,Warehouse_South,703,2
2024-12-28,5,12,Hyderabad,Groceries,261,150,Warehouse_West,303,3
2024-12-28,5,12,Hyderabad,Clothing,121,800,Warehouse_North,326,4
2024-12-28,5,12,Hyderabad,Furniture,26,12000,Warehouse_South,328,2
2024-12-28,5,12,Hyderabad,Medicines,232,200,Warehouse_South,607,4
2024-12-29,6,12,Mumbai,Electronics,96,8500,Warehouse_South,466,1
2024-12-29,6,12,Mumbai,Groceries,444,150,Warehouse_North,957,3
2024-12-29,6,12,Mumbai,Clothing,168,800,Warehouse_West,614,3
2024-12-29,6,12,Mumbai,Furniture,35,12000,Warehouse_South,205,1
2024-12-29,6,12,Mumbai,Medicines,331,200,Warehouse_South,610,1
2024-12-29,6,12,Delhi,Electronics,85,8500,Warehouse_North,561,2
2024-12-29,6,12,Delhi,Groceries,382,150,Warehouse_South,999,3
2024-12-29,6,12,Delhi,Clothing,184,800,Warehouse_North,964,1
2024-12-29,6,12,Delhi,Furniture,39,12000,Warehouse_North,229,1
2024-12-29,6,12,Delhi,Medicines,306,200,Warehouse_South,716,2
2024-12-29,6,12,Bangalore,Electronics,86,8500,Warehouse_West,593,2
2024-12-29,6,12,Bangalore,Groceries,394,150,Warehouse_South,817,1
2024-12-29,6,12,Bangalore,Clothing,148,800,Warehouse_South,801,2
2024-12-29,6,12,Bangalore,Furniture,33,12000,Warehouse_North,757,4
2024-12-29,6,12,Bangalore,Medicines,257,200,Warehouse_West,261,3
2024-12-29,6,12,Chennai,Electronics,70,8500,Warehouse_South,333,1
2024-12-29,6,12,Chennai,Groceries,302,150,Warehouse_North,493,1
2024-12-29,6,12,Chennai,Clothing,121,800,Warehouse_West,670,4
2024-12-29,6,12,Chennai,Furniture,33,12000,Warehouse_West,547,4
2024-12-29,6,12,Chennai,Medicines,235,200,Warehouse_West,970,1
2024-12-29,6,12,Pune,Electronics,61,8500,Warehouse_West,481,4
2024-12-29,6,12,Pune,Groceries,249,150,Warehouse_South,201,1
2024-12-29,6,12,Pune,Clothing,109,800,Warehouse_South,710,2
2024-12-29,6,12,Pune,Furniture,26,12000,Warehouse_South,420,3
2024-12-29,6,12,Pune,Medicines,235,200,Warehouse_West,573,3
2024-12-29,6,12,Hyderabad,Electronics,63,8500,Warehouse_North,400,2
2024-12-29,6,12,Hyderabad,Groceries,250,150,Warehouse_West,264,2
2024-12-29,6,12,Hyderabad,Clothing,94,800,Warehouse_South,845,2
2024-12-29,6,12,Hyderabad,Furniture,26,12000,Warehouse_West,587,1
2024-12-29,6,12,Hyderabad,Medicines,193,200,Warehouse_North,626,3
2024-12-30,0,12,Mumbai,Electronics,64,8500,Warehouse_North,641,2
2024-12-30,0,12,Mumbai,Groceries,298,150,Warehouse_West,652,4
2024-12-30,0,12,Mumbai,Clothing,140,800,Warehouse_West,785,1
2024-12-30,0,12,Mumbai,Furniture,30,12000,Warehouse_West,981,2
2024-12-30,0,12,Mumbai,Medicines,203,200,Warehouse_South,294,1
2024-12-30,0,12,Delhi,Electronics,67,8500,Warehouse_North,335,1
2024-12-30,0,12,Delhi,Groceries,292,150,Warehouse_South,880,2
2024-12-30,0,12,Delhi,Clothing,103,800,Warehouse_South,792,4
2024-12-30,0,12,Delhi,Furniture,30,12000,Warehouse_South,547,3
2024-12-30,0,12,Delhi,Medicines,250,200,Warehouse_North,890,4
2024-12-30,0,12,Bangalore,Electronics,61,8500,Warehouse_South,714,2
2024-12-30,0,12,Bangalore,Groceries,238,150,Warehouse_South,386,2
2024-12-30,0,12,Bangalore,Clothing,95,800,Warehouse_West,611,1
2024-12-30,0,12,Bangalore,Furniture,24,12000,Warehouse_North,869,3
2024-12-30,0,12,Bangalore,Medicines,205,200,Warehouse_South,801,1
2024-12-30,0,12,Chennai,Electronics,52,8500,Warehouse_North,497,3
2024-12-30,0,12,Chennai,Groceries,281,150,Warehouse_South,706,1
2024-12-30,0,12,Chennai,Clothing,102,800,Warehouse_West,317,2
2024-12-30,0,12,Chennai,Furniture,23,12000,Warehouse_West,361,2
2024-12-30,0,12,Chennai,Medicines,146,200,Warehouse_West,619,4
2024-12-30,0,12,Pune,Electronics,51,8500,Warehouse_North,785,1
2024-12-30,0,12,Pune,Groceries,189,150,Warehouse_West,736,1
2024-12-30,0,12,Pune,Clothing,91,800,Warehouse_North,486,3
2024-12-30,0,12,Pune,Furniture,25,12000,Warehouse_South,929,3
2024-12-30,0,12,Pune,Medicines,175,200,Warehouse_North,979,1
2024-12-30,0,12,Hyderabad,Electronics,46,8500,Warehouse_North,464,1
2024-12-30,0,12,Hyderabad,Groceries,181,150,Warehouse_West,335,1
2024-12-30,0,12,Hyderabad,Clothing,99,800,Warehouse_South,228,3
2024-12-30,0,12,Hyderabad,Furniture,17,12000,Warehouse_West,693,3
2024-12-30,0,12,Hyderabad,Medicines,131,200,Warehouse_North,436,3
